2024-08-12 09:40:15,932 [Worker-2: Loading available Gradle versions] INFO  o.e.b.c.i.u.g.PublishedGradleVersions - Gradle version information cache is out-of-date. Trying to update.
2024-08-12 09:40:16,645 [Worker-2: Loading available Gradle versions] INFO  o.e.b.c.i.u.g.PublishedGradleVersions - Updating Gradle version information cache failed. Using outdated cache.
2024-08-12 13:52:28,743 [Worker-32: Loading available Gradle versions] INFO  o.e.b.c.i.u.g.PublishedGradleVersions - Gradle version information cache is out-of-date. Trying to update.
2024-08-12 13:52:28,828 [Worker-32: Loading available Gradle versions] INFO  o.e.b.c.i.u.g.PublishedGradleVersions - Updating Gradle version information cache failed. Using outdated cache.
2024-08-12 14:14:32,167 [Worker-6: Loading available Gradle versions] INFO  o.e.b.c.i.u.g.PublishedGradleVersions - Gradle version information cache is out-of-date. Trying to update.
2024-08-12 14:14:32,863 [Worker-6: Loading available Gradle versions] INFO  o.e.b.c.i.u.g.PublishedGradleVersions - Updating Gradle version information cache failed. Using outdated cache.
2024-08-12 23:51:23,339 [Worker-4: Loading available Gradle versions] INFO  o.e.b.c.i.u.g.PublishedGradleVersions - Gradle version information cache is out-of-date. Trying to update.
2024-08-12 23:51:24,063 [Worker-4: Loading available Gradle versions] INFO  o.e.b.c.i.u.g.PublishedGradleVersions - Updating Gradle version information cache failed. Using outdated cache.
2024-09-08 18:24:02,107 [Worker-4: Loading available Gradle versions] INFO  o.e.b.c.i.u.g.PublishedGradleVersions - Gradle version information cache is out-of-date. Trying to update.
2024-09-08 18:24:02,843 [Worker-4: Loading available Gradle versions] INFO  o.e.b.c.i.u.g.PublishedGradleVersions - Updating Gradle version information cache failed. Using outdated cache.
2024-09-12 19:07:01,169 [Worker-7: Loading available Gradle versions] INFO  o.e.b.c.i.u.g.PublishedGradleVersions - Gradle version information cache is out-of-date. Trying to update.
2024-09-12 19:07:01,798 [Worker-7: Loading available Gradle versions] INFO  o.e.b.c.i.u.g.PublishedGradleVersions - Updating Gradle version information cache failed. Using outdated cache.
2025-03-29 22:40:18,526 [Worker-7: Loading available Gradle versions] INFO  o.e.b.c.i.u.g.PublishedGradleVersions - Gradle version information cache is out-of-date. Trying to update.
2025-03-29 22:40:19,187 [Worker-7: Loading available Gradle versions] INFO  o.e.b.c.i.u.g.PublishedGradleVersions - Updating Gradle version information cache failed. Using outdated cache.
2025-04-20 21:23:49,928 [Worker-3: Loading available Gradle versions] INFO  o.e.b.c.i.u.g.PublishedGradleVersions - Gradle version information cache is out-of-date. Trying to update.
2025-04-20 21:23:50,748 [Worker-3: Loading available Gradle versions] INFO  o.e.b.c.i.u.g.PublishedGradleVersions - Updating Gradle version information cache failed. Using outdated cache.
2025-04-20 21:26:18,038 [Worker-9: Launching mavenrun-92ab7cca-a8b0-4be2-9f4d-e24aba2631cd] INFO  o.eclipse.m2e.core.internal.Bundles - getClasspathEntries(Bundle=org.eclipse.m2e.maven.runtime_3.9.700.20240602-2313 [644])
2025-04-20 21:26:18,045 [Worker-9: Launching mavenrun-92ab7cca-a8b0-4be2-9f4d-e24aba2631cd] INFO  o.eclipse.m2e.core.internal.Bundles - 	Entry: C:\Users\Sarada prasanna\.p2\pool\plugins\org.eclipse.m2e.maven.runtime_3.9.700.20240602-2313
2025-04-20 21:26:18,046 [Worker-9: Launching mavenrun-92ab7cca-a8b0-4be2-9f4d-e24aba2631cd] INFO  o.eclipse.m2e.core.internal.Bundles - 	Entry: C:\Users\Sarada prasanna\.p2\pool\plugins\org.eclipse.m2e.maven.runtime_3.9.700.20240602-2313\jars\aopalliance-1.0.jar
2025-04-20 21:26:18,046 [Worker-9: Launching mavenrun-92ab7cca-a8b0-4be2-9f4d-e24aba2631cd] INFO  o.eclipse.m2e.core.internal.Bundles - 	Entry: C:\Users\Sarada prasanna\.p2\pool\plugins\org.eclipse.m2e.maven.runtime_3.9.700.20240602-2313\jars\guice-5.1.0.jar
2025-04-20 21:26:18,046 [Worker-9: Launching mavenrun-92ab7cca-a8b0-4be2-9f4d-e24aba2631cd] INFO  o.eclipse.m2e.core.internal.Bundles - 	Entry: C:\Users\Sarada prasanna\.p2\pool\plugins\org.eclipse.m2e.maven.runtime_3.9.700.20240602-2313\jars\httpclient-4.5.14.jar
2025-04-20 21:26:18,047 [Worker-9: Launching mavenrun-92ab7cca-a8b0-4be2-9f4d-e24aba2631cd] INFO  o.eclipse.m2e.core.internal.Bundles - 	Entry: C:\Users\Sarada prasanna\.p2\pool\plugins\org.eclipse.m2e.maven.runtime_3.9.700.20240602-2313\jars\httpcore-4.4.16.jar
2025-04-20 21:26:18,047 [Worker-9: Launching mavenrun-92ab7cca-a8b0-4be2-9f4d-e24aba2631cd] INFO  o.eclipse.m2e.core.internal.Bundles - 	Entry: C:\Users\Sarada prasanna\.p2\pool\plugins\org.eclipse.m2e.maven.runtime_3.9.700.20240602-2313\jars\jansi-2.4.1.jar
2025-04-20 21:26:18,048 [Worker-9: Launching mavenrun-92ab7cca-a8b0-4be2-9f4d-e24aba2631cd] INFO  o.eclipse.m2e.core.internal.Bundles - 	Entry: C:\Users\Sarada prasanna\.p2\pool\plugins\org.eclipse.m2e.maven.runtime_3.9.700.20240602-2313\jars\jcl-over-slf4j-1.7.36.jar
2025-04-20 21:26:18,048 [Worker-9: Launching mavenrun-92ab7cca-a8b0-4be2-9f4d-e24aba2631cd] INFO  o.eclipse.m2e.core.internal.Bundles - 	Entry: C:\Users\Sarada prasanna\.p2\pool\plugins\org.eclipse.m2e.maven.runtime_3.9.700.20240602-2313\jars\maven-artifact-3.9.7.jar
2025-04-20 21:26:18,048 [Worker-9: Launching mavenrun-92ab7cca-a8b0-4be2-9f4d-e24aba2631cd] INFO  o.eclipse.m2e.core.internal.Bundles - 	Entry: C:\Users\Sarada prasanna\.p2\pool\plugins\org.eclipse.m2e.maven.runtime_3.9.700.20240602-2313\jars\maven-builder-support-3.9.7.jar
2025-04-20 21:26:18,048 [Worker-9: Launching mavenrun-92ab7cca-a8b0-4be2-9f4d-e24aba2631cd] INFO  o.eclipse.m2e.core.internal.Bundles - 	Entry: C:\Users\Sarada prasanna\.p2\pool\plugins\org.eclipse.m2e.maven.runtime_3.9.700.20240602-2313\jars\maven-compat-3.9.7.jar
2025-04-20 21:26:18,049 [Worker-9: Launching mavenrun-92ab7cca-a8b0-4be2-9f4d-e24aba2631cd] INFO  o.eclipse.m2e.core.internal.Bundles - 	Entry: C:\Users\Sarada prasanna\.p2\pool\plugins\org.eclipse.m2e.maven.runtime_3.9.700.20240602-2313\jars\maven-core-3.9.7.jar
2025-04-20 21:26:18,049 [Worker-9: Launching mavenrun-92ab7cca-a8b0-4be2-9f4d-e24aba2631cd] INFO  o.eclipse.m2e.core.internal.Bundles - 	Entry: C:\Users\Sarada prasanna\.p2\pool\plugins\org.eclipse.m2e.maven.runtime_3.9.700.20240602-2313\jars\maven-embedder-3.9.7.jar
2025-04-20 21:26:18,049 [Worker-9: Launching mavenrun-92ab7cca-a8b0-4be2-9f4d-e24aba2631cd] INFO  o.eclipse.m2e.core.internal.Bundles - 	Entry: C:\Users\Sarada prasanna\.p2\pool\plugins\org.eclipse.m2e.maven.runtime_3.9.700.20240602-2313\jars\maven-model-3.9.7.jar
2025-04-20 21:26:18,049 [Worker-9: Launching mavenrun-92ab7cca-a8b0-4be2-9f4d-e24aba2631cd] INFO  o.eclipse.m2e.core.internal.Bundles - 	Entry: C:\Users\Sarada prasanna\.p2\pool\plugins\org.eclipse.m2e.maven.runtime_3.9.700.20240602-2313\jars\maven-model-builder-3.9.7.jar
2025-04-20 21:26:18,049 [Worker-9: Launching mavenrun-92ab7cca-a8b0-4be2-9f4d-e24aba2631cd] INFO  o.eclipse.m2e.core.internal.Bundles - 	Entry: C:\Users\Sarada prasanna\.p2\pool\plugins\org.eclipse.m2e.maven.runtime_3.9.700.20240602-2313\jars\maven-plugin-api-3.9.7.jar
2025-04-20 21:26:18,050 [Worker-9: Launching mavenrun-92ab7cca-a8b0-4be2-9f4d-e24aba2631cd] INFO  o.eclipse.m2e.core.internal.Bundles - 	Entry: C:\Users\Sarada prasanna\.p2\pool\plugins\org.eclipse.m2e.maven.runtime_3.9.700.20240602-2313\jars\maven-repository-metadata-3.9.7.jar
2025-04-20 21:26:18,050 [Worker-9: Launching mavenrun-92ab7cca-a8b0-4be2-9f4d-e24aba2631cd] INFO  o.eclipse.m2e.core.internal.Bundles - 	Entry: C:\Users\Sarada prasanna\.p2\pool\plugins\org.eclipse.m2e.maven.runtime_3.9.700.20240602-2313\jars\maven-resolver-api-1.9.20.jar
2025-04-20 21:26:18,050 [Worker-9: Launching mavenrun-92ab7cca-a8b0-4be2-9f4d-e24aba2631cd] INFO  o.eclipse.m2e.core.internal.Bundles - 	Entry: C:\Users\Sarada prasanna\.p2\pool\plugins\org.eclipse.m2e.maven.runtime_3.9.700.20240602-2313\jars\maven-resolver-connector-basic-1.9.20.jar
2025-04-20 21:26:18,050 [Worker-9: Launching mavenrun-92ab7cca-a8b0-4be2-9f4d-e24aba2631cd] INFO  o.eclipse.m2e.core.internal.Bundles - 	Entry: C:\Users\Sarada prasanna\.p2\pool\plugins\org.eclipse.m2e.maven.runtime_3.9.700.20240602-2313\jars\maven-resolver-impl-1.9.20.jar
2025-04-20 21:26:18,051 [Worker-9: Launching mavenrun-92ab7cca-a8b0-4be2-9f4d-e24aba2631cd] INFO  o.eclipse.m2e.core.internal.Bundles - 	Entry: C:\Users\Sarada prasanna\.p2\pool\plugins\org.eclipse.m2e.maven.runtime_3.9.700.20240602-2313\jars\maven-resolver-named-locks-1.9.20.jar
2025-04-20 21:26:18,051 [Worker-9: Launching mavenrun-92ab7cca-a8b0-4be2-9f4d-e24aba2631cd] INFO  o.eclipse.m2e.core.internal.Bundles - 	Entry: C:\Users\Sarada prasanna\.p2\pool\plugins\org.eclipse.m2e.maven.runtime_3.9.700.20240602-2313\jars\maven-resolver-provider-3.9.7.jar
2025-04-20 21:26:18,051 [Worker-9: Launching mavenrun-92ab7cca-a8b0-4be2-9f4d-e24aba2631cd] INFO  o.eclipse.m2e.core.internal.Bundles - 	Entry: C:\Users\Sarada prasanna\.p2\pool\plugins\org.eclipse.m2e.maven.runtime_3.9.700.20240602-2313\jars\maven-resolver-spi-1.9.20.jar
2025-04-20 21:26:18,051 [Worker-9: Launching mavenrun-92ab7cca-a8b0-4be2-9f4d-e24aba2631cd] INFO  o.eclipse.m2e.core.internal.Bundles - 	Entry: C:\Users\Sarada prasanna\.p2\pool\plugins\org.eclipse.m2e.maven.runtime_3.9.700.20240602-2313\jars\maven-resolver-transport-file-1.9.20.jar
2025-04-20 21:26:18,052 [Worker-9: Launching mavenrun-92ab7cca-a8b0-4be2-9f4d-e24aba2631cd] INFO  o.eclipse.m2e.core.internal.Bundles - 	Entry: C:\Users\Sarada prasanna\.p2\pool\plugins\org.eclipse.m2e.maven.runtime_3.9.700.20240602-2313\jars\maven-resolver-transport-http-1.9.20.jar
2025-04-20 21:26:18,052 [Worker-9: Launching mavenrun-92ab7cca-a8b0-4be2-9f4d-e24aba2631cd] INFO  o.eclipse.m2e.core.internal.Bundles - 	Entry: C:\Users\Sarada prasanna\.p2\pool\plugins\org.eclipse.m2e.maven.runtime_3.9.700.20240602-2313\jars\maven-resolver-transport-wagon-1.9.20.jar
2025-04-20 21:26:18,052 [Worker-9: Launching mavenrun-92ab7cca-a8b0-4be2-9f4d-e24aba2631cd] INFO  o.eclipse.m2e.core.internal.Bundles - 	Entry: C:\Users\Sarada prasanna\.p2\pool\plugins\org.eclipse.m2e.maven.runtime_3.9.700.20240602-2313\jars\maven-resolver-util-1.9.20.jar
2025-04-20 21:26:18,052 [Worker-9: Launching mavenrun-92ab7cca-a8b0-4be2-9f4d-e24aba2631cd] INFO  o.eclipse.m2e.core.internal.Bundles - 	Entry: C:\Users\Sarada prasanna\.p2\pool\plugins\org.eclipse.m2e.maven.runtime_3.9.700.20240602-2313\jars\maven-settings-3.9.7.jar
2025-04-20 21:26:18,053 [Worker-9: Launching mavenrun-92ab7cca-a8b0-4be2-9f4d-e24aba2631cd] INFO  o.eclipse.m2e.core.internal.Bundles - 	Entry: C:\Users\Sarada prasanna\.p2\pool\plugins\org.eclipse.m2e.maven.runtime_3.9.700.20240602-2313\jars\maven-settings-builder-3.9.7.jar
2025-04-20 21:26:18,053 [Worker-9: Launching mavenrun-92ab7cca-a8b0-4be2-9f4d-e24aba2631cd] INFO  o.eclipse.m2e.core.internal.Bundles - 	Entry: C:\Users\Sarada prasanna\.p2\pool\plugins\org.eclipse.m2e.maven.runtime_3.9.700.20240602-2313\jars\maven-shared-utils-3.4.2.jar
2025-04-20 21:26:18,053 [Worker-9: Launching mavenrun-92ab7cca-a8b0-4be2-9f4d-e24aba2631cd] INFO  o.eclipse.m2e.core.internal.Bundles - 	Entry: C:\Users\Sarada prasanna\.p2\pool\plugins\org.eclipse.m2e.maven.runtime_3.9.700.20240602-2313\jars\org.eclipse.sisu.inject-0.9.0.M2.jar
2025-04-20 21:26:18,053 [Worker-9: Launching mavenrun-92ab7cca-a8b0-4be2-9f4d-e24aba2631cd] INFO  o.eclipse.m2e.core.internal.Bundles - 	Entry: C:\Users\Sarada prasanna\.p2\pool\plugins\org.eclipse.m2e.maven.runtime_3.9.700.20240602-2313\jars\org.eclipse.sisu.plexus-0.9.0.M2.jar
2025-04-20 21:26:18,054 [Worker-9: Launching mavenrun-92ab7cca-a8b0-4be2-9f4d-e24aba2631cd] INFO  o.eclipse.m2e.core.internal.Bundles - 	Entry: C:\Users\Sarada prasanna\.p2\pool\plugins\org.eclipse.m2e.maven.runtime_3.9.700.20240602-2313\jars\plexus-build-api-0.0.7.jar
2025-04-20 21:26:18,054 [Worker-9: Launching mavenrun-92ab7cca-a8b0-4be2-9f4d-e24aba2631cd] INFO  o.eclipse.m2e.core.internal.Bundles - 	Entry: C:\Users\Sarada prasanna\.p2\pool\plugins\org.eclipse.m2e.maven.runtime_3.9.700.20240602-2313\jars\plexus-build-api-1.2.0.jar
2025-04-20 21:26:18,054 [Worker-9: Launching mavenrun-92ab7cca-a8b0-4be2-9f4d-e24aba2631cd] INFO  o.eclipse.m2e.core.internal.Bundles - 	Entry: C:\Users\Sarada prasanna\.p2\pool\plugins\org.eclipse.m2e.maven.runtime_3.9.700.20240602-2313\jars\plexus-cipher-2.0.jar
2025-04-20 21:26:18,054 [Worker-9: Launching mavenrun-92ab7cca-a8b0-4be2-9f4d-e24aba2631cd] INFO  o.eclipse.m2e.core.internal.Bundles - 	Entry: C:\Users\Sarada prasanna\.p2\pool\plugins\org.eclipse.m2e.maven.runtime_3.9.700.20240602-2313\jars\plexus-classworlds-2.8.0.jar
2025-04-20 21:26:18,055 [Worker-9: Launching mavenrun-92ab7cca-a8b0-4be2-9f4d-e24aba2631cd] INFO  o.eclipse.m2e.core.internal.Bundles - 	Entry: C:\Users\Sarada prasanna\.p2\pool\plugins\org.eclipse.m2e.maven.runtime_3.9.700.20240602-2313\jars\plexus-component-annotations-2.1.0.jar
2025-04-20 21:26:18,055 [Worker-9: Launching mavenrun-92ab7cca-a8b0-4be2-9f4d-e24aba2631cd] INFO  o.eclipse.m2e.core.internal.Bundles - 	Entry: C:\Users\Sarada prasanna\.p2\pool\plugins\org.eclipse.m2e.maven.runtime_3.9.700.20240602-2313\jars\plexus-interpolation-1.27.jar
2025-04-20 21:26:18,055 [Worker-9: Launching mavenrun-92ab7cca-a8b0-4be2-9f4d-e24aba2631cd] INFO  o.eclipse.m2e.core.internal.Bundles - 	Entry: C:\Users\Sarada prasanna\.p2\pool\plugins\org.eclipse.m2e.maven.runtime_3.9.700.20240602-2313\jars\plexus-sec-dispatcher-2.0.jar
2025-04-20 21:26:18,055 [Worker-9: Launching mavenrun-92ab7cca-a8b0-4be2-9f4d-e24aba2631cd] INFO  o.eclipse.m2e.core.internal.Bundles - 	Entry: C:\Users\Sarada prasanna\.p2\pool\plugins\org.eclipse.m2e.maven.runtime_3.9.700.20240602-2313\jars\plexus-utils-3.5.1.jar
2025-04-20 21:26:18,055 [Worker-9: Launching mavenrun-92ab7cca-a8b0-4be2-9f4d-e24aba2631cd] INFO  o.eclipse.m2e.core.internal.Bundles - 	Entry: C:\Users\Sarada prasanna\.p2\pool\plugins\org.eclipse.m2e.maven.runtime_3.9.700.20240602-2313\jars\wagon-file-3.5.3.jar
2025-04-20 21:26:18,056 [Worker-9: Launching mavenrun-92ab7cca-a8b0-4be2-9f4d-e24aba2631cd] INFO  o.eclipse.m2e.core.internal.Bundles - 	Entry: C:\Users\Sarada prasanna\.p2\pool\plugins\org.eclipse.m2e.maven.runtime_3.9.700.20240602-2313\jars\wagon-http-3.5.3.jar
2025-04-20 21:26:18,056 [Worker-9: Launching mavenrun-92ab7cca-a8b0-4be2-9f4d-e24aba2631cd] INFO  o.eclipse.m2e.core.internal.Bundles - 	Entry: C:\Users\Sarada prasanna\.p2\pool\plugins\org.eclipse.m2e.maven.runtime_3.9.700.20240602-2313\jars\wagon-http-shared-3.5.3.jar
2025-04-20 21:26:18,056 [Worker-9: Launching mavenrun-92ab7cca-a8b0-4be2-9f4d-e24aba2631cd] INFO  o.eclipse.m2e.core.internal.Bundles - 	Entry: C:\Users\Sarada prasanna\.p2\pool\plugins\org.eclipse.m2e.maven.runtime_3.9.700.20240602-2313\jars\wagon-provider-api-3.5.3.jar
2025-04-20 21:26:18,060 [Worker-9: Launching mavenrun-92ab7cca-a8b0-4be2-9f4d-e24aba2631cd] INFO  o.eclipse.m2e.core.internal.Bundles - getClasspathEntries(Bundle=com.google.guava_33.4.0.jre [1073])
2025-04-20 21:26:18,062 [Worker-9: Launching mavenrun-92ab7cca-a8b0-4be2-9f4d-e24aba2631cd] INFO  o.eclipse.m2e.core.internal.Bundles - 	Entry: C:\Users\Sarada prasanna\.p2\pool\plugins\com.google.guava_33.4.0.jre.jar
2025-04-20 21:26:18,062 [Worker-9: Launching mavenrun-92ab7cca-a8b0-4be2-9f4d-e24aba2631cd] INFO  o.eclipse.m2e.core.internal.Bundles - getClasspathEntries(Bundle=slf4j.api_2.0.17 [1144])
2025-04-20 21:26:18,062 [Worker-9: Launching mavenrun-92ab7cca-a8b0-4be2-9f4d-e24aba2631cd] INFO  o.eclipse.m2e.core.internal.Bundles - 	Entry: C:\Users\Sarada prasanna\.p2\pool\plugins\slf4j.api_2.0.17.jar
2025-04-20 21:26:18,062 [Worker-9: Launching mavenrun-92ab7cca-a8b0-4be2-9f4d-e24aba2631cd] INFO  o.eclipse.m2e.core.internal.Bundles - getClasspathEntries(Bundle=jakarta.inject.jakarta.inject-api_1.0.5 [33])
2025-04-20 21:26:18,063 [Worker-9: Launching mavenrun-92ab7cca-a8b0-4be2-9f4d-e24aba2631cd] INFO  o.eclipse.m2e.core.internal.Bundles - 	Entry: C:\Users\Sarada prasanna\.p2\pool\plugins\jakarta.inject.jakarta.inject-api_1.0.5.jar
2025-04-20 21:26:18,063 [Worker-9: Launching mavenrun-92ab7cca-a8b0-4be2-9f4d-e24aba2631cd] INFO  o.eclipse.m2e.core.internal.Bundles - getClasspathEntries(Bundle=javax.annotation_1.3.5.v20200909-1856 [44])
2025-04-20 21:26:18,064 [Worker-9: Launching mavenrun-92ab7cca-a8b0-4be2-9f4d-e24aba2631cd] INFO  o.eclipse.m2e.core.internal.Bundles - 	Entry: C:\Users\Sarada prasanna\.p2\pool\plugins\javax.annotation_1.3.5.v20200909-1856.jar
2025-04-20 21:26:18,064 [Worker-9: Launching mavenrun-92ab7cca-a8b0-4be2-9f4d-e24aba2631cd] INFO  o.eclipse.m2e.core.internal.Bundles - getClasspathEntries(Bundle=org.apache.commons.cli_1.8.0 [78])
2025-04-20 21:26:18,065 [Worker-9: Launching mavenrun-92ab7cca-a8b0-4be2-9f4d-e24aba2631cd] INFO  o.eclipse.m2e.core.internal.Bundles - 	Entry: C:\Users\Sarada prasanna\.p2\pool\plugins\org.apache.commons.cli_1.8.0.jar
2025-04-20 21:26:18,065 [Worker-9: Launching mavenrun-92ab7cca-a8b0-4be2-9f4d-e24aba2631cd] INFO  o.eclipse.m2e.core.internal.Bundles - getClasspathEntries(Bundle=org.apache.commons.commons-codec_1.16.0 [81])
2025-04-20 21:26:18,066 [Worker-9: Launching mavenrun-92ab7cca-a8b0-4be2-9f4d-e24aba2631cd] INFO  o.eclipse.m2e.core.internal.Bundles - 	Entry: C:\Users\Sarada prasanna\.p2\pool\plugins\org.apache.commons.commons-codec_1.16.0.jar
2025-04-20 21:26:18,066 [Worker-9: Launching mavenrun-92ab7cca-a8b0-4be2-9f4d-e24aba2631cd] INFO  o.eclipse.m2e.core.internal.Bundles - getClasspathEntries(Bundle=org.apache.commons.lang3_3.17.0 [1086])
2025-04-20 21:26:18,066 [Worker-9: Launching mavenrun-92ab7cca-a8b0-4be2-9f4d-e24aba2631cd] INFO  o.eclipse.m2e.core.internal.Bundles - 	Entry: C:\Users\Sarada prasanna\.p2\pool\plugins\org.apache.commons.lang3_3.17.0.jar
2025-04-20 21:26:18,066 [Worker-9: Launching mavenrun-92ab7cca-a8b0-4be2-9f4d-e24aba2631cd] INFO  o.eclipse.m2e.core.internal.Bundles - getClasspathEntries(Bundle=com.google.guava.failureaccess_1.0.2 [17])
2025-04-20 21:26:18,068 [Worker-9: Launching mavenrun-92ab7cca-a8b0-4be2-9f4d-e24aba2631cd] INFO  o.eclipse.m2e.core.internal.Bundles - 	Entry: C:\Users\Sarada prasanna\.p2\pool\plugins\com.google.guava.failureaccess_1.0.2.jar
2025-04-20 21:26:18,074 [Worker-9: Launching mavenrun-92ab7cca-a8b0-4be2-9f4d-e24aba2631cd] INFO  o.e.m.i.launch.MavenLaunchDelegate - Run build in "C:\Users\SARADA~1\AppData\Local\Temp\m2e-archetypeGenerator13501546041553239870":
2025-04-20 21:26:18,076 [Worker-9: Launching mavenrun-92ab7cca-a8b0-4be2-9f4d-e24aba2631cd] INFO  o.e.m.i.launch.MavenLaunchDelegate -  mvn  -DarchetypeGroupId=org.apache.maven.archetypes -DarchetypeArtifactId=maven-archetype-quickstart -DarchetypeVersion=1.1 -DgroupId=com.mongo.db -DartifactId=Java_MongoDB_Connection -Dversion=0.0.1-SNAPSHOT -Dpackage=com.mongo.db -DoutputDirectory=D:\JDBC -Dstyle.color=always -U archetype:generate
2025-04-20 21:28:41,395 [Worker-14: Creating maven-archetype-quickstart] INFO  o.e.m.c.i.p.ProjectConfigurationManager - Collecting project info '/pom.xml' D:\JDBC\Java_MongoDB_Connection\pom.xml
2025-04-20 21:28:43,516 [Worker-14: Creating maven-archetype-quickstart] INFO  o.e.m.c.i.l.LifecycleMappingFactory - Using org.eclipse.m2e.jdt.JarLifecycleMapping lifecycle mapping for MavenProject: com.mongo.db:Java_MongoDB_Connection:0.0.1-SNAPSHOT @ D:\JDBC\Java_MongoDB_Connection\pom.xml.
2025-04-20 21:28:45,052 [Worker-14: Creating maven-archetype-quickstart] INFO  o.e.m.j.i.AbstractJavaProjectConfigurator - Adding source folder /Java_MongoDB_Connection/src/main/java
2025-04-20 21:28:45,055 [Worker-14: Creating maven-archetype-quickstart] INFO  o.e.m.j.i.AbstractJavaProjectConfigurator - Adding resource folder /Java_MongoDB_Connection/src/main/resources
2025-04-20 21:28:45,065 [Worker-14: Creating maven-archetype-quickstart] INFO  o.e.m.j.i.AbstractJavaProjectConfigurator - Adding source folder /Java_MongoDB_Connection/src/test/java
2025-04-20 21:28:45,066 [Worker-14: Creating maven-archetype-quickstart] INFO  o.e.m.j.i.AbstractJavaProjectConfigurator - Adding resource folder /Java_MongoDB_Connection/src/test/resources
2025-04-20 21:28:45,208 [Worker-14: Creating maven-archetype-quickstart] INFO  o.e.m.c.i.p.ProjectConfigurationManager - Imported and configured 1 project(s) in 3 sec
2025-04-20 21:28:45,748 [Worker-32: Building] INFO  o.a.m.s.f.DefaultMavenResourcesFiltering - skip non existing resourceDirectory D:\JDBC\Java_MongoDB_Connection\src\main\resources
2025-04-20 21:28:45,752 [Worker-32: Building] INFO  o.a.m.s.f.DefaultMavenResourcesFiltering - skip non existing resourceDirectory D:\JDBC\Java_MongoDB_Connection\src\test\resources
2025-04-20 21:30:03,618 [Worker-2: Building] INFO  o.e.m.c.i.l.LifecycleMappingFactory - Using org.eclipse.m2e.jdt.JarLifecycleMapping lifecycle mapping for MavenProject: com.mongo.db:Java_MongoDB_Connection:0.0.1-SNAPSHOT @ D:\JDBC\Java_MongoDB_Connection\pom.xml.
2025-04-20 21:30:04,228 [Worker-2: Building] INFO  o.a.m.s.f.DefaultMavenResourcesFiltering - skip non existing resourceDirectory D:\JDBC\Java_MongoDB_Connection\src\main\resources
2025-04-20 21:30:04,232 [Worker-2: Building] INFO  o.a.m.s.f.DefaultMavenResourcesFiltering - skip non existing resourceDirectory D:\JDBC\Java_MongoDB_Connection\src\test\resources
2025-04-20 21:30:07,625 [Worker-14: Building] INFO  o.e.m.c.i.l.LifecycleMappingFactory - Using org.eclipse.m2e.jdt.JarLifecycleMapping lifecycle mapping for MavenProject: com.mongo.db:Java_MongoDB_Connection:0.0.1-SNAPSHOT @ D:\JDBC\Java_MongoDB_Connection\pom.xml.
2025-04-20 21:30:10,364 [Worker-14: Building] INFO  o.e.m.c.i.e.AbstractTransferListenerAdapter - Downloading https://repo.maven.apache.org/maven2/org/mongodb/mongo-java-driver/3.12.14/mongo-java-driver-3.12.14.pom
2025-04-20 21:30:10,449 [Worker-14: Building] INFO  o.e.m.c.i.e.AbstractTransferListenerAdapter - Downloaded https://repo.maven.apache.org/maven2/org/mongodb/mongo-java-driver/3.12.14/mongo-java-driver-3.12.14.pom
2025-04-20 21:30:11,817 [Worker-14: Building] INFO  o.e.m.c.i.e.AbstractTransferListenerAdapter - Downloading https://repo.maven.apache.org/maven2/org/mongodb/mongo-java-driver/3.12.14/mongo-java-driver-3.12.14.jar
2025-04-20 21:30:32,842 [Worker-14: Building] INFO  o.e.m.c.i.e.AbstractTransferListenerAdapter - Downloaded https://repo.maven.apache.org/maven2/org/mongodb/mongo-java-driver/3.12.14/mongo-java-driver-3.12.14.jar
2025-04-20 21:30:33,051 [Worker-14: Building] INFO  o.a.m.s.f.DefaultMavenResourcesFiltering - skip non existing resourceDirectory D:\JDBC\Java_MongoDB_Connection\src\main\resources
2025-04-20 21:30:33,056 [Worker-14: Building] INFO  o.a.m.s.f.DefaultMavenResourcesFiltering - skip non existing resourceDirectory D:\JDBC\Java_MongoDB_Connection\src\test\resources
2025-04-20 21:30:34,505 [Worker-14: Building] INFO  o.a.m.s.f.DefaultMavenResourcesFiltering - skip non existing resourceDirectory D:\JDBC\Java_MongoDB_Connection\src\main\resources
2025-04-20 21:30:34,508 [Worker-14: Building] INFO  o.a.m.s.f.DefaultMavenResourcesFiltering - skip non existing resourceDirectory D:\JDBC\Java_MongoDB_Connection\src\test\resources
2025-04-20 21:30:34,884 [Worker-26: Download sources and javadoc] INFO  o.e.m.c.i.e.AbstractTransferListenerAdapter - Downloading https://repo.maven.apache.org/maven2/org/mongodb/mongo-java-driver/3.12.14/mongo-java-driver-3.12.14-sources.jar
2025-04-20 21:30:44,580 [Worker-2: Building] INFO  o.e.m.c.i.l.LifecycleMappingFactory - Using org.eclipse.m2e.jdt.JarLifecycleMapping lifecycle mapping for MavenProject: com.mongo.db:Java_MongoDB_Connection:0.0.1-SNAPSHOT @ D:\JDBC\Java_MongoDB_Connection\pom.xml.
2025-04-20 21:30:48,289 [Worker-26: Download sources and javadoc] INFO  o.e.m.c.i.e.AbstractTransferListenerAdapter - Downloaded https://repo.maven.apache.org/maven2/org/mongodb/mongo-java-driver/3.12.14/mongo-java-driver-3.12.14-sources.jar
2025-04-20 21:30:48,297 [Worker-26: Download sources and javadoc] INFO  o.e.m.j.internal.DownloadSourcesJob - Downloaded sources for org.mongodb:mongo-java-driver:3.12.14
2025-04-20 21:30:48,460 [Worker-2: Building] INFO  o.a.m.s.f.DefaultMavenResourcesFiltering - skip non existing resourceDirectory D:\JDBC\Java_MongoDB_Connection\src\main\resources
2025-04-20 21:30:48,467 [Worker-2: Building] INFO  o.a.m.s.f.DefaultMavenResourcesFiltering - skip non existing resourceDirectory D:\JDBC\Java_MongoDB_Connection\src\test\resources
2025-04-20 21:30:50,025 [Worker-33: Building] INFO  o.e.m.c.i.l.LifecycleMappingFactory - Using org.eclipse.m2e.jdt.JarLifecycleMapping lifecycle mapping for MavenProject: com.mongo.db:Java_MongoDB_Connection:0.0.1-SNAPSHOT @ D:\JDBC\Java_MongoDB_Connection\pom.xml.
2025-04-20 21:30:50,328 [Worker-33: Building] INFO  o.a.m.s.f.DefaultMavenResourcesFiltering - skip non existing resourceDirectory D:\JDBC\Java_MongoDB_Connection\src\main\resources
2025-04-20 21:30:50,332 [Worker-33: Building] INFO  o.a.m.s.f.DefaultMavenResourcesFiltering - skip non existing resourceDirectory D:\JDBC\Java_MongoDB_Connection\src\test\resources
2025-04-20 21:30:51,726 [Worker-34: Building] INFO  o.a.m.s.f.DefaultMavenResourcesFiltering - skip non existing resourceDirectory D:\JDBC\Java_MongoDB_Connection\src\main\resources
2025-04-20 21:30:51,728 [Worker-34: Building] INFO  o.a.m.s.f.DefaultMavenResourcesFiltering - skip non existing resourceDirectory D:\JDBC\Java_MongoDB_Connection\src\test\resources
2025-04-20 21:30:54,400 [Worker-33: Building] INFO  o.e.m.c.i.l.LifecycleMappingFactory - Using org.eclipse.m2e.jdt.JarLifecycleMapping lifecycle mapping for MavenProject: com.mongo.db:Java_MongoDB_Connection:0.0.1-SNAPSHOT @ D:\JDBC\Java_MongoDB_Connection\pom.xml.
2025-04-20 21:30:54,569 [Worker-33: Building] INFO  o.a.m.s.f.DefaultMavenResourcesFiltering - skip non existing resourceDirectory D:\JDBC\Java_MongoDB_Connection\src\main\resources
2025-04-20 21:30:54,573 [Worker-33: Building] INFO  o.a.m.s.f.DefaultMavenResourcesFiltering - skip non existing resourceDirectory D:\JDBC\Java_MongoDB_Connection\src\test\resources
2025-04-20 21:31:15,369 [Worker-33: Building] INFO  o.a.m.s.f.DefaultMavenResourcesFiltering - skip non existing resourceDirectory D:\JDBC\Java_MongoDB_Connection\src\main\resources
2025-04-20 21:31:15,374 [Worker-33: Building] INFO  o.a.m.s.f.DefaultMavenResourcesFiltering - skip non existing resourceDirectory D:\JDBC\Java_MongoDB_Connection\src\test\resources
2025-04-20 21:31:43,721 [Worker-32: Building] INFO  o.a.m.s.f.DefaultMavenResourcesFiltering - skip non existing resourceDirectory D:\JDBC\Java_MongoDB_Connection\src\main\resources
2025-04-20 21:31:43,726 [Worker-32: Building] INFO  o.a.m.s.f.DefaultMavenResourcesFiltering - skip non existing resourceDirectory D:\JDBC\Java_MongoDB_Connection\src\test\resources
2025-04-20 21:31:52,808 [Worker-14: Building] INFO  o.a.m.s.f.DefaultMavenResourcesFiltering - skip non existing resourceDirectory D:\JDBC\Java_MongoDB_Connection\src\main\resources
2025-04-20 21:31:52,813 [Worker-14: Building] INFO  o.a.m.s.f.DefaultMavenResourcesFiltering - skip non existing resourceDirectory D:\JDBC\Java_MongoDB_Connection\src\test\resources
2025-04-20 21:31:57,239 [Worker-33: Building] INFO  o.a.m.s.f.DefaultMavenResourcesFiltering - skip non existing resourceDirectory D:\JDBC\Java_MongoDB_Connection\src\main\resources
2025-04-20 21:31:57,244 [Worker-33: Building] INFO  o.a.m.s.f.DefaultMavenResourcesFiltering - skip non existing resourceDirectory D:\JDBC\Java_MongoDB_Connection\src\test\resources
2025-04-20 21:31:59,051 [Worker-14: Building] INFO  o.a.m.s.f.DefaultMavenResourcesFiltering - skip non existing resourceDirectory D:\JDBC\Java_MongoDB_Connection\src\main\resources
2025-04-20 21:31:59,054 [Worker-14: Building] INFO  o.a.m.s.f.DefaultMavenResourcesFiltering - skip non existing resourceDirectory D:\JDBC\Java_MongoDB_Connection\src\test\resources
2025-04-20 21:32:12,909 [Worker-26: Building] INFO  o.a.m.s.f.DefaultMavenResourcesFiltering - skip non existing resourceDirectory D:\JDBC\Java_MongoDB_Connection\src\main\resources
2025-04-20 21:32:12,915 [Worker-26: Building] INFO  o.a.m.s.f.DefaultMavenResourcesFiltering - skip non existing resourceDirectory D:\JDBC\Java_MongoDB_Connection\src\test\resources
2025-04-20 21:32:16,057 [Worker-33: Building] INFO  o.a.m.s.f.DefaultMavenResourcesFiltering - skip non existing resourceDirectory D:\JDBC\Java_MongoDB_Connection\src\main\resources
2025-04-20 21:32:16,064 [Worker-33: Building] INFO  o.a.m.s.f.DefaultMavenResourcesFiltering - skip non existing resourceDirectory D:\JDBC\Java_MongoDB_Connection\src\test\resources
2025-04-20 21:32:17,319 [Worker-32: Building] INFO  o.a.m.s.f.DefaultMavenResourcesFiltering - skip non existing resourceDirectory D:\JDBC\Java_MongoDB_Connection\src\main\resources
2025-04-20 21:32:17,323 [Worker-32: Building] INFO  o.a.m.s.f.DefaultMavenResourcesFiltering - skip non existing resourceDirectory D:\JDBC\Java_MongoDB_Connection\src\test\resources
2025-04-20 21:32:22,871 [Worker-32: Building] INFO  o.a.m.s.f.DefaultMavenResourcesFiltering - skip non existing resourceDirectory D:\JDBC\Java_MongoDB_Connection\src\main\resources
2025-04-20 21:32:22,878 [Worker-32: Building] INFO  o.a.m.s.f.DefaultMavenResourcesFiltering - skip non existing resourceDirectory D:\JDBC\Java_MongoDB_Connection\src\test\resources
2025-04-20 21:32:58,134 [Worker-14: Building] INFO  o.a.m.s.f.DefaultMavenResourcesFiltering - skip non existing resourceDirectory D:\JDBC\Java_MongoDB_Connection\src\main\resources
2025-04-20 21:32:58,137 [Worker-14: Building] INFO  o.a.m.s.f.DefaultMavenResourcesFiltering - skip non existing resourceDirectory D:\JDBC\Java_MongoDB_Connection\src\test\resources
2025-04-20 21:33:12,739 [Worker-26: Building] INFO  o.a.m.s.f.DefaultMavenResourcesFiltering - skip non existing resourceDirectory D:\JDBC\Java_MongoDB_Connection\src\main\resources
2025-04-20 21:33:12,744 [Worker-26: Building] INFO  o.a.m.s.f.DefaultMavenResourcesFiltering - skip non existing resourceDirectory D:\JDBC\Java_MongoDB_Connection\src\test\resources
2025-04-20 21:33:17,849 [Worker-32: Building] INFO  o.a.m.s.f.DefaultMavenResourcesFiltering - skip non existing resourceDirectory D:\JDBC\Java_MongoDB_Connection\src\main\resources
2025-04-20 21:33:17,855 [Worker-32: Building] INFO  o.a.m.s.f.DefaultMavenResourcesFiltering - skip non existing resourceDirectory D:\JDBC\Java_MongoDB_Connection\src\test\resources
2025-04-20 21:34:04,839 [Worker-14: Building] INFO  o.a.m.s.f.DefaultMavenResourcesFiltering - skip non existing resourceDirectory D:\JDBC\Java_MongoDB_Connection\src\main\resources
2025-04-20 21:34:04,842 [Worker-14: Building] INFO  o.a.m.s.f.DefaultMavenResourcesFiltering - skip non existing resourceDirectory D:\JDBC\Java_MongoDB_Connection\src\test\resources
2025-04-20 21:34:13,506 [Worker-3: Building] INFO  o.a.m.s.f.DefaultMavenResourcesFiltering - skip non existing resourceDirectory D:\JDBC\Java_MongoDB_Connection\src\main\resources
2025-04-20 21:34:13,510 [Worker-3: Building] INFO  o.a.m.s.f.DefaultMavenResourcesFiltering - skip non existing resourceDirectory D:\JDBC\Java_MongoDB_Connection\src\test\resources
2025-04-20 21:34:43,680 [Worker-14: Building] INFO  o.a.m.s.f.DefaultMavenResourcesFiltering - skip non existing resourceDirectory D:\JDBC\Java_MongoDB_Connection\src\main\resources
2025-04-20 21:34:43,684 [Worker-14: Building] INFO  o.a.m.s.f.DefaultMavenResourcesFiltering - skip non existing resourceDirectory D:\JDBC\Java_MongoDB_Connection\src\test\resources
2025-04-20 21:34:51,525 [Worker-26: Building] INFO  o.a.m.s.f.DefaultMavenResourcesFiltering - skip non existing resourceDirectory D:\JDBC\Java_MongoDB_Connection\src\main\resources
2025-04-20 21:34:51,528 [Worker-26: Building] INFO  o.a.m.s.f.DefaultMavenResourcesFiltering - skip non existing resourceDirectory D:\JDBC\Java_MongoDB_Connection\src\test\resources
2025-04-20 21:34:57,066 [Worker-32: Building] INFO  o.a.m.s.f.DefaultMavenResourcesFiltering - skip non existing resourceDirectory D:\JDBC\Java_MongoDB_Connection\src\main\resources
2025-04-20 21:34:57,069 [Worker-32: Building] INFO  o.a.m.s.f.DefaultMavenResourcesFiltering - skip non existing resourceDirectory D:\JDBC\Java_MongoDB_Connection\src\test\resources
2025-04-20 21:35:00,783 [Worker-33: Building] INFO  o.a.m.s.f.DefaultMavenResourcesFiltering - skip non existing resourceDirectory D:\JDBC\Java_MongoDB_Connection\src\main\resources
2025-04-20 21:35:00,786 [Worker-33: Building] INFO  o.a.m.s.f.DefaultMavenResourcesFiltering - skip non existing resourceDirectory D:\JDBC\Java_MongoDB_Connection\src\test\resources
2025-04-20 21:35:05,742 [Worker-26: Building] INFO  o.a.m.s.f.DefaultMavenResourcesFiltering - skip non existing resourceDirectory D:\JDBC\Java_MongoDB_Connection\src\main\resources
2025-04-20 21:35:05,744 [Worker-26: Building] INFO  o.a.m.s.f.DefaultMavenResourcesFiltering - skip non existing resourceDirectory D:\JDBC\Java_MongoDB_Connection\src\test\resources
2025-04-20 21:35:11,007 [Worker-33: Building] INFO  o.a.m.s.f.DefaultMavenResourcesFiltering - skip non existing resourceDirectory D:\JDBC\Java_MongoDB_Connection\src\main\resources
2025-04-20 21:35:11,010 [Worker-33: Building] INFO  o.a.m.s.f.DefaultMavenResourcesFiltering - skip non existing resourceDirectory D:\JDBC\Java_MongoDB_Connection\src\test\resources
2025-04-20 21:35:12,494 [Worker-14: Building] INFO  o.a.m.s.f.DefaultMavenResourcesFiltering - skip non existing resourceDirectory D:\JDBC\Java_MongoDB_Connection\src\main\resources
2025-04-20 21:35:12,496 [Worker-14: Building] INFO  o.a.m.s.f.DefaultMavenResourcesFiltering - skip non existing resourceDirectory D:\JDBC\Java_MongoDB_Connection\src\test\resources
2025-04-20 21:35:15,897 [Worker-26: Building] INFO  o.a.m.s.f.DefaultMavenResourcesFiltering - skip non existing resourceDirectory D:\JDBC\Java_MongoDB_Connection\src\main\resources
2025-04-20 21:35:15,900 [Worker-26: Building] INFO  o.a.m.s.f.DefaultMavenResourcesFiltering - skip non existing resourceDirectory D:\JDBC\Java_MongoDB_Connection\src\test\resources
2025-04-20 21:35:21,127 [Worker-14: Building] INFO  o.a.m.s.f.DefaultMavenResourcesFiltering - skip non existing resourceDirectory D:\JDBC\Java_MongoDB_Connection\src\main\resources
2025-04-20 21:35:21,130 [Worker-14: Building] INFO  o.a.m.s.f.DefaultMavenResourcesFiltering - skip non existing resourceDirectory D:\JDBC\Java_MongoDB_Connection\src\test\resources
2025-04-20 21:35:27,724 [Worker-33: Building] INFO  o.a.m.s.f.DefaultMavenResourcesFiltering - skip non existing resourceDirectory D:\JDBC\Java_MongoDB_Connection\src\main\resources
2025-04-20 21:35:27,726 [Worker-33: Building] INFO  o.a.m.s.f.DefaultMavenResourcesFiltering - skip non existing resourceDirectory D:\JDBC\Java_MongoDB_Connection\src\test\resources
2025-04-20 21:35:34,972 [Worker-14: Building] INFO  o.a.m.s.f.DefaultMavenResourcesFiltering - skip non existing resourceDirectory D:\JDBC\Java_MongoDB_Connection\src\main\resources
2025-04-20 21:35:34,975 [Worker-14: Building] INFO  o.a.m.s.f.DefaultMavenResourcesFiltering - skip non existing resourceDirectory D:\JDBC\Java_MongoDB_Connection\src\test\resources
2025-04-20 21:35:38,803 [Worker-26: Building] INFO  o.a.m.s.f.DefaultMavenResourcesFiltering - skip non existing resourceDirectory D:\JDBC\Java_MongoDB_Connection\src\main\resources
2025-04-20 21:35:38,805 [Worker-26: Building] INFO  o.a.m.s.f.DefaultMavenResourcesFiltering - skip non existing resourceDirectory D:\JDBC\Java_MongoDB_Connection\src\test\resources
2025-04-20 21:36:07,573 [Worker-32: Building] INFO  o.a.m.s.f.DefaultMavenResourcesFiltering - skip non existing resourceDirectory D:\JDBC\Java_MongoDB_Connection\src\main\resources
2025-04-20 21:36:07,577 [Worker-32: Building] INFO  o.a.m.s.f.DefaultMavenResourcesFiltering - skip non existing resourceDirectory D:\JDBC\Java_MongoDB_Connection\src\test\resources
2025-04-20 21:37:53,039 [Worker-2: Building] INFO  o.a.m.s.f.DefaultMavenResourcesFiltering - skip non existing resourceDirectory D:\JDBC\Java_MongoDB_Connection\src\main\resources
2025-04-20 21:37:53,042 [Worker-2: Building] INFO  o.a.m.s.f.DefaultMavenResourcesFiltering - skip non existing resourceDirectory D:\JDBC\Java_MongoDB_Connection\src\test\resources
2025-04-20 21:43:53,732 [Worker-35: Building] INFO  o.a.m.s.f.DefaultMavenResourcesFiltering - skip non existing resourceDirectory D:\JDBC\Java_MongoDB_Connection\src\main\resources
2025-04-20 21:43:53,734 [Worker-35: Building] INFO  o.a.m.s.f.DefaultMavenResourcesFiltering - skip non existing resourceDirectory D:\JDBC\Java_MongoDB_Connection\src\test\resources
2025-04-20 21:43:55,465 [Worker-37: Building] INFO  o.a.m.s.f.DefaultMavenResourcesFiltering - skip non existing resourceDirectory D:\JDBC\Java_MongoDB_Connection\src\main\resources
2025-04-20 21:43:55,468 [Worker-37: Building] INFO  o.a.m.s.f.DefaultMavenResourcesFiltering - skip non existing resourceDirectory D:\JDBC\Java_MongoDB_Connection\src\test\resources
2025-04-20 21:44:18,285 [Worker-39: Building] INFO  o.a.m.s.f.DefaultMavenResourcesFiltering - skip non existing resourceDirectory D:\JDBC\Java_MongoDB_Connection\src\main\resources
2025-04-20 21:44:18,289 [Worker-39: Building] INFO  o.a.m.s.f.DefaultMavenResourcesFiltering - skip non existing resourceDirectory D:\JDBC\Java_MongoDB_Connection\src\test\resources
2025-04-20 21:44:25,658 [Worker-38: Building] INFO  o.a.m.s.f.DefaultMavenResourcesFiltering - skip non existing resourceDirectory D:\JDBC\Java_MongoDB_Connection\src\main\resources
2025-04-20 21:44:25,661 [Worker-38: Building] INFO  o.a.m.s.f.DefaultMavenResourcesFiltering - skip non existing resourceDirectory D:\JDBC\Java_MongoDB_Connection\src\test\resources
2025-04-20 21:44:43,787 [Worker-36: Building] INFO  o.a.m.s.f.DefaultMavenResourcesFiltering - skip non existing resourceDirectory D:\JDBC\Java_MongoDB_Connection\src\main\resources
2025-04-20 21:44:43,790 [Worker-36: Building] INFO  o.a.m.s.f.DefaultMavenResourcesFiltering - skip non existing resourceDirectory D:\JDBC\Java_MongoDB_Connection\src\test\resources
2025-04-20 21:44:47,890 [Worker-38: Building] INFO  o.a.m.s.f.DefaultMavenResourcesFiltering - skip non existing resourceDirectory D:\JDBC\Java_MongoDB_Connection\src\main\resources
2025-04-20 21:44:47,892 [Worker-38: Building] INFO  o.a.m.s.f.DefaultMavenResourcesFiltering - skip non existing resourceDirectory D:\JDBC\Java_MongoDB_Connection\src\test\resources
2025-04-20 21:44:49,460 [Worker-36: Building] INFO  o.a.m.s.f.DefaultMavenResourcesFiltering - skip non existing resourceDirectory D:\JDBC\Java_MongoDB_Connection\src\main\resources
2025-04-20 21:44:49,463 [Worker-36: Building] INFO  o.a.m.s.f.DefaultMavenResourcesFiltering - skip non existing resourceDirectory D:\JDBC\Java_MongoDB_Connection\src\test\resources
2025-04-20 21:45:03,195 [Worker-36: Building] INFO  o.a.m.s.f.DefaultMavenResourcesFiltering - skip non existing resourceDirectory D:\JDBC\Java_MongoDB_Connection\src\main\resources
2025-04-20 21:45:03,197 [Worker-36: Building] INFO  o.a.m.s.f.DefaultMavenResourcesFiltering - skip non existing resourceDirectory D:\JDBC\Java_MongoDB_Connection\src\test\resources
2025-04-20 21:45:27,304 [Worker-36: Building] INFO  o.a.m.s.f.DefaultMavenResourcesFiltering - skip non existing resourceDirectory D:\JDBC\Java_MongoDB_Connection\src\main\resources
2025-04-20 21:45:27,307 [Worker-36: Building] INFO  o.a.m.s.f.DefaultMavenResourcesFiltering - skip non existing resourceDirectory D:\JDBC\Java_MongoDB_Connection\src\test\resources
2025-04-20 21:45:36,200 [Worker-37: Building] INFO  o.a.m.s.f.DefaultMavenResourcesFiltering - skip non existing resourceDirectory D:\JDBC\Java_MongoDB_Connection\src\main\resources
2025-04-20 21:45:36,202 [Worker-37: Building] INFO  o.a.m.s.f.DefaultMavenResourcesFiltering - skip non existing resourceDirectory D:\JDBC\Java_MongoDB_Connection\src\test\resources
2025-04-20 21:45:43,652 [Worker-37: Building] INFO  o.a.m.s.f.DefaultMavenResourcesFiltering - skip non existing resourceDirectory D:\JDBC\Java_MongoDB_Connection\src\main\resources
2025-04-20 21:45:43,654 [Worker-37: Building] INFO  o.a.m.s.f.DefaultMavenResourcesFiltering - skip non existing resourceDirectory D:\JDBC\Java_MongoDB_Connection\src\test\resources
2025-04-20 21:45:48,204 [Worker-36: Building] INFO  o.a.m.s.f.DefaultMavenResourcesFiltering - skip non existing resourceDirectory D:\JDBC\Java_MongoDB_Connection\src\main\resources
2025-04-20 21:45:48,206 [Worker-36: Building] INFO  o.a.m.s.f.DefaultMavenResourcesFiltering - skip non existing resourceDirectory D:\JDBC\Java_MongoDB_Connection\src\test\resources
2025-04-20 21:45:53,280 [Worker-37: Building] INFO  o.a.m.s.f.DefaultMavenResourcesFiltering - skip non existing resourceDirectory D:\JDBC\Java_MongoDB_Connection\src\main\resources
2025-04-20 21:45:53,282 [Worker-37: Building] INFO  o.a.m.s.f.DefaultMavenResourcesFiltering - skip non existing resourceDirectory D:\JDBC\Java_MongoDB_Connection\src\test\resources
2025-04-20 21:46:00,912 [Worker-39: Building] INFO  o.a.m.s.f.DefaultMavenResourcesFiltering - skip non existing resourceDirectory D:\JDBC\Java_MongoDB_Connection\src\main\resources
2025-04-20 21:46:00,914 [Worker-39: Building] INFO  o.a.m.s.f.DefaultMavenResourcesFiltering - skip non existing resourceDirectory D:\JDBC\Java_MongoDB_Connection\src\test\resources
2025-04-20 21:46:08,948 [Worker-37: Building] INFO  o.a.m.s.f.DefaultMavenResourcesFiltering - skip non existing resourceDirectory D:\JDBC\Java_MongoDB_Connection\src\main\resources
2025-04-20 21:46:08,950 [Worker-37: Building] INFO  o.a.m.s.f.DefaultMavenResourcesFiltering - skip non existing resourceDirectory D:\JDBC\Java_MongoDB_Connection\src\test\resources
2025-04-20 21:46:20,246 [Worker-36: Building] INFO  o.a.m.s.f.DefaultMavenResourcesFiltering - skip non existing resourceDirectory D:\JDBC\Java_MongoDB_Connection\src\main\resources
2025-04-20 21:46:20,247 [Worker-36: Building] INFO  o.a.m.s.f.DefaultMavenResourcesFiltering - skip non existing resourceDirectory D:\JDBC\Java_MongoDB_Connection\src\test\resources
2025-04-20 21:46:24,447 [Worker-39: Building] INFO  o.a.m.s.f.DefaultMavenResourcesFiltering - skip non existing resourceDirectory D:\JDBC\Java_MongoDB_Connection\src\main\resources
2025-04-20 21:46:24,449 [Worker-39: Building] INFO  o.a.m.s.f.DefaultMavenResourcesFiltering - skip non existing resourceDirectory D:\JDBC\Java_MongoDB_Connection\src\test\resources
2025-04-20 21:46:26,516 [Worker-37: Building] INFO  o.a.m.s.f.DefaultMavenResourcesFiltering - skip non existing resourceDirectory D:\JDBC\Java_MongoDB_Connection\src\main\resources
2025-04-20 21:46:26,517 [Worker-37: Building] INFO  o.a.m.s.f.DefaultMavenResourcesFiltering - skip non existing resourceDirectory D:\JDBC\Java_MongoDB_Connection\src\test\resources
2025-04-20 21:46:35,015 [Worker-36: Building] INFO  o.a.m.s.f.DefaultMavenResourcesFiltering - skip non existing resourceDirectory D:\JDBC\Java_MongoDB_Connection\src\main\resources
2025-04-20 21:46:35,017 [Worker-36: Building] INFO  o.a.m.s.f.DefaultMavenResourcesFiltering - skip non existing resourceDirectory D:\JDBC\Java_MongoDB_Connection\src\test\resources
2025-04-20 21:46:41,324 [Worker-37: Building] INFO  o.a.m.s.f.DefaultMavenResourcesFiltering - skip non existing resourceDirectory D:\JDBC\Java_MongoDB_Connection\src\main\resources
2025-04-20 21:46:41,327 [Worker-37: Building] INFO  o.a.m.s.f.DefaultMavenResourcesFiltering - skip non existing resourceDirectory D:\JDBC\Java_MongoDB_Connection\src\test\resources
2025-04-20 21:46:44,781 [Worker-39: Building] INFO  o.a.m.s.f.DefaultMavenResourcesFiltering - skip non existing resourceDirectory D:\JDBC\Java_MongoDB_Connection\src\main\resources
2025-04-20 21:46:44,783 [Worker-39: Building] INFO  o.a.m.s.f.DefaultMavenResourcesFiltering - skip non existing resourceDirectory D:\JDBC\Java_MongoDB_Connection\src\test\resources
2025-04-20 21:46:50,340 [Worker-35: Building] INFO  o.a.m.s.f.DefaultMavenResourcesFiltering - skip non existing resourceDirectory D:\JDBC\Java_MongoDB_Connection\src\main\resources
2025-04-20 21:46:50,342 [Worker-35: Building] INFO  o.a.m.s.f.DefaultMavenResourcesFiltering - skip non existing resourceDirectory D:\JDBC\Java_MongoDB_Connection\src\test\resources
2025-04-20 21:46:55,617 [Worker-35: Building] INFO  o.a.m.s.f.DefaultMavenResourcesFiltering - skip non existing resourceDirectory D:\JDBC\Java_MongoDB_Connection\src\main\resources
2025-04-20 21:46:55,619 [Worker-35: Building] INFO  o.a.m.s.f.DefaultMavenResourcesFiltering - skip non existing resourceDirectory D:\JDBC\Java_MongoDB_Connection\src\test\resources
2025-04-20 21:47:00,483 [Worker-40: Building] INFO  o.a.m.s.f.DefaultMavenResourcesFiltering - skip non existing resourceDirectory D:\JDBC\Java_MongoDB_Connection\src\main\resources
2025-04-20 21:47:00,485 [Worker-40: Building] INFO  o.a.m.s.f.DefaultMavenResourcesFiltering - skip non existing resourceDirectory D:\JDBC\Java_MongoDB_Connection\src\test\resources
2025-04-20 21:47:12,730 [Worker-35: Building] INFO  o.a.m.s.f.DefaultMavenResourcesFiltering - skip non existing resourceDirectory D:\JDBC\Java_MongoDB_Connection\src\main\resources
2025-04-20 21:47:12,731 [Worker-35: Building] INFO  o.a.m.s.f.DefaultMavenResourcesFiltering - skip non existing resourceDirectory D:\JDBC\Java_MongoDB_Connection\src\test\resources
2025-04-20 21:47:22,798 [Worker-39: Building] INFO  o.a.m.s.f.DefaultMavenResourcesFiltering - skip non existing resourceDirectory D:\JDBC\Java_MongoDB_Connection\src\main\resources
2025-04-20 21:47:22,801 [Worker-39: Building] INFO  o.a.m.s.f.DefaultMavenResourcesFiltering - skip non existing resourceDirectory D:\JDBC\Java_MongoDB_Connection\src\test\resources
2025-04-20 21:47:26,909 [Worker-35: Building] INFO  o.a.m.s.f.DefaultMavenResourcesFiltering - skip non existing resourceDirectory D:\JDBC\Java_MongoDB_Connection\src\main\resources
2025-04-20 21:47:26,911 [Worker-35: Building] INFO  o.a.m.s.f.DefaultMavenResourcesFiltering - skip non existing resourceDirectory D:\JDBC\Java_MongoDB_Connection\src\test\resources
2025-04-20 21:47:30,902 [Worker-40: Building] INFO  o.a.m.s.f.DefaultMavenResourcesFiltering - skip non existing resourceDirectory D:\JDBC\Java_MongoDB_Connection\src\main\resources
2025-04-20 21:47:30,904 [Worker-40: Building] INFO  o.a.m.s.f.DefaultMavenResourcesFiltering - skip non existing resourceDirectory D:\JDBC\Java_MongoDB_Connection\src\test\resources
2025-04-20 21:47:33,110 [Worker-37: Building] INFO  o.a.m.s.f.DefaultMavenResourcesFiltering - skip non existing resourceDirectory D:\JDBC\Java_MongoDB_Connection\src\main\resources
2025-04-20 21:47:33,112 [Worker-37: Building] INFO  o.a.m.s.f.DefaultMavenResourcesFiltering - skip non existing resourceDirectory D:\JDBC\Java_MongoDB_Connection\src\test\resources
2025-04-20 21:47:36,111 [Worker-38: Building] INFO  o.a.m.s.f.DefaultMavenResourcesFiltering - skip non existing resourceDirectory D:\JDBC\Java_MongoDB_Connection\src\main\resources
2025-04-20 21:47:36,112 [Worker-38: Building] INFO  o.a.m.s.f.DefaultMavenResourcesFiltering - skip non existing resourceDirectory D:\JDBC\Java_MongoDB_Connection\src\test\resources
2025-04-20 21:47:41,400 [Worker-39: Building] INFO  o.a.m.s.f.DefaultMavenResourcesFiltering - skip non existing resourceDirectory D:\JDBC\Java_MongoDB_Connection\src\main\resources
2025-04-20 21:47:41,402 [Worker-39: Building] INFO  o.a.m.s.f.DefaultMavenResourcesFiltering - skip non existing resourceDirectory D:\JDBC\Java_MongoDB_Connection\src\test\resources
2025-04-20 21:47:54,045 [Worker-38: Building] INFO  o.a.m.s.f.DefaultMavenResourcesFiltering - skip non existing resourceDirectory D:\JDBC\Java_MongoDB_Connection\src\main\resources
2025-04-20 21:47:54,047 [Worker-38: Building] INFO  o.a.m.s.f.DefaultMavenResourcesFiltering - skip non existing resourceDirectory D:\JDBC\Java_MongoDB_Connection\src\test\resources
2025-04-20 21:48:00,430 [Worker-37: Building] INFO  o.a.m.s.f.DefaultMavenResourcesFiltering - skip non existing resourceDirectory D:\JDBC\Java_MongoDB_Connection\src\main\resources
2025-04-20 21:48:00,434 [Worker-37: Building] INFO  o.a.m.s.f.DefaultMavenResourcesFiltering - skip non existing resourceDirectory D:\JDBC\Java_MongoDB_Connection\src\test\resources
2025-04-20 21:48:03,529 [Worker-35: Building] INFO  o.a.m.s.f.DefaultMavenResourcesFiltering - skip non existing resourceDirectory D:\JDBC\Java_MongoDB_Connection\src\main\resources
2025-04-20 21:48:03,531 [Worker-35: Building] INFO  o.a.m.s.f.DefaultMavenResourcesFiltering - skip non existing resourceDirectory D:\JDBC\Java_MongoDB_Connection\src\test\resources
2025-04-20 21:48:15,016 [Worker-37: Building] INFO  o.a.m.s.f.DefaultMavenResourcesFiltering - skip non existing resourceDirectory D:\JDBC\Java_MongoDB_Connection\src\main\resources
2025-04-20 21:48:15,021 [Worker-37: Building] INFO  o.a.m.s.f.DefaultMavenResourcesFiltering - skip non existing resourceDirectory D:\JDBC\Java_MongoDB_Connection\src\test\resources
2025-04-20 21:48:53,611 [Worker-40: Building] INFO  o.a.m.s.f.DefaultMavenResourcesFiltering - skip non existing resourceDirectory D:\JDBC\Java_MongoDB_Connection\src\main\resources
2025-04-20 21:48:53,613 [Worker-40: Building] INFO  o.a.m.s.f.DefaultMavenResourcesFiltering - skip non existing resourceDirectory D:\JDBC\Java_MongoDB_Connection\src\test\resources
2025-04-20 21:49:02,244 [Worker-36: Building] INFO  o.a.m.s.f.DefaultMavenResourcesFiltering - skip non existing resourceDirectory D:\JDBC\Java_MongoDB_Connection\src\main\resources
2025-04-20 21:49:02,246 [Worker-36: Building] INFO  o.a.m.s.f.DefaultMavenResourcesFiltering - skip non existing resourceDirectory D:\JDBC\Java_MongoDB_Connection\src\test\resources
2025-04-20 21:49:07,832 [Worker-38: Building] INFO  o.a.m.s.f.DefaultMavenResourcesFiltering - skip non existing resourceDirectory D:\JDBC\Java_MongoDB_Connection\src\main\resources
2025-04-20 21:49:07,834 [Worker-38: Building] INFO  o.a.m.s.f.DefaultMavenResourcesFiltering - skip non existing resourceDirectory D:\JDBC\Java_MongoDB_Connection\src\test\resources
2025-04-20 21:49:26,651 [Worker-38: Building] INFO  o.a.m.s.f.DefaultMavenResourcesFiltering - skip non existing resourceDirectory D:\JDBC\Java_MongoDB_Connection\src\main\resources
2025-04-20 21:49:26,653 [Worker-38: Building] INFO  o.a.m.s.f.DefaultMavenResourcesFiltering - skip non existing resourceDirectory D:\JDBC\Java_MongoDB_Connection\src\test\resources
2025-04-20 21:49:29,213 [Worker-38: Building] INFO  o.a.m.s.f.DefaultMavenResourcesFiltering - skip non existing resourceDirectory D:\JDBC\Java_MongoDB_Connection\src\main\resources
2025-04-20 21:49:29,216 [Worker-38: Building] INFO  o.a.m.s.f.DefaultMavenResourcesFiltering - skip non existing resourceDirectory D:\JDBC\Java_MongoDB_Connection\src\test\resources
2025-04-20 21:49:33,601 [Worker-35: Building] INFO  o.a.m.s.f.DefaultMavenResourcesFiltering - skip non existing resourceDirectory D:\JDBC\Java_MongoDB_Connection\src\main\resources
2025-04-20 21:49:33,603 [Worker-35: Building] INFO  o.a.m.s.f.DefaultMavenResourcesFiltering - skip non existing resourceDirectory D:\JDBC\Java_MongoDB_Connection\src\test\resources
2025-04-20 21:52:13,957 [Worker-42: Building] INFO  o.a.m.s.f.DefaultMavenResourcesFiltering - skip non existing resourceDirectory D:\JDBC\Java_MongoDB_Connection\src\main\resources
2025-04-20 21:52:13,959 [Worker-42: Building] INFO  o.a.m.s.f.DefaultMavenResourcesFiltering - skip non existing resourceDirectory D:\JDBC\Java_MongoDB_Connection\src\test\resources
2025-04-20 21:52:17,131 [Worker-43: Building] INFO  o.a.m.s.f.DefaultMavenResourcesFiltering - skip non existing resourceDirectory D:\JDBC\Java_MongoDB_Connection\src\main\resources
2025-04-20 21:52:17,132 [Worker-43: Building] INFO  o.a.m.s.f.DefaultMavenResourcesFiltering - skip non existing resourceDirectory D:\JDBC\Java_MongoDB_Connection\src\test\resources
2025-04-20 21:52:38,344 [Worker-41: Building] INFO  o.a.m.s.f.DefaultMavenResourcesFiltering - skip non existing resourceDirectory D:\JDBC\Java_MongoDB_Connection\src\main\resources
2025-04-20 21:52:38,346 [Worker-41: Building] INFO  o.a.m.s.f.DefaultMavenResourcesFiltering - skip non existing resourceDirectory D:\JDBC\Java_MongoDB_Connection\src\test\resources
2025-04-20 21:52:59,989 [Worker-42: Building] INFO  o.a.m.s.f.DefaultMavenResourcesFiltering - skip non existing resourceDirectory D:\JDBC\Java_MongoDB_Connection\src\main\resources
2025-04-20 21:52:59,991 [Worker-42: Building] INFO  o.a.m.s.f.DefaultMavenResourcesFiltering - skip non existing resourceDirectory D:\JDBC\Java_MongoDB_Connection\src\test\resources
2025-04-20 21:53:01,587 [Worker-41: Building] INFO  o.a.m.s.f.DefaultMavenResourcesFiltering - skip non existing resourceDirectory D:\JDBC\Java_MongoDB_Connection\src\main\resources
2025-04-20 21:53:01,589 [Worker-41: Building] INFO  o.a.m.s.f.DefaultMavenResourcesFiltering - skip non existing resourceDirectory D:\JDBC\Java_MongoDB_Connection\src\test\resources
2025-04-20 21:53:07,439 [Worker-41: Building] INFO  o.a.m.s.f.DefaultMavenResourcesFiltering - skip non existing resourceDirectory D:\JDBC\Java_MongoDB_Connection\src\main\resources
2025-04-20 21:53:07,441 [Worker-41: Building] INFO  o.a.m.s.f.DefaultMavenResourcesFiltering - skip non existing resourceDirectory D:\JDBC\Java_MongoDB_Connection\src\test\resources
2025-04-20 21:53:15,245 [Worker-40: Building] INFO  o.a.m.s.f.DefaultMavenResourcesFiltering - skip non existing resourceDirectory D:\JDBC\Java_MongoDB_Connection\src\main\resources
2025-04-20 21:53:15,247 [Worker-40: Building] INFO  o.a.m.s.f.DefaultMavenResourcesFiltering - skip non existing resourceDirectory D:\JDBC\Java_MongoDB_Connection\src\test\resources
2025-04-20 21:53:18,214 [Worker-42: Building] INFO  o.a.m.s.f.DefaultMavenResourcesFiltering - skip non existing resourceDirectory D:\JDBC\Java_MongoDB_Connection\src\main\resources
2025-04-20 21:53:18,216 [Worker-42: Building] INFO  o.a.m.s.f.DefaultMavenResourcesFiltering - skip non existing resourceDirectory D:\JDBC\Java_MongoDB_Connection\src\test\resources
2025-04-20 21:53:26,905 [Worker-40: Building] INFO  o.a.m.s.f.DefaultMavenResourcesFiltering - skip non existing resourceDirectory D:\JDBC\Java_MongoDB_Connection\src\main\resources
2025-04-20 21:53:26,907 [Worker-40: Building] INFO  o.a.m.s.f.DefaultMavenResourcesFiltering - skip non existing resourceDirectory D:\JDBC\Java_MongoDB_Connection\src\test\resources
2025-04-20 21:53:29,338 [Worker-37: Building] INFO  o.a.m.s.f.DefaultMavenResourcesFiltering - skip non existing resourceDirectory D:\JDBC\Java_MongoDB_Connection\src\main\resources
2025-04-20 21:53:29,341 [Worker-37: Building] INFO  o.a.m.s.f.DefaultMavenResourcesFiltering - skip non existing resourceDirectory D:\JDBC\Java_MongoDB_Connection\src\test\resources
2025-04-20 21:53:31,503 [Worker-40: Building] INFO  o.a.m.s.f.DefaultMavenResourcesFiltering - skip non existing resourceDirectory D:\JDBC\Java_MongoDB_Connection\src\main\resources
2025-04-20 21:53:31,505 [Worker-40: Building] INFO  o.a.m.s.f.DefaultMavenResourcesFiltering - skip non existing resourceDirectory D:\JDBC\Java_MongoDB_Connection\src\test\resources
2025-04-20 21:53:33,477 [Worker-43: Building] INFO  o.a.m.s.f.DefaultMavenResourcesFiltering - skip non existing resourceDirectory D:\JDBC\Java_MongoDB_Connection\src\main\resources
2025-04-20 21:53:33,480 [Worker-43: Building] INFO  o.a.m.s.f.DefaultMavenResourcesFiltering - skip non existing resourceDirectory D:\JDBC\Java_MongoDB_Connection\src\test\resources
2025-04-20 21:53:37,294 [Worker-42: Building] INFO  o.a.m.s.f.DefaultMavenResourcesFiltering - skip non existing resourceDirectory D:\JDBC\Java_MongoDB_Connection\src\main\resources
2025-04-20 21:53:37,296 [Worker-42: Building] INFO  o.a.m.s.f.DefaultMavenResourcesFiltering - skip non existing resourceDirectory D:\JDBC\Java_MongoDB_Connection\src\test\resources
2025-04-20 21:53:39,320 [Worker-41: Building] INFO  o.a.m.s.f.DefaultMavenResourcesFiltering - skip non existing resourceDirectory D:\JDBC\Java_MongoDB_Connection\src\main\resources
2025-04-20 21:53:39,322 [Worker-41: Building] INFO  o.a.m.s.f.DefaultMavenResourcesFiltering - skip non existing resourceDirectory D:\JDBC\Java_MongoDB_Connection\src\test\resources
2025-04-20 21:53:44,814 [Worker-37: Building] INFO  o.a.m.s.f.DefaultMavenResourcesFiltering - skip non existing resourceDirectory D:\JDBC\Java_MongoDB_Connection\src\main\resources
2025-04-20 21:53:44,815 [Worker-37: Building] INFO  o.a.m.s.f.DefaultMavenResourcesFiltering - skip non existing resourceDirectory D:\JDBC\Java_MongoDB_Connection\src\test\resources
2025-04-20 21:53:52,827 [Worker-40: Building] INFO  o.a.m.s.f.DefaultMavenResourcesFiltering - skip non existing resourceDirectory D:\JDBC\Java_MongoDB_Connection\src\main\resources
2025-04-20 21:53:52,828 [Worker-40: Building] INFO  o.a.m.s.f.DefaultMavenResourcesFiltering - skip non existing resourceDirectory D:\JDBC\Java_MongoDB_Connection\src\test\resources
2025-04-20 21:53:56,882 [Worker-37: Building] INFO  o.a.m.s.f.DefaultMavenResourcesFiltering - skip non existing resourceDirectory D:\JDBC\Java_MongoDB_Connection\src\main\resources
2025-04-20 21:53:56,884 [Worker-37: Building] INFO  o.a.m.s.f.DefaultMavenResourcesFiltering - skip non existing resourceDirectory D:\JDBC\Java_MongoDB_Connection\src\test\resources
2025-04-20 21:54:04,359 [Worker-43: Building] INFO  o.a.m.s.f.DefaultMavenResourcesFiltering - skip non existing resourceDirectory D:\JDBC\Java_MongoDB_Connection\src\main\resources
2025-04-20 21:54:04,361 [Worker-43: Building] INFO  o.a.m.s.f.DefaultMavenResourcesFiltering - skip non existing resourceDirectory D:\JDBC\Java_MongoDB_Connection\src\test\resources
2025-04-20 21:54:25,376 [Worker-37: Building] INFO  o.a.m.s.f.DefaultMavenResourcesFiltering - skip non existing resourceDirectory D:\JDBC\Java_MongoDB_Connection\src\main\resources
2025-04-20 21:54:25,377 [Worker-37: Building] INFO  o.a.m.s.f.DefaultMavenResourcesFiltering - skip non existing resourceDirectory D:\JDBC\Java_MongoDB_Connection\src\test\resources
2025-04-20 21:54:31,756 [Worker-37: Building] INFO  o.a.m.s.f.DefaultMavenResourcesFiltering - skip non existing resourceDirectory D:\JDBC\Java_MongoDB_Connection\src\main\resources
2025-04-20 21:54:31,758 [Worker-37: Building] INFO  o.a.m.s.f.DefaultMavenResourcesFiltering - skip non existing resourceDirectory D:\JDBC\Java_MongoDB_Connection\src\test\resources
2025-04-20 21:54:33,391 [Worker-40: Building] INFO  o.a.m.s.f.DefaultMavenResourcesFiltering - skip non existing resourceDirectory D:\JDBC\Java_MongoDB_Connection\src\main\resources
2025-04-20 21:54:33,392 [Worker-40: Building] INFO  o.a.m.s.f.DefaultMavenResourcesFiltering - skip non existing resourceDirectory D:\JDBC\Java_MongoDB_Connection\src\test\resources
2025-04-20 21:54:37,694 [Worker-42: Building] INFO  o.a.m.s.f.DefaultMavenResourcesFiltering - skip non existing resourceDirectory D:\JDBC\Java_MongoDB_Connection\src\main\resources
2025-04-20 21:54:37,695 [Worker-42: Building] INFO  o.a.m.s.f.DefaultMavenResourcesFiltering - skip non existing resourceDirectory D:\JDBC\Java_MongoDB_Connection\src\test\resources
2025-04-20 21:54:39,966 [Worker-43: Building] INFO  o.a.m.s.f.DefaultMavenResourcesFiltering - skip non existing resourceDirectory D:\JDBC\Java_MongoDB_Connection\src\main\resources
2025-04-20 21:54:39,968 [Worker-43: Building] INFO  o.a.m.s.f.DefaultMavenResourcesFiltering - skip non existing resourceDirectory D:\JDBC\Java_MongoDB_Connection\src\test\resources
2025-04-20 21:55:07,238 [Worker-37: Building] INFO  o.a.m.s.f.DefaultMavenResourcesFiltering - skip non existing resourceDirectory D:\JDBC\Java_MongoDB_Connection\src\main\resources
2025-04-20 21:55:07,240 [Worker-37: Building] INFO  o.a.m.s.f.DefaultMavenResourcesFiltering - skip non existing resourceDirectory D:\JDBC\Java_MongoDB_Connection\src\test\resources
2025-04-20 21:55:10,129 [Worker-37: Building] INFO  o.a.m.s.f.DefaultMavenResourcesFiltering - skip non existing resourceDirectory D:\JDBC\Java_MongoDB_Connection\src\main\resources
2025-04-20 21:55:10,130 [Worker-37: Building] INFO  o.a.m.s.f.DefaultMavenResourcesFiltering - skip non existing resourceDirectory D:\JDBC\Java_MongoDB_Connection\src\test\resources
2025-04-20 21:55:22,174 [Worker-40: Building] INFO  o.a.m.s.f.DefaultMavenResourcesFiltering - skip non existing resourceDirectory D:\JDBC\Java_MongoDB_Connection\src\main\resources
2025-04-20 21:55:22,176 [Worker-40: Building] INFO  o.a.m.s.f.DefaultMavenResourcesFiltering - skip non existing resourceDirectory D:\JDBC\Java_MongoDB_Connection\src\test\resources
2025-04-20 21:55:58,279 [Worker-41: Building] INFO  o.a.m.s.f.DefaultMavenResourcesFiltering - skip non existing resourceDirectory D:\JDBC\Java_MongoDB_Connection\src\main\resources
2025-04-20 21:55:58,281 [Worker-41: Building] INFO  o.a.m.s.f.DefaultMavenResourcesFiltering - skip non existing resourceDirectory D:\JDBC\Java_MongoDB_Connection\src\test\resources
2025-04-20 21:56:03,077 [Worker-41: Building] INFO  o.a.m.s.f.DefaultMavenResourcesFiltering - skip non existing resourceDirectory D:\JDBC\Java_MongoDB_Connection\src\main\resources
2025-04-20 21:56:03,079 [Worker-41: Building] INFO  o.a.m.s.f.DefaultMavenResourcesFiltering - skip non existing resourceDirectory D:\JDBC\Java_MongoDB_Connection\src\test\resources
2025-04-20 21:56:06,925 [Worker-41: Building] INFO  o.a.m.s.f.DefaultMavenResourcesFiltering - skip non existing resourceDirectory D:\JDBC\Java_MongoDB_Connection\src\main\resources
2025-04-20 21:56:06,927 [Worker-41: Building] INFO  o.a.m.s.f.DefaultMavenResourcesFiltering - skip non existing resourceDirectory D:\JDBC\Java_MongoDB_Connection\src\test\resources
2025-04-20 21:56:12,318 [Worker-43: Building] INFO  o.a.m.s.f.DefaultMavenResourcesFiltering - skip non existing resourceDirectory D:\JDBC\Java_MongoDB_Connection\src\main\resources
2025-04-20 21:56:12,321 [Worker-43: Building] INFO  o.a.m.s.f.DefaultMavenResourcesFiltering - skip non existing resourceDirectory D:\JDBC\Java_MongoDB_Connection\src\test\resources
2025-04-20 21:56:24,274 [Worker-37: Building] INFO  o.a.m.s.f.DefaultMavenResourcesFiltering - skip non existing resourceDirectory D:\JDBC\Java_MongoDB_Connection\src\main\resources
2025-04-20 21:56:24,276 [Worker-37: Building] INFO  o.a.m.s.f.DefaultMavenResourcesFiltering - skip non existing resourceDirectory D:\JDBC\Java_MongoDB_Connection\src\test\resources
2025-04-20 21:56:26,955 [Worker-43: Building] INFO  o.a.m.s.f.DefaultMavenResourcesFiltering - skip non existing resourceDirectory D:\JDBC\Java_MongoDB_Connection\src\main\resources
2025-04-20 21:56:26,956 [Worker-43: Building] INFO  o.a.m.s.f.DefaultMavenResourcesFiltering - skip non existing resourceDirectory D:\JDBC\Java_MongoDB_Connection\src\test\resources
2025-04-20 21:56:35,399 [Worker-41: Building] INFO  o.a.m.s.f.DefaultMavenResourcesFiltering - skip non existing resourceDirectory D:\JDBC\Java_MongoDB_Connection\src\main\resources
2025-04-20 21:56:35,402 [Worker-41: Building] INFO  o.a.m.s.f.DefaultMavenResourcesFiltering - skip non existing resourceDirectory D:\JDBC\Java_MongoDB_Connection\src\test\resources
2025-04-20 21:56:37,416 [Worker-42: Building] INFO  o.a.m.s.f.DefaultMavenResourcesFiltering - skip non existing resourceDirectory D:\JDBC\Java_MongoDB_Connection\src\main\resources
2025-04-20 21:56:37,418 [Worker-42: Building] INFO  o.a.m.s.f.DefaultMavenResourcesFiltering - skip non existing resourceDirectory D:\JDBC\Java_MongoDB_Connection\src\test\resources
2025-04-20 21:56:39,600 [Worker-37: Building] INFO  o.a.m.s.f.DefaultMavenResourcesFiltering - skip non existing resourceDirectory D:\JDBC\Java_MongoDB_Connection\src\main\resources
2025-04-20 21:56:39,602 [Worker-37: Building] INFO  o.a.m.s.f.DefaultMavenResourcesFiltering - skip non existing resourceDirectory D:\JDBC\Java_MongoDB_Connection\src\test\resources
2025-04-20 21:56:47,852 [Worker-41: Building] INFO  o.a.m.s.f.DefaultMavenResourcesFiltering - skip non existing resourceDirectory D:\JDBC\Java_MongoDB_Connection\src\main\resources
2025-04-20 21:56:47,854 [Worker-41: Building] INFO  o.a.m.s.f.DefaultMavenResourcesFiltering - skip non existing resourceDirectory D:\JDBC\Java_MongoDB_Connection\src\test\resources
2025-04-20 21:56:50,865 [Worker-41: Building] INFO  o.a.m.s.f.DefaultMavenResourcesFiltering - skip non existing resourceDirectory D:\JDBC\Java_MongoDB_Connection\src\main\resources
2025-04-20 21:56:50,867 [Worker-41: Building] INFO  o.a.m.s.f.DefaultMavenResourcesFiltering - skip non existing resourceDirectory D:\JDBC\Java_MongoDB_Connection\src\test\resources
2025-04-20 21:56:54,014 [Worker-40: Building] INFO  o.a.m.s.f.DefaultMavenResourcesFiltering - skip non existing resourceDirectory D:\JDBC\Java_MongoDB_Connection\src\main\resources
2025-04-20 21:56:54,016 [Worker-40: Building] INFO  o.a.m.s.f.DefaultMavenResourcesFiltering - skip non existing resourceDirectory D:\JDBC\Java_MongoDB_Connection\src\test\resources
2025-04-20 21:57:03,420 [Worker-40: Building] INFO  o.a.m.s.f.DefaultMavenResourcesFiltering - skip non existing resourceDirectory D:\JDBC\Java_MongoDB_Connection\src\main\resources
2025-04-20 21:57:03,422 [Worker-40: Building] INFO  o.a.m.s.f.DefaultMavenResourcesFiltering - skip non existing resourceDirectory D:\JDBC\Java_MongoDB_Connection\src\test\resources
2025-04-20 21:57:39,969 [Worker-43: Building] INFO  o.a.m.s.f.DefaultMavenResourcesFiltering - skip non existing resourceDirectory D:\JDBC\Java_MongoDB_Connection\src\main\resources
2025-04-20 21:57:39,970 [Worker-43: Building] INFO  o.a.m.s.f.DefaultMavenResourcesFiltering - skip non existing resourceDirectory D:\JDBC\Java_MongoDB_Connection\src\test\resources
2025-04-20 21:57:45,166 [Worker-40: Building] INFO  o.a.m.s.f.DefaultMavenResourcesFiltering - skip non existing resourceDirectory D:\JDBC\Java_MongoDB_Connection\src\main\resources
2025-04-20 21:57:45,166 [Worker-40: Building] INFO  o.a.m.s.f.DefaultMavenResourcesFiltering - skip non existing resourceDirectory D:\JDBC\Java_MongoDB_Connection\src\test\resources
2025-04-20 21:57:52,512 [Worker-37: Building] INFO  o.a.m.s.f.DefaultMavenResourcesFiltering - skip non existing resourceDirectory D:\JDBC\Java_MongoDB_Connection\src\main\resources
2025-04-20 21:57:52,513 [Worker-37: Building] INFO  o.a.m.s.f.DefaultMavenResourcesFiltering - skip non existing resourceDirectory D:\JDBC\Java_MongoDB_Connection\src\test\resources
2025-04-20 21:59:11,892 [Worker-42: Building] INFO  o.a.m.s.f.DefaultMavenResourcesFiltering - skip non existing resourceDirectory D:\JDBC\Java_MongoDB_Connection\src\main\resources
2025-04-20 21:59:11,893 [Worker-42: Building] INFO  o.a.m.s.f.DefaultMavenResourcesFiltering - skip non existing resourceDirectory D:\JDBC\Java_MongoDB_Connection\src\test\resources
2025-04-20 21:59:40,556 [Worker-41: Building] INFO  o.a.m.s.f.DefaultMavenResourcesFiltering - skip non existing resourceDirectory D:\JDBC\Java_MongoDB_Connection\src\main\resources
2025-04-20 21:59:40,557 [Worker-41: Building] INFO  o.a.m.s.f.DefaultMavenResourcesFiltering - skip non existing resourceDirectory D:\JDBC\Java_MongoDB_Connection\src\test\resources
2025-04-20 21:59:42,528 [Worker-41: Building] INFO  o.a.m.s.f.DefaultMavenResourcesFiltering - skip non existing resourceDirectory D:\JDBC\Java_MongoDB_Connection\src\main\resources
2025-04-20 21:59:42,529 [Worker-41: Building] INFO  o.a.m.s.f.DefaultMavenResourcesFiltering - skip non existing resourceDirectory D:\JDBC\Java_MongoDB_Connection\src\test\resources
2025-04-20 22:00:09,728 [Worker-43: Building] INFO  o.a.m.s.f.DefaultMavenResourcesFiltering - skip non existing resourceDirectory D:\JDBC\Java_MongoDB_Connection\src\main\resources
2025-04-20 22:00:09,729 [Worker-43: Building] INFO  o.a.m.s.f.DefaultMavenResourcesFiltering - skip non existing resourceDirectory D:\JDBC\Java_MongoDB_Connection\src\test\resources
2025-04-20 22:00:20,988 [Worker-42: Building] INFO  o.a.m.s.f.DefaultMavenResourcesFiltering - skip non existing resourceDirectory D:\JDBC\Java_MongoDB_Connection\src\main\resources
2025-04-20 22:00:20,988 [Worker-42: Building] INFO  o.a.m.s.f.DefaultMavenResourcesFiltering - skip non existing resourceDirectory D:\JDBC\Java_MongoDB_Connection\src\test\resources
2025-04-20 22:00:30,436 [Worker-41: Building] INFO  o.a.m.s.f.DefaultMavenResourcesFiltering - skip non existing resourceDirectory D:\JDBC\Java_MongoDB_Connection\src\main\resources
2025-04-20 22:00:30,437 [Worker-41: Building] INFO  o.a.m.s.f.DefaultMavenResourcesFiltering - skip non existing resourceDirectory D:\JDBC\Java_MongoDB_Connection\src\test\resources
2025-04-20 22:00:34,060 [Worker-41: Building] INFO  o.a.m.s.f.DefaultMavenResourcesFiltering - skip non existing resourceDirectory D:\JDBC\Java_MongoDB_Connection\src\main\resources
2025-04-20 22:00:34,061 [Worker-41: Building] INFO  o.a.m.s.f.DefaultMavenResourcesFiltering - skip non existing resourceDirectory D:\JDBC\Java_MongoDB_Connection\src\test\resources
2025-04-20 22:00:43,693 [Worker-43: Building] INFO  o.a.m.s.f.DefaultMavenResourcesFiltering - skip non existing resourceDirectory D:\JDBC\Java_MongoDB_Connection\src\main\resources
2025-04-20 22:00:43,694 [Worker-43: Building] INFO  o.a.m.s.f.DefaultMavenResourcesFiltering - skip non existing resourceDirectory D:\JDBC\Java_MongoDB_Connection\src\test\resources
2025-04-20 22:01:02,633 [Worker-43: Building] INFO  o.a.m.s.f.DefaultMavenResourcesFiltering - skip non existing resourceDirectory D:\JDBC\Java_MongoDB_Connection\src\main\resources
2025-04-20 22:01:02,635 [Worker-43: Building] INFO  o.a.m.s.f.DefaultMavenResourcesFiltering - skip non existing resourceDirectory D:\JDBC\Java_MongoDB_Connection\src\test\resources
2025-04-20 22:01:09,604 [Worker-41: Building] INFO  o.a.m.s.f.DefaultMavenResourcesFiltering - skip non existing resourceDirectory D:\JDBC\Java_MongoDB_Connection\src\main\resources
2025-04-20 22:01:09,605 [Worker-41: Building] INFO  o.a.m.s.f.DefaultMavenResourcesFiltering - skip non existing resourceDirectory D:\JDBC\Java_MongoDB_Connection\src\test\resources
2025-04-20 22:01:13,625 [Worker-43: Building] INFO  o.a.m.s.f.DefaultMavenResourcesFiltering - skip non existing resourceDirectory D:\JDBC\Java_MongoDB_Connection\src\main\resources
2025-04-20 22:01:13,626 [Worker-43: Building] INFO  o.a.m.s.f.DefaultMavenResourcesFiltering - skip non existing resourceDirectory D:\JDBC\Java_MongoDB_Connection\src\test\resources
2025-04-20 22:01:39,709 [Worker-42: Building] INFO  o.a.m.s.f.DefaultMavenResourcesFiltering - skip non existing resourceDirectory D:\JDBC\Java_MongoDB_Connection\src\main\resources
2025-04-20 22:01:39,710 [Worker-42: Building] INFO  o.a.m.s.f.DefaultMavenResourcesFiltering - skip non existing resourceDirectory D:\JDBC\Java_MongoDB_Connection\src\test\resources
2025-04-20 22:01:46,359 [Worker-41: Building] INFO  o.a.m.s.f.DefaultMavenResourcesFiltering - skip non existing resourceDirectory D:\JDBC\Java_MongoDB_Connection\src\main\resources
2025-04-20 22:01:46,360 [Worker-41: Building] INFO  o.a.m.s.f.DefaultMavenResourcesFiltering - skip non existing resourceDirectory D:\JDBC\Java_MongoDB_Connection\src\test\resources
2025-04-20 22:01:52,656 [Worker-37: Building] INFO  o.a.m.s.f.DefaultMavenResourcesFiltering - skip non existing resourceDirectory D:\JDBC\Java_MongoDB_Connection\src\main\resources
2025-04-20 22:01:52,657 [Worker-37: Building] INFO  o.a.m.s.f.DefaultMavenResourcesFiltering - skip non existing resourceDirectory D:\JDBC\Java_MongoDB_Connection\src\test\resources
2025-04-20 22:01:56,428 [Worker-43: Building] INFO  o.a.m.s.f.DefaultMavenResourcesFiltering - skip non existing resourceDirectory D:\JDBC\Java_MongoDB_Connection\src\main\resources
2025-04-20 22:01:56,429 [Worker-43: Building] INFO  o.a.m.s.f.DefaultMavenResourcesFiltering - skip non existing resourceDirectory D:\JDBC\Java_MongoDB_Connection\src\test\resources
2025-04-20 22:01:59,688 [Worker-37: Building] INFO  o.a.m.s.f.DefaultMavenResourcesFiltering - skip non existing resourceDirectory D:\JDBC\Java_MongoDB_Connection\src\main\resources
2025-04-20 22:01:59,689 [Worker-37: Building] INFO  o.a.m.s.f.DefaultMavenResourcesFiltering - skip non existing resourceDirectory D:\JDBC\Java_MongoDB_Connection\src\test\resources
2025-04-20 22:02:09,084 [Worker-43: Building] INFO  o.a.m.s.f.DefaultMavenResourcesFiltering - skip non existing resourceDirectory D:\JDBC\Java_MongoDB_Connection\src\main\resources
2025-04-20 22:02:09,085 [Worker-43: Building] INFO  o.a.m.s.f.DefaultMavenResourcesFiltering - skip non existing resourceDirectory D:\JDBC\Java_MongoDB_Connection\src\test\resources
2025-04-20 22:02:11,942 [Worker-42: Building] INFO  o.a.m.s.f.DefaultMavenResourcesFiltering - skip non existing resourceDirectory D:\JDBC\Java_MongoDB_Connection\src\main\resources
2025-04-20 22:02:11,943 [Worker-42: Building] INFO  o.a.m.s.f.DefaultMavenResourcesFiltering - skip non existing resourceDirectory D:\JDBC\Java_MongoDB_Connection\src\test\resources
2025-04-20 22:02:16,175 [Worker-42: Building] INFO  o.a.m.s.f.DefaultMavenResourcesFiltering - skip non existing resourceDirectory D:\JDBC\Java_MongoDB_Connection\src\main\resources
2025-04-20 22:02:16,176 [Worker-42: Building] INFO  o.a.m.s.f.DefaultMavenResourcesFiltering - skip non existing resourceDirectory D:\JDBC\Java_MongoDB_Connection\src\test\resources
2025-04-20 22:02:21,040 [Worker-43: Building] INFO  o.a.m.s.f.DefaultMavenResourcesFiltering - skip non existing resourceDirectory D:\JDBC\Java_MongoDB_Connection\src\main\resources
2025-04-20 22:02:21,041 [Worker-43: Building] INFO  o.a.m.s.f.DefaultMavenResourcesFiltering - skip non existing resourceDirectory D:\JDBC\Java_MongoDB_Connection\src\test\resources
2025-04-20 22:02:38,564 [Worker-42: Building] INFO  o.a.m.s.f.DefaultMavenResourcesFiltering - skip non existing resourceDirectory D:\JDBC\Java_MongoDB_Connection\src\main\resources
2025-04-20 22:02:38,565 [Worker-42: Building] INFO  o.a.m.s.f.DefaultMavenResourcesFiltering - skip non existing resourceDirectory D:\JDBC\Java_MongoDB_Connection\src\test\resources
2025-04-20 22:02:40,180 [Worker-40: Building] INFO  o.a.m.s.f.DefaultMavenResourcesFiltering - skip non existing resourceDirectory D:\JDBC\Java_MongoDB_Connection\src\main\resources
2025-04-20 22:02:40,180 [Worker-40: Building] INFO  o.a.m.s.f.DefaultMavenResourcesFiltering - skip non existing resourceDirectory D:\JDBC\Java_MongoDB_Connection\src\test\resources
2025-04-20 22:02:46,549 [Worker-43: Building] INFO  o.a.m.s.f.DefaultMavenResourcesFiltering - skip non existing resourceDirectory D:\JDBC\Java_MongoDB_Connection\src\main\resources
2025-04-20 22:02:46,549 [Worker-43: Building] INFO  o.a.m.s.f.DefaultMavenResourcesFiltering - skip non existing resourceDirectory D:\JDBC\Java_MongoDB_Connection\src\test\resources
2025-04-20 22:03:00,436 [Worker-40: Building] INFO  o.a.m.s.f.DefaultMavenResourcesFiltering - skip non existing resourceDirectory D:\JDBC\Java_MongoDB_Connection\src\main\resources
2025-04-20 22:03:00,437 [Worker-40: Building] INFO  o.a.m.s.f.DefaultMavenResourcesFiltering - skip non existing resourceDirectory D:\JDBC\Java_MongoDB_Connection\src\test\resources
2025-04-20 22:03:04,226 [Worker-43: Building] INFO  o.a.m.s.f.DefaultMavenResourcesFiltering - skip non existing resourceDirectory D:\JDBC\Java_MongoDB_Connection\src\main\resources
2025-04-20 22:03:04,227 [Worker-43: Building] INFO  o.a.m.s.f.DefaultMavenResourcesFiltering - skip non existing resourceDirectory D:\JDBC\Java_MongoDB_Connection\src\test\resources
2025-04-20 22:03:10,934 [Worker-43: Building] INFO  o.a.m.s.f.DefaultMavenResourcesFiltering - skip non existing resourceDirectory D:\JDBC\Java_MongoDB_Connection\src\main\resources
2025-04-20 22:03:10,935 [Worker-43: Building] INFO  o.a.m.s.f.DefaultMavenResourcesFiltering - skip non existing resourceDirectory D:\JDBC\Java_MongoDB_Connection\src\test\resources
2025-04-20 22:03:13,005 [Worker-37: Building] INFO  o.a.m.s.f.DefaultMavenResourcesFiltering - skip non existing resourceDirectory D:\JDBC\Java_MongoDB_Connection\src\main\resources
2025-04-20 22:03:13,006 [Worker-37: Building] INFO  o.a.m.s.f.DefaultMavenResourcesFiltering - skip non existing resourceDirectory D:\JDBC\Java_MongoDB_Connection\src\test\resources
2025-04-20 22:03:16,427 [Worker-42: Building] INFO  o.a.m.s.f.DefaultMavenResourcesFiltering - skip non existing resourceDirectory D:\JDBC\Java_MongoDB_Connection\src\main\resources
2025-04-20 22:03:16,427 [Worker-42: Building] INFO  o.a.m.s.f.DefaultMavenResourcesFiltering - skip non existing resourceDirectory D:\JDBC\Java_MongoDB_Connection\src\test\resources
2025-04-20 22:03:22,780 [Worker-43: Building] INFO  o.a.m.s.f.DefaultMavenResourcesFiltering - skip non existing resourceDirectory D:\JDBC\Java_MongoDB_Connection\src\main\resources
2025-04-20 22:03:22,781 [Worker-43: Building] INFO  o.a.m.s.f.DefaultMavenResourcesFiltering - skip non existing resourceDirectory D:\JDBC\Java_MongoDB_Connection\src\test\resources
2025-04-20 22:03:27,514 [Worker-43: Building] INFO  o.a.m.s.f.DefaultMavenResourcesFiltering - skip non existing resourceDirectory D:\JDBC\Java_MongoDB_Connection\src\main\resources
2025-04-20 22:03:27,514 [Worker-43: Building] INFO  o.a.m.s.f.DefaultMavenResourcesFiltering - skip non existing resourceDirectory D:\JDBC\Java_MongoDB_Connection\src\test\resources
2025-04-20 22:03:31,568 [Worker-40: Building] INFO  o.a.m.s.f.DefaultMavenResourcesFiltering - skip non existing resourceDirectory D:\JDBC\Java_MongoDB_Connection\src\main\resources
2025-04-20 22:03:31,569 [Worker-40: Building] INFO  o.a.m.s.f.DefaultMavenResourcesFiltering - skip non existing resourceDirectory D:\JDBC\Java_MongoDB_Connection\src\test\resources
2025-04-20 22:03:39,331 [Worker-41: Building] INFO  o.a.m.s.f.DefaultMavenResourcesFiltering - skip non existing resourceDirectory D:\JDBC\Java_MongoDB_Connection\src\main\resources
2025-04-20 22:03:39,332 [Worker-41: Building] INFO  o.a.m.s.f.DefaultMavenResourcesFiltering - skip non existing resourceDirectory D:\JDBC\Java_MongoDB_Connection\src\test\resources
2025-04-20 22:03:43,288 [Worker-41: Building] INFO  o.a.m.s.f.DefaultMavenResourcesFiltering - skip non existing resourceDirectory D:\JDBC\Java_MongoDB_Connection\src\main\resources
2025-04-20 22:03:43,289 [Worker-41: Building] INFO  o.a.m.s.f.DefaultMavenResourcesFiltering - skip non existing resourceDirectory D:\JDBC\Java_MongoDB_Connection\src\test\resources
2025-04-20 22:03:48,604 [Worker-40: Building] INFO  o.a.m.s.f.DefaultMavenResourcesFiltering - skip non existing resourceDirectory D:\JDBC\Java_MongoDB_Connection\src\main\resources
2025-04-20 22:03:48,605 [Worker-40: Building] INFO  o.a.m.s.f.DefaultMavenResourcesFiltering - skip non existing resourceDirectory D:\JDBC\Java_MongoDB_Connection\src\test\resources
2025-04-20 22:04:05,308 [Worker-42: Building] INFO  o.a.m.s.f.DefaultMavenResourcesFiltering - skip non existing resourceDirectory D:\JDBC\Java_MongoDB_Connection\src\main\resources
2025-04-20 22:04:05,309 [Worker-42: Building] INFO  o.a.m.s.f.DefaultMavenResourcesFiltering - skip non existing resourceDirectory D:\JDBC\Java_MongoDB_Connection\src\test\resources
2025-04-20 22:04:07,818 [Worker-40: Building] INFO  o.a.m.s.f.DefaultMavenResourcesFiltering - skip non existing resourceDirectory D:\JDBC\Java_MongoDB_Connection\src\main\resources
2025-04-20 22:04:07,819 [Worker-40: Building] INFO  o.a.m.s.f.DefaultMavenResourcesFiltering - skip non existing resourceDirectory D:\JDBC\Java_MongoDB_Connection\src\test\resources
2025-04-20 22:04:10,275 [Worker-37: Building] INFO  o.a.m.s.f.DefaultMavenResourcesFiltering - skip non existing resourceDirectory D:\JDBC\Java_MongoDB_Connection\src\main\resources
2025-04-20 22:04:10,276 [Worker-37: Building] INFO  o.a.m.s.f.DefaultMavenResourcesFiltering - skip non existing resourceDirectory D:\JDBC\Java_MongoDB_Connection\src\test\resources
2025-04-20 22:04:14,498 [Worker-41: Building] INFO  o.a.m.s.f.DefaultMavenResourcesFiltering - skip non existing resourceDirectory D:\JDBC\Java_MongoDB_Connection\src\main\resources
2025-04-20 22:04:14,499 [Worker-41: Building] INFO  o.a.m.s.f.DefaultMavenResourcesFiltering - skip non existing resourceDirectory D:\JDBC\Java_MongoDB_Connection\src\test\resources
2025-04-20 22:04:18,227 [Worker-40: Building] INFO  o.a.m.s.f.DefaultMavenResourcesFiltering - skip non existing resourceDirectory D:\JDBC\Java_MongoDB_Connection\src\main\resources
2025-04-20 22:04:18,228 [Worker-40: Building] INFO  o.a.m.s.f.DefaultMavenResourcesFiltering - skip non existing resourceDirectory D:\JDBC\Java_MongoDB_Connection\src\test\resources
2025-04-20 22:04:27,866 [Worker-42: Building] INFO  o.a.m.s.f.DefaultMavenResourcesFiltering - skip non existing resourceDirectory D:\JDBC\Java_MongoDB_Connection\src\main\resources
2025-04-20 22:04:27,867 [Worker-42: Building] INFO  o.a.m.s.f.DefaultMavenResourcesFiltering - skip non existing resourceDirectory D:\JDBC\Java_MongoDB_Connection\src\test\resources
2025-04-20 22:04:30,747 [Worker-40: Building] INFO  o.a.m.s.f.DefaultMavenResourcesFiltering - skip non existing resourceDirectory D:\JDBC\Java_MongoDB_Connection\src\main\resources
2025-04-20 22:04:30,748 [Worker-40: Building] INFO  o.a.m.s.f.DefaultMavenResourcesFiltering - skip non existing resourceDirectory D:\JDBC\Java_MongoDB_Connection\src\test\resources
2025-04-20 22:05:37,277 [Worker-37: Building] INFO  o.a.m.s.f.DefaultMavenResourcesFiltering - skip non existing resourceDirectory D:\JDBC\Java_MongoDB_Connection\src\main\resources
2025-04-20 22:05:37,278 [Worker-37: Building] INFO  o.a.m.s.f.DefaultMavenResourcesFiltering - skip non existing resourceDirectory D:\JDBC\Java_MongoDB_Connection\src\test\resources
2025-04-20 22:05:38,574 [Worker-42: Building] INFO  o.a.m.s.f.DefaultMavenResourcesFiltering - skip non existing resourceDirectory D:\JDBC\Java_MongoDB_Connection\src\main\resources
2025-04-20 22:05:38,574 [Worker-42: Building] INFO  o.a.m.s.f.DefaultMavenResourcesFiltering - skip non existing resourceDirectory D:\JDBC\Java_MongoDB_Connection\src\test\resources
2025-04-20 22:05:45,269 [Worker-37: Building] INFO  o.a.m.s.f.DefaultMavenResourcesFiltering - skip non existing resourceDirectory D:\JDBC\Java_MongoDB_Connection\src\main\resources
2025-04-20 22:05:45,269 [Worker-37: Building] INFO  o.a.m.s.f.DefaultMavenResourcesFiltering - skip non existing resourceDirectory D:\JDBC\Java_MongoDB_Connection\src\test\resources
2025-04-20 22:05:52,071 [Worker-43: Building] INFO  o.a.m.s.f.DefaultMavenResourcesFiltering - skip non existing resourceDirectory D:\JDBC\Java_MongoDB_Connection\src\main\resources
2025-04-20 22:05:52,071 [Worker-43: Building] INFO  o.a.m.s.f.DefaultMavenResourcesFiltering - skip non existing resourceDirectory D:\JDBC\Java_MongoDB_Connection\src\test\resources
2025-04-20 22:06:02,915 [Worker-40: Building] INFO  o.a.m.s.f.DefaultMavenResourcesFiltering - skip non existing resourceDirectory D:\JDBC\Java_MongoDB_Connection\src\main\resources
2025-04-20 22:06:02,915 [Worker-40: Building] INFO  o.a.m.s.f.DefaultMavenResourcesFiltering - skip non existing resourceDirectory D:\JDBC\Java_MongoDB_Connection\src\test\resources
2025-04-20 22:06:12,381 [Worker-41: Building] INFO  o.a.m.s.f.DefaultMavenResourcesFiltering - skip non existing resourceDirectory D:\JDBC\Java_MongoDB_Connection\src\main\resources
2025-04-20 22:06:12,382 [Worker-41: Building] INFO  o.a.m.s.f.DefaultMavenResourcesFiltering - skip non existing resourceDirectory D:\JDBC\Java_MongoDB_Connection\src\test\resources
2025-04-20 22:06:19,125 [Worker-41: Building] INFO  o.a.m.s.f.DefaultMavenResourcesFiltering - skip non existing resourceDirectory D:\JDBC\Java_MongoDB_Connection\src\main\resources
2025-04-20 22:06:19,126 [Worker-41: Building] INFO  o.a.m.s.f.DefaultMavenResourcesFiltering - skip non existing resourceDirectory D:\JDBC\Java_MongoDB_Connection\src\test\resources
2025-04-20 22:06:27,770 [Worker-40: Building] INFO  o.a.m.s.f.DefaultMavenResourcesFiltering - skip non existing resourceDirectory D:\JDBC\Java_MongoDB_Connection\src\main\resources
2025-04-20 22:06:27,771 [Worker-40: Building] INFO  o.a.m.s.f.DefaultMavenResourcesFiltering - skip non existing resourceDirectory D:\JDBC\Java_MongoDB_Connection\src\test\resources
2025-04-20 22:06:33,093 [Worker-42: Building] INFO  o.a.m.s.f.DefaultMavenResourcesFiltering - skip non existing resourceDirectory D:\JDBC\Java_MongoDB_Connection\src\main\resources
2025-04-20 22:06:33,094 [Worker-42: Building] INFO  o.a.m.s.f.DefaultMavenResourcesFiltering - skip non existing resourceDirectory D:\JDBC\Java_MongoDB_Connection\src\test\resources
2025-04-20 22:06:53,818 [Worker-37: Building] INFO  o.a.m.s.f.DefaultMavenResourcesFiltering - skip non existing resourceDirectory D:\JDBC\Java_MongoDB_Connection\src\main\resources
2025-04-20 22:06:53,819 [Worker-37: Building] INFO  o.a.m.s.f.DefaultMavenResourcesFiltering - skip non existing resourceDirectory D:\JDBC\Java_MongoDB_Connection\src\test\resources
2025-04-20 22:07:04,592 [Worker-43: Building] INFO  o.a.m.s.f.DefaultMavenResourcesFiltering - skip non existing resourceDirectory D:\JDBC\Java_MongoDB_Connection\src\main\resources
2025-04-20 22:07:04,592 [Worker-43: Building] INFO  o.a.m.s.f.DefaultMavenResourcesFiltering - skip non existing resourceDirectory D:\JDBC\Java_MongoDB_Connection\src\test\resources
2025-04-20 22:07:16,520 [Worker-40: Building] INFO  o.a.m.s.f.DefaultMavenResourcesFiltering - skip non existing resourceDirectory D:\JDBC\Java_MongoDB_Connection\src\main\resources
2025-04-20 22:07:16,520 [Worker-40: Building] INFO  o.a.m.s.f.DefaultMavenResourcesFiltering - skip non existing resourceDirectory D:\JDBC\Java_MongoDB_Connection\src\test\resources
2025-04-20 22:09:33,694 [Worker-37: Building] INFO  o.a.m.s.f.DefaultMavenResourcesFiltering - skip non existing resourceDirectory D:\JDBC\Java_MongoDB_Connection\src\main\resources
2025-04-20 22:09:33,695 [Worker-37: Building] INFO  o.a.m.s.f.DefaultMavenResourcesFiltering - skip non existing resourceDirectory D:\JDBC\Java_MongoDB_Connection\src\test\resources
2025-04-20 22:09:38,333 [Worker-44: Building] INFO  o.a.m.s.f.DefaultMavenResourcesFiltering - skip non existing resourceDirectory D:\JDBC\Java_MongoDB_Connection\src\main\resources
2025-04-20 22:09:38,334 [Worker-44: Building] INFO  o.a.m.s.f.DefaultMavenResourcesFiltering - skip non existing resourceDirectory D:\JDBC\Java_MongoDB_Connection\src\test\resources
2025-04-20 22:09:59,795 [Worker-44: Building] INFO  o.a.m.s.f.DefaultMavenResourcesFiltering - skip non existing resourceDirectory D:\JDBC\Java_MongoDB_Connection\src\main\resources
2025-04-20 22:09:59,796 [Worker-44: Building] INFO  o.a.m.s.f.DefaultMavenResourcesFiltering - skip non existing resourceDirectory D:\JDBC\Java_MongoDB_Connection\src\test\resources
2025-04-20 22:10:20,016 [Worker-43: Building] INFO  o.a.m.s.f.DefaultMavenResourcesFiltering - skip non existing resourceDirectory D:\JDBC\Java_MongoDB_Connection\src\main\resources
2025-04-20 22:10:20,017 [Worker-43: Building] INFO  o.a.m.s.f.DefaultMavenResourcesFiltering - skip non existing resourceDirectory D:\JDBC\Java_MongoDB_Connection\src\test\resources
2025-04-20 22:10:42,211 [Worker-37: Building] INFO  o.a.m.s.f.DefaultMavenResourcesFiltering - skip non existing resourceDirectory D:\JDBC\Java_MongoDB_Connection\src\main\resources
2025-04-20 22:10:42,211 [Worker-37: Building] INFO  o.a.m.s.f.DefaultMavenResourcesFiltering - skip non existing resourceDirectory D:\JDBC\Java_MongoDB_Connection\src\test\resources
2025-04-20 22:10:59,585 [Worker-44: Building] INFO  o.a.m.s.f.DefaultMavenResourcesFiltering - skip non existing resourceDirectory D:\JDBC\Java_MongoDB_Connection\src\main\resources
2025-04-20 22:10:59,586 [Worker-44: Building] INFO  o.a.m.s.f.DefaultMavenResourcesFiltering - skip non existing resourceDirectory D:\JDBC\Java_MongoDB_Connection\src\test\resources
2025-04-20 22:11:13,530 [Worker-42: Building] INFO  o.a.m.s.f.DefaultMavenResourcesFiltering - skip non existing resourceDirectory D:\JDBC\Java_MongoDB_Connection\src\main\resources
2025-04-20 22:11:13,531 [Worker-42: Building] INFO  o.a.m.s.f.DefaultMavenResourcesFiltering - skip non existing resourceDirectory D:\JDBC\Java_MongoDB_Connection\src\test\resources
2025-04-20 22:11:15,502 [Worker-43: Building] INFO  o.a.m.s.f.DefaultMavenResourcesFiltering - skip non existing resourceDirectory D:\JDBC\Java_MongoDB_Connection\src\main\resources
2025-04-20 22:11:15,503 [Worker-43: Building] INFO  o.a.m.s.f.DefaultMavenResourcesFiltering - skip non existing resourceDirectory D:\JDBC\Java_MongoDB_Connection\src\test\resources
2025-04-20 22:11:24,725 [Worker-44: Building] INFO  o.a.m.s.f.DefaultMavenResourcesFiltering - skip non existing resourceDirectory D:\JDBC\Java_MongoDB_Connection\src\main\resources
2025-04-20 22:11:24,726 [Worker-44: Building] INFO  o.a.m.s.f.DefaultMavenResourcesFiltering - skip non existing resourceDirectory D:\JDBC\Java_MongoDB_Connection\src\test\resources
2025-04-20 22:11:41,207 [Worker-44: Building] INFO  o.a.m.s.f.DefaultMavenResourcesFiltering - skip non existing resourceDirectory D:\JDBC\Java_MongoDB_Connection\src\main\resources
2025-04-20 22:11:41,208 [Worker-44: Building] INFO  o.a.m.s.f.DefaultMavenResourcesFiltering - skip non existing resourceDirectory D:\JDBC\Java_MongoDB_Connection\src\test\resources
2025-04-20 22:11:48,380 [Worker-37: Building] INFO  o.a.m.s.f.DefaultMavenResourcesFiltering - skip non existing resourceDirectory D:\JDBC\Java_MongoDB_Connection\src\main\resources
2025-04-20 22:11:48,381 [Worker-37: Building] INFO  o.a.m.s.f.DefaultMavenResourcesFiltering - skip non existing resourceDirectory D:\JDBC\Java_MongoDB_Connection\src\test\resources
2025-04-20 22:12:09,773 [Worker-42: Building] INFO  o.a.m.s.f.DefaultMavenResourcesFiltering - skip non existing resourceDirectory D:\JDBC\Java_MongoDB_Connection\src\main\resources
2025-04-20 22:12:09,774 [Worker-42: Building] INFO  o.a.m.s.f.DefaultMavenResourcesFiltering - skip non existing resourceDirectory D:\JDBC\Java_MongoDB_Connection\src\test\resources
2025-04-20 22:12:25,249 [Worker-42: Building] INFO  o.a.m.s.f.DefaultMavenResourcesFiltering - skip non existing resourceDirectory D:\JDBC\Java_MongoDB_Connection\src\main\resources
2025-04-20 22:12:25,250 [Worker-42: Building] INFO  o.a.m.s.f.DefaultMavenResourcesFiltering - skip non existing resourceDirectory D:\JDBC\Java_MongoDB_Connection\src\test\resources
2025-04-20 22:12:31,999 [Worker-42: Building] INFO  o.a.m.s.f.DefaultMavenResourcesFiltering - skip non existing resourceDirectory D:\JDBC\Java_MongoDB_Connection\src\main\resources
2025-04-20 22:12:32,000 [Worker-42: Building] INFO  o.a.m.s.f.DefaultMavenResourcesFiltering - skip non existing resourceDirectory D:\JDBC\Java_MongoDB_Connection\src\test\resources
2025-04-20 22:12:34,641 [Worker-37: Building] INFO  o.a.m.s.f.DefaultMavenResourcesFiltering - skip non existing resourceDirectory D:\JDBC\Java_MongoDB_Connection\src\main\resources
2025-04-20 22:12:34,642 [Worker-37: Building] INFO  o.a.m.s.f.DefaultMavenResourcesFiltering - skip non existing resourceDirectory D:\JDBC\Java_MongoDB_Connection\src\test\resources
2025-04-20 22:12:38,780 [Worker-40: Building] INFO  o.a.m.s.f.DefaultMavenResourcesFiltering - skip non existing resourceDirectory D:\JDBC\Java_MongoDB_Connection\src\main\resources
2025-04-20 22:12:38,781 [Worker-40: Building] INFO  o.a.m.s.f.DefaultMavenResourcesFiltering - skip non existing resourceDirectory D:\JDBC\Java_MongoDB_Connection\src\test\resources
2025-04-20 22:12:43,507 [Worker-40: Building] INFO  o.a.m.s.f.DefaultMavenResourcesFiltering - skip non existing resourceDirectory D:\JDBC\Java_MongoDB_Connection\src\main\resources
2025-04-20 22:12:43,508 [Worker-40: Building] INFO  o.a.m.s.f.DefaultMavenResourcesFiltering - skip non existing resourceDirectory D:\JDBC\Java_MongoDB_Connection\src\test\resources
2025-04-20 22:12:45,720 [Worker-43: Building] INFO  o.a.m.s.f.DefaultMavenResourcesFiltering - skip non existing resourceDirectory D:\JDBC\Java_MongoDB_Connection\src\main\resources
2025-04-20 22:12:45,721 [Worker-43: Building] INFO  o.a.m.s.f.DefaultMavenResourcesFiltering - skip non existing resourceDirectory D:\JDBC\Java_MongoDB_Connection\src\test\resources
2025-04-20 22:12:56,540 [Worker-44: Building] INFO  o.a.m.s.f.DefaultMavenResourcesFiltering - skip non existing resourceDirectory D:\JDBC\Java_MongoDB_Connection\src\main\resources
2025-04-20 22:12:56,541 [Worker-44: Building] INFO  o.a.m.s.f.DefaultMavenResourcesFiltering - skip non existing resourceDirectory D:\JDBC\Java_MongoDB_Connection\src\test\resources
2025-04-20 22:13:01,101 [Worker-42: Building] INFO  o.a.m.s.f.DefaultMavenResourcesFiltering - skip non existing resourceDirectory D:\JDBC\Java_MongoDB_Connection\src\main\resources
2025-04-20 22:13:01,102 [Worker-42: Building] INFO  o.a.m.s.f.DefaultMavenResourcesFiltering - skip non existing resourceDirectory D:\JDBC\Java_MongoDB_Connection\src\test\resources
2025-04-20 22:13:07,159 [Worker-44: Building] INFO  o.a.m.s.f.DefaultMavenResourcesFiltering - skip non existing resourceDirectory D:\JDBC\Java_MongoDB_Connection\src\main\resources
2025-04-20 22:13:07,160 [Worker-44: Building] INFO  o.a.m.s.f.DefaultMavenResourcesFiltering - skip non existing resourceDirectory D:\JDBC\Java_MongoDB_Connection\src\test\resources
2025-04-20 22:13:24,429 [Worker-37: Building] INFO  o.a.m.s.f.DefaultMavenResourcesFiltering - skip non existing resourceDirectory D:\JDBC\Java_MongoDB_Connection\src\main\resources
2025-04-20 22:13:24,430 [Worker-37: Building] INFO  o.a.m.s.f.DefaultMavenResourcesFiltering - skip non existing resourceDirectory D:\JDBC\Java_MongoDB_Connection\src\test\resources
2025-04-20 22:13:28,761 [Worker-44: Building] INFO  o.a.m.s.f.DefaultMavenResourcesFiltering - skip non existing resourceDirectory D:\JDBC\Java_MongoDB_Connection\src\main\resources
2025-04-20 22:13:28,761 [Worker-44: Building] INFO  o.a.m.s.f.DefaultMavenResourcesFiltering - skip non existing resourceDirectory D:\JDBC\Java_MongoDB_Connection\src\test\resources
2025-04-20 22:13:30,383 [Worker-37: Building] INFO  o.a.m.s.f.DefaultMavenResourcesFiltering - skip non existing resourceDirectory D:\JDBC\Java_MongoDB_Connection\src\main\resources
2025-04-20 22:13:30,383 [Worker-37: Building] INFO  o.a.m.s.f.DefaultMavenResourcesFiltering - skip non existing resourceDirectory D:\JDBC\Java_MongoDB_Connection\src\test\resources
2025-04-20 22:13:33,301 [Worker-44: Building] INFO  o.a.m.s.f.DefaultMavenResourcesFiltering - skip non existing resourceDirectory D:\JDBC\Java_MongoDB_Connection\src\main\resources
2025-04-20 22:13:33,302 [Worker-44: Building] INFO  o.a.m.s.f.DefaultMavenResourcesFiltering - skip non existing resourceDirectory D:\JDBC\Java_MongoDB_Connection\src\test\resources
2025-04-20 22:13:47,094 [Worker-43: Building] INFO  o.a.m.s.f.DefaultMavenResourcesFiltering - skip non existing resourceDirectory D:\JDBC\Java_MongoDB_Connection\src\main\resources
2025-04-20 22:13:47,095 [Worker-43: Building] INFO  o.a.m.s.f.DefaultMavenResourcesFiltering - skip non existing resourceDirectory D:\JDBC\Java_MongoDB_Connection\src\test\resources
2025-04-20 22:14:06,576 [Worker-42: Building] INFO  o.a.m.s.f.DefaultMavenResourcesFiltering - skip non existing resourceDirectory D:\JDBC\Java_MongoDB_Connection\src\main\resources
2025-04-20 22:14:06,577 [Worker-42: Building] INFO  o.a.m.s.f.DefaultMavenResourcesFiltering - skip non existing resourceDirectory D:\JDBC\Java_MongoDB_Connection\src\test\resources
2025-04-20 22:14:13,744 [Worker-40: Building] INFO  o.a.m.s.f.DefaultMavenResourcesFiltering - skip non existing resourceDirectory D:\JDBC\Java_MongoDB_Connection\src\main\resources
2025-04-20 22:14:13,744 [Worker-40: Building] INFO  o.a.m.s.f.DefaultMavenResourcesFiltering - skip non existing resourceDirectory D:\JDBC\Java_MongoDB_Connection\src\test\resources
2025-04-20 22:14:19,971 [Worker-44: Building] INFO  o.a.m.s.f.DefaultMavenResourcesFiltering - skip non existing resourceDirectory D:\JDBC\Java_MongoDB_Connection\src\main\resources
2025-04-20 22:14:19,972 [Worker-44: Building] INFO  o.a.m.s.f.DefaultMavenResourcesFiltering - skip non existing resourceDirectory D:\JDBC\Java_MongoDB_Connection\src\test\resources
2025-04-20 22:14:54,203 [Worker-44: Building] INFO  o.a.m.s.f.DefaultMavenResourcesFiltering - skip non existing resourceDirectory D:\JDBC\Java_MongoDB_Connection\src\main\resources
2025-04-20 22:14:54,204 [Worker-44: Building] INFO  o.a.m.s.f.DefaultMavenResourcesFiltering - skip non existing resourceDirectory D:\JDBC\Java_MongoDB_Connection\src\test\resources
2025-04-20 22:14:57,753 [Worker-43: Building] INFO  o.a.m.s.f.DefaultMavenResourcesFiltering - skip non existing resourceDirectory D:\JDBC\Java_MongoDB_Connection\src\main\resources
2025-04-20 22:14:57,754 [Worker-43: Building] INFO  o.a.m.s.f.DefaultMavenResourcesFiltering - skip non existing resourceDirectory D:\JDBC\Java_MongoDB_Connection\src\test\resources
2025-04-20 22:15:00,046 [Worker-40: Building] INFO  o.a.m.s.f.DefaultMavenResourcesFiltering - skip non existing resourceDirectory D:\JDBC\Java_MongoDB_Connection\src\main\resources
2025-04-20 22:15:00,046 [Worker-40: Building] INFO  o.a.m.s.f.DefaultMavenResourcesFiltering - skip non existing resourceDirectory D:\JDBC\Java_MongoDB_Connection\src\test\resources
2025-04-20 22:15:03,055 [Worker-37: Building] INFO  o.a.m.s.f.DefaultMavenResourcesFiltering - skip non existing resourceDirectory D:\JDBC\Java_MongoDB_Connection\src\main\resources
2025-04-20 22:15:03,056 [Worker-37: Building] INFO  o.a.m.s.f.DefaultMavenResourcesFiltering - skip non existing resourceDirectory D:\JDBC\Java_MongoDB_Connection\src\test\resources
2025-04-20 22:15:06,924 [Worker-42: Building] INFO  o.a.m.s.f.DefaultMavenResourcesFiltering - skip non existing resourceDirectory D:\JDBC\Java_MongoDB_Connection\src\main\resources
2025-04-20 22:15:06,925 [Worker-42: Building] INFO  o.a.m.s.f.DefaultMavenResourcesFiltering - skip non existing resourceDirectory D:\JDBC\Java_MongoDB_Connection\src\test\resources
2025-04-20 22:15:10,857 [Worker-43: Building] INFO  o.a.m.s.f.DefaultMavenResourcesFiltering - skip non existing resourceDirectory D:\JDBC\Java_MongoDB_Connection\src\main\resources
2025-04-20 22:15:10,857 [Worker-43: Building] INFO  o.a.m.s.f.DefaultMavenResourcesFiltering - skip non existing resourceDirectory D:\JDBC\Java_MongoDB_Connection\src\test\resources
2025-04-20 22:15:12,763 [Worker-42: Building] INFO  o.a.m.s.f.DefaultMavenResourcesFiltering - skip non existing resourceDirectory D:\JDBC\Java_MongoDB_Connection\src\main\resources
2025-04-20 22:15:12,763 [Worker-42: Building] INFO  o.a.m.s.f.DefaultMavenResourcesFiltering - skip non existing resourceDirectory D:\JDBC\Java_MongoDB_Connection\src\test\resources
2025-04-20 22:15:15,492 [Worker-43: Building] INFO  o.a.m.s.f.DefaultMavenResourcesFiltering - skip non existing resourceDirectory D:\JDBC\Java_MongoDB_Connection\src\main\resources
2025-04-20 22:15:15,493 [Worker-43: Building] INFO  o.a.m.s.f.DefaultMavenResourcesFiltering - skip non existing resourceDirectory D:\JDBC\Java_MongoDB_Connection\src\test\resources
2025-04-20 22:15:22,230 [Worker-40: Building] INFO  o.a.m.s.f.DefaultMavenResourcesFiltering - skip non existing resourceDirectory D:\JDBC\Java_MongoDB_Connection\src\main\resources
2025-04-20 22:15:22,231 [Worker-40: Building] INFO  o.a.m.s.f.DefaultMavenResourcesFiltering - skip non existing resourceDirectory D:\JDBC\Java_MongoDB_Connection\src\test\resources
2025-04-20 22:15:34,584 [Worker-40: Building] INFO  o.a.m.s.f.DefaultMavenResourcesFiltering - skip non existing resourceDirectory D:\JDBC\Java_MongoDB_Connection\src\main\resources
2025-04-20 22:15:34,585 [Worker-40: Building] INFO  o.a.m.s.f.DefaultMavenResourcesFiltering - skip non existing resourceDirectory D:\JDBC\Java_MongoDB_Connection\src\test\resources
2025-04-20 22:15:39,293 [Worker-42: Building] INFO  o.a.m.s.f.DefaultMavenResourcesFiltering - skip non existing resourceDirectory D:\JDBC\Java_MongoDB_Connection\src\main\resources
2025-04-20 22:15:39,294 [Worker-42: Building] INFO  o.a.m.s.f.DefaultMavenResourcesFiltering - skip non existing resourceDirectory D:\JDBC\Java_MongoDB_Connection\src\test\resources
2025-04-20 22:15:45,259 [Worker-37: Building] INFO  o.a.m.s.f.DefaultMavenResourcesFiltering - skip non existing resourceDirectory D:\JDBC\Java_MongoDB_Connection\src\main\resources
2025-04-20 22:15:45,260 [Worker-37: Building] INFO  o.a.m.s.f.DefaultMavenResourcesFiltering - skip non existing resourceDirectory D:\JDBC\Java_MongoDB_Connection\src\test\resources
2025-04-20 22:15:49,988 [Worker-43: Building] INFO  o.a.m.s.f.DefaultMavenResourcesFiltering - skip non existing resourceDirectory D:\JDBC\Java_MongoDB_Connection\src\main\resources
2025-04-20 22:15:49,989 [Worker-43: Building] INFO  o.a.m.s.f.DefaultMavenResourcesFiltering - skip non existing resourceDirectory D:\JDBC\Java_MongoDB_Connection\src\test\resources
2025-04-20 22:16:01,467 [Worker-44: Building] INFO  o.a.m.s.f.DefaultMavenResourcesFiltering - skip non existing resourceDirectory D:\JDBC\Java_MongoDB_Connection\src\main\resources
2025-04-20 22:16:01,469 [Worker-44: Building] INFO  o.a.m.s.f.DefaultMavenResourcesFiltering - skip non existing resourceDirectory D:\JDBC\Java_MongoDB_Connection\src\test\resources
2025-04-20 22:16:11,508 [Worker-40: Building] INFO  o.a.m.s.f.DefaultMavenResourcesFiltering - skip non existing resourceDirectory D:\JDBC\Java_MongoDB_Connection\src\main\resources
2025-04-20 22:16:11,508 [Worker-40: Building] INFO  o.a.m.s.f.DefaultMavenResourcesFiltering - skip non existing resourceDirectory D:\JDBC\Java_MongoDB_Connection\src\test\resources
2025-04-20 22:16:17,352 [Worker-42: Building] INFO  o.a.m.s.f.DefaultMavenResourcesFiltering - skip non existing resourceDirectory D:\JDBC\Java_MongoDB_Connection\src\main\resources
2025-04-20 22:16:17,353 [Worker-42: Building] INFO  o.a.m.s.f.DefaultMavenResourcesFiltering - skip non existing resourceDirectory D:\JDBC\Java_MongoDB_Connection\src\test\resources
2025-04-20 22:16:21,435 [Worker-42: Building] INFO  o.a.m.s.f.DefaultMavenResourcesFiltering - skip non existing resourceDirectory D:\JDBC\Java_MongoDB_Connection\src\main\resources
2025-04-20 22:16:21,435 [Worker-42: Building] INFO  o.a.m.s.f.DefaultMavenResourcesFiltering - skip non existing resourceDirectory D:\JDBC\Java_MongoDB_Connection\src\test\resources
2025-04-20 22:18:14,590 [Worker-42: Building] INFO  o.a.m.s.f.DefaultMavenResourcesFiltering - skip non existing resourceDirectory D:\JDBC\Java_MongoDB_Connection\src\main\resources
2025-04-20 22:18:14,590 [Worker-42: Building] INFO  o.a.m.s.f.DefaultMavenResourcesFiltering - skip non existing resourceDirectory D:\JDBC\Java_MongoDB_Connection\src\test\resources
2025-04-20 22:18:20,366 [Worker-45: Building] INFO  o.a.m.s.f.DefaultMavenResourcesFiltering - skip non existing resourceDirectory D:\JDBC\Java_MongoDB_Connection\src\main\resources
2025-04-20 22:18:20,367 [Worker-45: Building] INFO  o.a.m.s.f.DefaultMavenResourcesFiltering - skip non existing resourceDirectory D:\JDBC\Java_MongoDB_Connection\src\test\resources
2025-04-20 22:18:27,321 [Worker-42: Building] INFO  o.a.m.s.f.DefaultMavenResourcesFiltering - skip non existing resourceDirectory D:\JDBC\Java_MongoDB_Connection\src\main\resources
2025-04-20 22:18:27,322 [Worker-42: Building] INFO  o.a.m.s.f.DefaultMavenResourcesFiltering - skip non existing resourceDirectory D:\JDBC\Java_MongoDB_Connection\src\test\resources
2025-04-20 22:19:21,926 [Worker-45: Building] INFO  o.a.m.s.f.DefaultMavenResourcesFiltering - skip non existing resourceDirectory D:\JDBC\Java_MongoDB_Connection\src\main\resources
2025-04-20 22:19:21,927 [Worker-45: Building] INFO  o.a.m.s.f.DefaultMavenResourcesFiltering - skip non existing resourceDirectory D:\JDBC\Java_MongoDB_Connection\src\test\resources
2025-04-20 22:19:28,010 [Worker-44: Building] INFO  o.a.m.s.f.DefaultMavenResourcesFiltering - skip non existing resourceDirectory D:\JDBC\Java_MongoDB_Connection\src\main\resources
2025-04-20 22:19:28,011 [Worker-44: Building] INFO  o.a.m.s.f.DefaultMavenResourcesFiltering - skip non existing resourceDirectory D:\JDBC\Java_MongoDB_Connection\src\test\resources
2025-04-20 22:19:30,485 [Worker-46: Building] INFO  o.a.m.s.f.DefaultMavenResourcesFiltering - skip non existing resourceDirectory D:\JDBC\Java_MongoDB_Connection\src\main\resources
2025-04-20 22:19:30,485 [Worker-46: Building] INFO  o.a.m.s.f.DefaultMavenResourcesFiltering - skip non existing resourceDirectory D:\JDBC\Java_MongoDB_Connection\src\test\resources
2025-04-20 22:19:39,328 [Worker-44: Building] INFO  o.a.m.s.f.DefaultMavenResourcesFiltering - skip non existing resourceDirectory D:\JDBC\Java_MongoDB_Connection\src\main\resources
2025-04-20 22:19:39,328 [Worker-44: Building] INFO  o.a.m.s.f.DefaultMavenResourcesFiltering - skip non existing resourceDirectory D:\JDBC\Java_MongoDB_Connection\src\test\resources
2025-04-20 22:19:42,716 [Worker-44: Building] INFO  o.a.m.s.f.DefaultMavenResourcesFiltering - skip non existing resourceDirectory D:\JDBC\Java_MongoDB_Connection\src\main\resources
2025-04-20 22:19:42,717 [Worker-44: Building] INFO  o.a.m.s.f.DefaultMavenResourcesFiltering - skip non existing resourceDirectory D:\JDBC\Java_MongoDB_Connection\src\test\resources
2025-04-20 22:19:49,045 [Worker-46: Building] INFO  o.a.m.s.f.DefaultMavenResourcesFiltering - skip non existing resourceDirectory D:\JDBC\Java_MongoDB_Connection\src\main\resources
2025-04-20 22:19:49,046 [Worker-46: Building] INFO  o.a.m.s.f.DefaultMavenResourcesFiltering - skip non existing resourceDirectory D:\JDBC\Java_MongoDB_Connection\src\test\resources
2025-04-20 22:20:07,164 [Worker-44: Building] INFO  o.a.m.s.f.DefaultMavenResourcesFiltering - skip non existing resourceDirectory D:\JDBC\Java_MongoDB_Connection\src\main\resources
2025-04-20 22:20:07,166 [Worker-44: Building] INFO  o.a.m.s.f.DefaultMavenResourcesFiltering - skip non existing resourceDirectory D:\JDBC\Java_MongoDB_Connection\src\test\resources
2025-04-20 22:20:13,330 [Worker-46: Building] INFO  o.a.m.s.f.DefaultMavenResourcesFiltering - skip non existing resourceDirectory D:\JDBC\Java_MongoDB_Connection\src\main\resources
2025-04-20 22:20:13,331 [Worker-46: Building] INFO  o.a.m.s.f.DefaultMavenResourcesFiltering - skip non existing resourceDirectory D:\JDBC\Java_MongoDB_Connection\src\test\resources
2025-04-20 22:20:15,919 [Worker-44: Building] INFO  o.a.m.s.f.DefaultMavenResourcesFiltering - skip non existing resourceDirectory D:\JDBC\Java_MongoDB_Connection\src\main\resources
2025-04-20 22:20:15,919 [Worker-44: Building] INFO  o.a.m.s.f.DefaultMavenResourcesFiltering - skip non existing resourceDirectory D:\JDBC\Java_MongoDB_Connection\src\test\resources
2025-04-20 22:20:22,315 [Worker-45: Building] INFO  o.a.m.s.f.DefaultMavenResourcesFiltering - skip non existing resourceDirectory D:\JDBC\Java_MongoDB_Connection\src\main\resources
2025-04-20 22:20:22,316 [Worker-45: Building] INFO  o.a.m.s.f.DefaultMavenResourcesFiltering - skip non existing resourceDirectory D:\JDBC\Java_MongoDB_Connection\src\test\resources
2025-04-20 22:20:27,858 [Worker-46: Building] INFO  o.a.m.s.f.DefaultMavenResourcesFiltering - skip non existing resourceDirectory D:\JDBC\Java_MongoDB_Connection\src\main\resources
2025-04-20 22:20:27,858 [Worker-46: Building] INFO  o.a.m.s.f.DefaultMavenResourcesFiltering - skip non existing resourceDirectory D:\JDBC\Java_MongoDB_Connection\src\test\resources
2025-04-20 22:20:30,185 [Worker-42: Building] INFO  o.a.m.s.f.DefaultMavenResourcesFiltering - skip non existing resourceDirectory D:\JDBC\Java_MongoDB_Connection\src\main\resources
2025-04-20 22:20:30,185 [Worker-42: Building] INFO  o.a.m.s.f.DefaultMavenResourcesFiltering - skip non existing resourceDirectory D:\JDBC\Java_MongoDB_Connection\src\test\resources
2025-04-20 22:20:32,283 [Worker-42: Building] INFO  o.a.m.s.f.DefaultMavenResourcesFiltering - skip non existing resourceDirectory D:\JDBC\Java_MongoDB_Connection\src\main\resources
2025-04-20 22:20:32,284 [Worker-42: Building] INFO  o.a.m.s.f.DefaultMavenResourcesFiltering - skip non existing resourceDirectory D:\JDBC\Java_MongoDB_Connection\src\test\resources
2025-04-20 22:20:37,977 [Worker-45: Building] INFO  o.a.m.s.f.DefaultMavenResourcesFiltering - skip non existing resourceDirectory D:\JDBC\Java_MongoDB_Connection\src\main\resources
2025-04-20 22:20:37,978 [Worker-45: Building] INFO  o.a.m.s.f.DefaultMavenResourcesFiltering - skip non existing resourceDirectory D:\JDBC\Java_MongoDB_Connection\src\test\resources
2025-04-20 22:20:40,609 [Worker-46: Building] INFO  o.a.m.s.f.DefaultMavenResourcesFiltering - skip non existing resourceDirectory D:\JDBC\Java_MongoDB_Connection\src\main\resources
2025-04-20 22:20:40,610 [Worker-46: Building] INFO  o.a.m.s.f.DefaultMavenResourcesFiltering - skip non existing resourceDirectory D:\JDBC\Java_MongoDB_Connection\src\test\resources
2025-04-20 22:20:50,429 [Worker-42: Building] INFO  o.a.m.s.f.DefaultMavenResourcesFiltering - skip non existing resourceDirectory D:\JDBC\Java_MongoDB_Connection\src\main\resources
2025-04-20 22:20:50,429 [Worker-42: Building] INFO  o.a.m.s.f.DefaultMavenResourcesFiltering - skip non existing resourceDirectory D:\JDBC\Java_MongoDB_Connection\src\test\resources
2025-04-20 22:20:52,524 [Worker-46: Building] INFO  o.a.m.s.f.DefaultMavenResourcesFiltering - skip non existing resourceDirectory D:\JDBC\Java_MongoDB_Connection\src\main\resources
2025-04-20 22:20:52,525 [Worker-46: Building] INFO  o.a.m.s.f.DefaultMavenResourcesFiltering - skip non existing resourceDirectory D:\JDBC\Java_MongoDB_Connection\src\test\resources
2025-04-20 22:20:58,487 [Worker-45: Building] INFO  o.a.m.s.f.DefaultMavenResourcesFiltering - skip non existing resourceDirectory D:\JDBC\Java_MongoDB_Connection\src\main\resources
2025-04-20 22:20:58,489 [Worker-45: Building] INFO  o.a.m.s.f.DefaultMavenResourcesFiltering - skip non existing resourceDirectory D:\JDBC\Java_MongoDB_Connection\src\test\resources
2025-04-20 22:21:10,819 [Worker-42: Building] INFO  o.a.m.s.f.DefaultMavenResourcesFiltering - skip non existing resourceDirectory D:\JDBC\Java_MongoDB_Connection\src\main\resources
2025-04-20 22:21:10,819 [Worker-42: Building] INFO  o.a.m.s.f.DefaultMavenResourcesFiltering - skip non existing resourceDirectory D:\JDBC\Java_MongoDB_Connection\src\test\resources
2025-04-20 22:21:15,626 [Worker-46: Building] INFO  o.a.m.s.f.DefaultMavenResourcesFiltering - skip non existing resourceDirectory D:\JDBC\Java_MongoDB_Connection\src\main\resources
2025-04-20 22:21:15,627 [Worker-46: Building] INFO  o.a.m.s.f.DefaultMavenResourcesFiltering - skip non existing resourceDirectory D:\JDBC\Java_MongoDB_Connection\src\test\resources
2025-04-20 22:21:52,648 [Worker-42: Building] INFO  o.a.m.s.f.DefaultMavenResourcesFiltering - skip non existing resourceDirectory D:\JDBC\Java_MongoDB_Connection\src\main\resources
2025-04-20 22:21:52,648 [Worker-42: Building] INFO  o.a.m.s.f.DefaultMavenResourcesFiltering - skip non existing resourceDirectory D:\JDBC\Java_MongoDB_Connection\src\test\resources
2025-04-20 22:22:00,254 [Worker-45: Building] INFO  o.a.m.s.f.DefaultMavenResourcesFiltering - skip non existing resourceDirectory D:\JDBC\Java_MongoDB_Connection\src\main\resources
2025-04-20 22:22:00,254 [Worker-45: Building] INFO  o.a.m.s.f.DefaultMavenResourcesFiltering - skip non existing resourceDirectory D:\JDBC\Java_MongoDB_Connection\src\test\resources
2025-04-20 22:22:05,749 [Worker-42: Building] INFO  o.a.m.s.f.DefaultMavenResourcesFiltering - skip non existing resourceDirectory D:\JDBC\Java_MongoDB_Connection\src\main\resources
2025-04-20 22:22:05,749 [Worker-42: Building] INFO  o.a.m.s.f.DefaultMavenResourcesFiltering - skip non existing resourceDirectory D:\JDBC\Java_MongoDB_Connection\src\test\resources
2025-04-20 22:22:09,655 [Worker-45: Building] INFO  o.a.m.s.f.DefaultMavenResourcesFiltering - skip non existing resourceDirectory D:\JDBC\Java_MongoDB_Connection\src\main\resources
2025-04-20 22:22:09,656 [Worker-45: Building] INFO  o.a.m.s.f.DefaultMavenResourcesFiltering - skip non existing resourceDirectory D:\JDBC\Java_MongoDB_Connection\src\test\resources
2025-04-20 22:22:29,746 [Worker-44: Building] INFO  o.a.m.s.f.DefaultMavenResourcesFiltering - skip non existing resourceDirectory D:\JDBC\Java_MongoDB_Connection\src\main\resources
2025-04-20 22:22:29,747 [Worker-44: Building] INFO  o.a.m.s.f.DefaultMavenResourcesFiltering - skip non existing resourceDirectory D:\JDBC\Java_MongoDB_Connection\src\test\resources
2025-04-20 22:22:34,328 [Worker-46: Building] INFO  o.a.m.s.f.DefaultMavenResourcesFiltering - skip non existing resourceDirectory D:\JDBC\Java_MongoDB_Connection\src\main\resources
2025-04-20 22:22:34,329 [Worker-46: Building] INFO  o.a.m.s.f.DefaultMavenResourcesFiltering - skip non existing resourceDirectory D:\JDBC\Java_MongoDB_Connection\src\test\resources
2025-04-20 22:22:50,868 [Worker-44: Building] INFO  o.a.m.s.f.DefaultMavenResourcesFiltering - skip non existing resourceDirectory D:\JDBC\Java_MongoDB_Connection\src\main\resources
2025-04-20 22:22:50,869 [Worker-44: Building] INFO  o.a.m.s.f.DefaultMavenResourcesFiltering - skip non existing resourceDirectory D:\JDBC\Java_MongoDB_Connection\src\test\resources
2025-04-20 22:22:56,353 [Worker-46: Building] INFO  o.a.m.s.f.DefaultMavenResourcesFiltering - skip non existing resourceDirectory D:\JDBC\Java_MongoDB_Connection\src\main\resources
2025-04-20 22:22:56,353 [Worker-46: Building] INFO  o.a.m.s.f.DefaultMavenResourcesFiltering - skip non existing resourceDirectory D:\JDBC\Java_MongoDB_Connection\src\test\resources
2025-04-20 22:23:00,236 [Worker-44: Building] INFO  o.a.m.s.f.DefaultMavenResourcesFiltering - skip non existing resourceDirectory D:\JDBC\Java_MongoDB_Connection\src\main\resources
2025-04-20 22:23:00,236 [Worker-44: Building] INFO  o.a.m.s.f.DefaultMavenResourcesFiltering - skip non existing resourceDirectory D:\JDBC\Java_MongoDB_Connection\src\test\resources
2025-04-20 22:23:07,994 [Worker-46: Building] INFO  o.a.m.s.f.DefaultMavenResourcesFiltering - skip non existing resourceDirectory D:\JDBC\Java_MongoDB_Connection\src\main\resources
2025-04-20 22:23:07,995 [Worker-46: Building] INFO  o.a.m.s.f.DefaultMavenResourcesFiltering - skip non existing resourceDirectory D:\JDBC\Java_MongoDB_Connection\src\test\resources
2025-04-20 22:23:12,920 [Worker-42: Building] INFO  o.a.m.s.f.DefaultMavenResourcesFiltering - skip non existing resourceDirectory D:\JDBC\Java_MongoDB_Connection\src\main\resources
2025-04-20 22:23:12,920 [Worker-42: Building] INFO  o.a.m.s.f.DefaultMavenResourcesFiltering - skip non existing resourceDirectory D:\JDBC\Java_MongoDB_Connection\src\test\resources
2025-04-20 22:23:16,647 [Worker-44: Building] INFO  o.a.m.s.f.DefaultMavenResourcesFiltering - skip non existing resourceDirectory D:\JDBC\Java_MongoDB_Connection\src\main\resources
2025-04-20 22:23:16,648 [Worker-44: Building] INFO  o.a.m.s.f.DefaultMavenResourcesFiltering - skip non existing resourceDirectory D:\JDBC\Java_MongoDB_Connection\src\test\resources
2025-04-20 22:23:19,870 [Worker-45: Building] INFO  o.a.m.s.f.DefaultMavenResourcesFiltering - skip non existing resourceDirectory D:\JDBC\Java_MongoDB_Connection\src\main\resources
2025-04-20 22:23:19,871 [Worker-45: Building] INFO  o.a.m.s.f.DefaultMavenResourcesFiltering - skip non existing resourceDirectory D:\JDBC\Java_MongoDB_Connection\src\test\resources
2025-04-20 22:23:22,741 [Worker-46: Building] INFO  o.a.m.s.f.DefaultMavenResourcesFiltering - skip non existing resourceDirectory D:\JDBC\Java_MongoDB_Connection\src\main\resources
2025-04-20 22:23:22,742 [Worker-46: Building] INFO  o.a.m.s.f.DefaultMavenResourcesFiltering - skip non existing resourceDirectory D:\JDBC\Java_MongoDB_Connection\src\test\resources
2025-04-20 22:23:36,005 [Worker-44: Building] INFO  o.a.m.s.f.DefaultMavenResourcesFiltering - skip non existing resourceDirectory D:\JDBC\Java_MongoDB_Connection\src\main\resources
2025-04-20 22:23:36,006 [Worker-44: Building] INFO  o.a.m.s.f.DefaultMavenResourcesFiltering - skip non existing resourceDirectory D:\JDBC\Java_MongoDB_Connection\src\test\resources
2025-04-20 22:23:40,153 [Worker-45: Building] INFO  o.a.m.s.f.DefaultMavenResourcesFiltering - skip non existing resourceDirectory D:\JDBC\Java_MongoDB_Connection\src\main\resources
2025-04-20 22:23:40,154 [Worker-45: Building] INFO  o.a.m.s.f.DefaultMavenResourcesFiltering - skip non existing resourceDirectory D:\JDBC\Java_MongoDB_Connection\src\test\resources
2025-04-20 22:23:46,156 [Worker-47: Building] INFO  o.a.m.s.f.DefaultMavenResourcesFiltering - skip non existing resourceDirectory D:\JDBC\Java_MongoDB_Connection\src\main\resources
2025-04-20 22:23:46,157 [Worker-47: Building] INFO  o.a.m.s.f.DefaultMavenResourcesFiltering - skip non existing resourceDirectory D:\JDBC\Java_MongoDB_Connection\src\test\resources
2025-04-20 22:23:49,715 [Worker-42: Building] INFO  o.a.m.s.f.DefaultMavenResourcesFiltering - skip non existing resourceDirectory D:\JDBC\Java_MongoDB_Connection\src\main\resources
2025-04-20 22:23:49,716 [Worker-42: Building] INFO  o.a.m.s.f.DefaultMavenResourcesFiltering - skip non existing resourceDirectory D:\JDBC\Java_MongoDB_Connection\src\test\resources
2025-04-20 22:23:55,073 [Worker-46: Building] INFO  o.a.m.s.f.DefaultMavenResourcesFiltering - skip non existing resourceDirectory D:\JDBC\Java_MongoDB_Connection\src\main\resources
2025-04-20 22:23:55,074 [Worker-46: Building] INFO  o.a.m.s.f.DefaultMavenResourcesFiltering - skip non existing resourceDirectory D:\JDBC\Java_MongoDB_Connection\src\test\resources
2025-04-20 22:24:03,818 [Worker-47: Building] INFO  o.a.m.s.f.DefaultMavenResourcesFiltering - skip non existing resourceDirectory D:\JDBC\Java_MongoDB_Connection\src\main\resources
2025-04-20 22:24:03,818 [Worker-47: Building] INFO  o.a.m.s.f.DefaultMavenResourcesFiltering - skip non existing resourceDirectory D:\JDBC\Java_MongoDB_Connection\src\test\resources
2025-04-20 22:24:08,277 [Worker-45: Building] INFO  o.a.m.s.f.DefaultMavenResourcesFiltering - skip non existing resourceDirectory D:\JDBC\Java_MongoDB_Connection\src\main\resources
2025-04-20 22:24:08,277 [Worker-45: Building] INFO  o.a.m.s.f.DefaultMavenResourcesFiltering - skip non existing resourceDirectory D:\JDBC\Java_MongoDB_Connection\src\test\resources
2025-04-20 22:24:11,469 [Worker-44: Building] INFO  o.a.m.s.f.DefaultMavenResourcesFiltering - skip non existing resourceDirectory D:\JDBC\Java_MongoDB_Connection\src\main\resources
2025-04-20 22:24:11,469 [Worker-44: Building] INFO  o.a.m.s.f.DefaultMavenResourcesFiltering - skip non existing resourceDirectory D:\JDBC\Java_MongoDB_Connection\src\test\resources
2025-04-20 22:24:15,540 [Worker-42: Building] INFO  o.a.m.s.f.DefaultMavenResourcesFiltering - skip non existing resourceDirectory D:\JDBC\Java_MongoDB_Connection\src\main\resources
2025-04-20 22:24:15,541 [Worker-42: Building] INFO  o.a.m.s.f.DefaultMavenResourcesFiltering - skip non existing resourceDirectory D:\JDBC\Java_MongoDB_Connection\src\test\resources
2025-04-20 22:24:18,601 [Worker-46: Building] INFO  o.a.m.s.f.DefaultMavenResourcesFiltering - skip non existing resourceDirectory D:\JDBC\Java_MongoDB_Connection\src\main\resources
2025-04-20 22:24:18,601 [Worker-46: Building] INFO  o.a.m.s.f.DefaultMavenResourcesFiltering - skip non existing resourceDirectory D:\JDBC\Java_MongoDB_Connection\src\test\resources
2025-04-20 22:24:21,864 [Worker-46: Building] INFO  o.a.m.s.f.DefaultMavenResourcesFiltering - skip non existing resourceDirectory D:\JDBC\Java_MongoDB_Connection\src\main\resources
2025-04-20 22:24:21,865 [Worker-46: Building] INFO  o.a.m.s.f.DefaultMavenResourcesFiltering - skip non existing resourceDirectory D:\JDBC\Java_MongoDB_Connection\src\test\resources
2025-04-20 22:24:47,757 [Worker-46: Building] INFO  o.a.m.s.f.DefaultMavenResourcesFiltering - skip non existing resourceDirectory D:\JDBC\Java_MongoDB_Connection\src\main\resources
2025-04-20 22:24:47,757 [Worker-46: Building] INFO  o.a.m.s.f.DefaultMavenResourcesFiltering - skip non existing resourceDirectory D:\JDBC\Java_MongoDB_Connection\src\test\resources
2025-04-20 22:24:50,855 [Worker-47: Building] INFO  o.a.m.s.f.DefaultMavenResourcesFiltering - skip non existing resourceDirectory D:\JDBC\Java_MongoDB_Connection\src\main\resources
2025-04-20 22:24:50,855 [Worker-47: Building] INFO  o.a.m.s.f.DefaultMavenResourcesFiltering - skip non existing resourceDirectory D:\JDBC\Java_MongoDB_Connection\src\test\resources
2025-04-20 22:24:54,635 [Worker-42: Building] INFO  o.a.m.s.f.DefaultMavenResourcesFiltering - skip non existing resourceDirectory D:\JDBC\Java_MongoDB_Connection\src\main\resources
2025-04-20 22:24:54,637 [Worker-42: Building] INFO  o.a.m.s.f.DefaultMavenResourcesFiltering - skip non existing resourceDirectory D:\JDBC\Java_MongoDB_Connection\src\test\resources
2025-04-20 22:24:59,225 [Worker-44: Building] INFO  o.a.m.s.f.DefaultMavenResourcesFiltering - skip non existing resourceDirectory D:\JDBC\Java_MongoDB_Connection\src\main\resources
2025-04-20 22:24:59,225 [Worker-44: Building] INFO  o.a.m.s.f.DefaultMavenResourcesFiltering - skip non existing resourceDirectory D:\JDBC\Java_MongoDB_Connection\src\test\resources
2025-04-20 22:25:05,920 [Worker-46: Building] INFO  o.a.m.s.f.DefaultMavenResourcesFiltering - skip non existing resourceDirectory D:\JDBC\Java_MongoDB_Connection\src\main\resources
2025-04-20 22:25:05,921 [Worker-46: Building] INFO  o.a.m.s.f.DefaultMavenResourcesFiltering - skip non existing resourceDirectory D:\JDBC\Java_MongoDB_Connection\src\test\resources
2025-04-20 22:25:32,114 [Worker-46: Building] INFO  o.a.m.s.f.DefaultMavenResourcesFiltering - skip non existing resourceDirectory D:\JDBC\Java_MongoDB_Connection\src\main\resources
2025-04-20 22:25:32,115 [Worker-46: Building] INFO  o.a.m.s.f.DefaultMavenResourcesFiltering - skip non existing resourceDirectory D:\JDBC\Java_MongoDB_Connection\src\test\resources
2025-04-20 22:25:45,654 [Worker-45: Building] INFO  o.a.m.s.f.DefaultMavenResourcesFiltering - skip non existing resourceDirectory D:\JDBC\Java_MongoDB_Connection\src\main\resources
2025-04-20 22:25:45,655 [Worker-45: Building] INFO  o.a.m.s.f.DefaultMavenResourcesFiltering - skip non existing resourceDirectory D:\JDBC\Java_MongoDB_Connection\src\test\resources
2025-04-20 22:27:08,536 [Worker-46: Building] INFO  o.a.m.s.f.DefaultMavenResourcesFiltering - skip non existing resourceDirectory D:\JDBC\Java_MongoDB_Connection\src\main\resources
2025-04-20 22:27:08,537 [Worker-46: Building] INFO  o.a.m.s.f.DefaultMavenResourcesFiltering - skip non existing resourceDirectory D:\JDBC\Java_MongoDB_Connection\src\test\resources
2025-04-20 22:27:11,211 [Worker-48: Building] INFO  o.a.m.s.f.DefaultMavenResourcesFiltering - skip non existing resourceDirectory D:\JDBC\Java_MongoDB_Connection\src\main\resources
2025-04-20 22:27:11,211 [Worker-48: Building] INFO  o.a.m.s.f.DefaultMavenResourcesFiltering - skip non existing resourceDirectory D:\JDBC\Java_MongoDB_Connection\src\test\resources
2025-04-20 22:27:25,384 [Worker-46: Building] INFO  o.a.m.s.f.DefaultMavenResourcesFiltering - skip non existing resourceDirectory D:\JDBC\Java_MongoDB_Connection\src\main\resources
2025-04-20 22:27:25,385 [Worker-46: Building] INFO  o.a.m.s.f.DefaultMavenResourcesFiltering - skip non existing resourceDirectory D:\JDBC\Java_MongoDB_Connection\src\test\resources
2025-04-20 22:27:40,706 [Worker-45: Building] INFO  o.a.m.s.f.DefaultMavenResourcesFiltering - skip non existing resourceDirectory D:\JDBC\Java_MongoDB_Connection\src\main\resources
2025-04-20 22:27:40,707 [Worker-45: Building] INFO  o.a.m.s.f.DefaultMavenResourcesFiltering - skip non existing resourceDirectory D:\JDBC\Java_MongoDB_Connection\src\test\resources
2025-04-20 22:27:42,935 [Worker-46: Building] INFO  o.a.m.s.f.DefaultMavenResourcesFiltering - skip non existing resourceDirectory D:\JDBC\Java_MongoDB_Connection\src\main\resources
2025-04-20 22:27:42,935 [Worker-46: Building] INFO  o.a.m.s.f.DefaultMavenResourcesFiltering - skip non existing resourceDirectory D:\JDBC\Java_MongoDB_Connection\src\test\resources
2025-04-20 22:27:47,681 [Worker-45: Building] INFO  o.a.m.s.f.DefaultMavenResourcesFiltering - skip non existing resourceDirectory D:\JDBC\Java_MongoDB_Connection\src\main\resources
2025-04-20 22:27:47,682 [Worker-45: Building] INFO  o.a.m.s.f.DefaultMavenResourcesFiltering - skip non existing resourceDirectory D:\JDBC\Java_MongoDB_Connection\src\test\resources
2025-04-20 22:27:55,746 [Worker-46: Building] INFO  o.a.m.s.f.DefaultMavenResourcesFiltering - skip non existing resourceDirectory D:\JDBC\Java_MongoDB_Connection\src\main\resources
2025-04-20 22:27:55,747 [Worker-46: Building] INFO  o.a.m.s.f.DefaultMavenResourcesFiltering - skip non existing resourceDirectory D:\JDBC\Java_MongoDB_Connection\src\test\resources
2025-04-20 22:28:35,263 [Worker-49: Building] INFO  o.a.m.s.f.DefaultMavenResourcesFiltering - skip non existing resourceDirectory D:\JDBC\Java_MongoDB_Connection\src\main\resources
2025-04-20 22:28:35,263 [Worker-49: Building] INFO  o.a.m.s.f.DefaultMavenResourcesFiltering - skip non existing resourceDirectory D:\JDBC\Java_MongoDB_Connection\src\test\resources
2025-04-20 22:28:56,601 [Worker-48: Building] INFO  o.a.m.s.f.DefaultMavenResourcesFiltering - skip non existing resourceDirectory D:\JDBC\Java_MongoDB_Connection\src\main\resources
2025-04-20 22:28:56,602 [Worker-48: Building] INFO  o.a.m.s.f.DefaultMavenResourcesFiltering - skip non existing resourceDirectory D:\JDBC\Java_MongoDB_Connection\src\test\resources
2025-04-20 22:29:14,496 [Worker-48: Building] INFO  o.a.m.s.f.DefaultMavenResourcesFiltering - skip non existing resourceDirectory D:\JDBC\Java_MongoDB_Connection\src\main\resources
2025-04-20 22:29:14,497 [Worker-48: Building] INFO  o.a.m.s.f.DefaultMavenResourcesFiltering - skip non existing resourceDirectory D:\JDBC\Java_MongoDB_Connection\src\test\resources
2025-04-20 22:29:26,404 [Worker-44: Building] INFO  o.a.m.s.f.DefaultMavenResourcesFiltering - skip non existing resourceDirectory D:\JDBC\Java_MongoDB_Connection\src\main\resources
2025-04-20 22:29:26,404 [Worker-44: Building] INFO  o.a.m.s.f.DefaultMavenResourcesFiltering - skip non existing resourceDirectory D:\JDBC\Java_MongoDB_Connection\src\test\resources
2025-04-20 22:30:02,938 [Worker-50: Building] INFO  o.a.m.s.f.DefaultMavenResourcesFiltering - skip non existing resourceDirectory D:\JDBC\Java_MongoDB_Connection\src\main\resources
2025-04-20 22:30:02,938 [Worker-50: Building] INFO  o.a.m.s.f.DefaultMavenResourcesFiltering - skip non existing resourceDirectory D:\JDBC\Java_MongoDB_Connection\src\test\resources
2025-04-20 22:30:08,894 [Worker-46: Building] INFO  o.a.m.s.f.DefaultMavenResourcesFiltering - skip non existing resourceDirectory D:\JDBC\Java_MongoDB_Connection\src\main\resources
2025-04-20 22:30:08,894 [Worker-46: Building] INFO  o.a.m.s.f.DefaultMavenResourcesFiltering - skip non existing resourceDirectory D:\JDBC\Java_MongoDB_Connection\src\test\resources
2025-04-20 22:30:16,211 [Worker-45: Building] INFO  o.a.m.s.f.DefaultMavenResourcesFiltering - skip non existing resourceDirectory D:\JDBC\Java_MongoDB_Connection\src\main\resources
2025-04-20 22:30:16,212 [Worker-45: Building] INFO  o.a.m.s.f.DefaultMavenResourcesFiltering - skip non existing resourceDirectory D:\JDBC\Java_MongoDB_Connection\src\test\resources
2025-04-20 22:30:53,566 [Worker-46: Building] INFO  o.a.m.s.f.DefaultMavenResourcesFiltering - skip non existing resourceDirectory D:\JDBC\Java_MongoDB_Connection\src\main\resources
2025-04-20 22:30:53,566 [Worker-46: Building] INFO  o.a.m.s.f.DefaultMavenResourcesFiltering - skip non existing resourceDirectory D:\JDBC\Java_MongoDB_Connection\src\test\resources
2025-04-20 22:31:15,826 [Worker-50: Building] INFO  o.a.m.s.f.DefaultMavenResourcesFiltering - skip non existing resourceDirectory D:\JDBC\Java_MongoDB_Connection\src\main\resources
2025-04-20 22:31:15,826 [Worker-50: Building] INFO  o.a.m.s.f.DefaultMavenResourcesFiltering - skip non existing resourceDirectory D:\JDBC\Java_MongoDB_Connection\src\test\resources
2025-04-20 22:31:20,351 [Worker-46: Building] INFO  o.a.m.s.f.DefaultMavenResourcesFiltering - skip non existing resourceDirectory D:\JDBC\Java_MongoDB_Connection\src\main\resources
2025-04-20 22:31:20,352 [Worker-46: Building] INFO  o.a.m.s.f.DefaultMavenResourcesFiltering - skip non existing resourceDirectory D:\JDBC\Java_MongoDB_Connection\src\test\resources
2025-04-20 22:31:27,298 [Worker-45: Building] INFO  o.a.m.s.f.DefaultMavenResourcesFiltering - skip non existing resourceDirectory D:\JDBC\Java_MongoDB_Connection\src\main\resources
2025-04-20 22:31:27,299 [Worker-45: Building] INFO  o.a.m.s.f.DefaultMavenResourcesFiltering - skip non existing resourceDirectory D:\JDBC\Java_MongoDB_Connection\src\test\resources
2025-04-20 22:31:34,210 [Worker-49: Building] INFO  o.a.m.s.f.DefaultMavenResourcesFiltering - skip non existing resourceDirectory D:\JDBC\Java_MongoDB_Connection\src\main\resources
2025-04-20 22:31:34,211 [Worker-49: Building] INFO  o.a.m.s.f.DefaultMavenResourcesFiltering - skip non existing resourceDirectory D:\JDBC\Java_MongoDB_Connection\src\test\resources
2025-04-20 22:31:58,318 [Worker-49: Building] INFO  o.a.m.s.f.DefaultMavenResourcesFiltering - skip non existing resourceDirectory D:\JDBC\Java_MongoDB_Connection\src\main\resources
2025-04-20 22:31:58,319 [Worker-49: Building] INFO  o.a.m.s.f.DefaultMavenResourcesFiltering - skip non existing resourceDirectory D:\JDBC\Java_MongoDB_Connection\src\test\resources
2025-04-20 22:32:04,000 [Worker-45: Building] INFO  o.a.m.s.f.DefaultMavenResourcesFiltering - skip non existing resourceDirectory D:\JDBC\Java_MongoDB_Connection\src\main\resources
2025-04-20 22:32:04,001 [Worker-45: Building] INFO  o.a.m.s.f.DefaultMavenResourcesFiltering - skip non existing resourceDirectory D:\JDBC\Java_MongoDB_Connection\src\test\resources
2025-04-20 22:32:05,807 [Worker-46: Building] INFO  o.a.m.s.f.DefaultMavenResourcesFiltering - skip non existing resourceDirectory D:\JDBC\Java_MongoDB_Connection\src\main\resources
2025-04-20 22:32:05,808 [Worker-46: Building] INFO  o.a.m.s.f.DefaultMavenResourcesFiltering - skip non existing resourceDirectory D:\JDBC\Java_MongoDB_Connection\src\test\resources
2025-04-20 22:32:20,898 [Worker-46: Building] INFO  o.a.m.s.f.DefaultMavenResourcesFiltering - skip non existing resourceDirectory D:\JDBC\Java_MongoDB_Connection\src\main\resources
2025-04-20 22:32:20,898 [Worker-46: Building] INFO  o.a.m.s.f.DefaultMavenResourcesFiltering - skip non existing resourceDirectory D:\JDBC\Java_MongoDB_Connection\src\test\resources
2025-04-20 22:32:23,463 [Worker-49: Building] INFO  o.a.m.s.f.DefaultMavenResourcesFiltering - skip non existing resourceDirectory D:\JDBC\Java_MongoDB_Connection\src\main\resources
2025-04-20 22:32:23,463 [Worker-49: Building] INFO  o.a.m.s.f.DefaultMavenResourcesFiltering - skip non existing resourceDirectory D:\JDBC\Java_MongoDB_Connection\src\test\resources
2025-04-20 22:32:34,222 [Worker-48: Building] INFO  o.a.m.s.f.DefaultMavenResourcesFiltering - skip non existing resourceDirectory D:\JDBC\Java_MongoDB_Connection\src\main\resources
2025-04-20 22:32:34,222 [Worker-48: Building] INFO  o.a.m.s.f.DefaultMavenResourcesFiltering - skip non existing resourceDirectory D:\JDBC\Java_MongoDB_Connection\src\test\resources
2025-04-20 22:32:36,082 [Worker-49: Building] INFO  o.a.m.s.f.DefaultMavenResourcesFiltering - skip non existing resourceDirectory D:\JDBC\Java_MongoDB_Connection\src\main\resources
2025-04-20 22:32:36,083 [Worker-49: Building] INFO  o.a.m.s.f.DefaultMavenResourcesFiltering - skip non existing resourceDirectory D:\JDBC\Java_MongoDB_Connection\src\test\resources
2025-04-20 22:32:38,924 [Worker-48: Building] INFO  o.a.m.s.f.DefaultMavenResourcesFiltering - skip non existing resourceDirectory D:\JDBC\Java_MongoDB_Connection\src\main\resources
2025-04-20 22:32:38,924 [Worker-48: Building] INFO  o.a.m.s.f.DefaultMavenResourcesFiltering - skip non existing resourceDirectory D:\JDBC\Java_MongoDB_Connection\src\test\resources
2025-04-20 22:32:42,662 [Worker-50: Building] INFO  o.a.m.s.f.DefaultMavenResourcesFiltering - skip non existing resourceDirectory D:\JDBC\Java_MongoDB_Connection\src\main\resources
2025-04-20 22:32:42,662 [Worker-50: Building] INFO  o.a.m.s.f.DefaultMavenResourcesFiltering - skip non existing resourceDirectory D:\JDBC\Java_MongoDB_Connection\src\test\resources
2025-04-20 22:32:46,591 [Worker-45: Building] INFO  o.a.m.s.f.DefaultMavenResourcesFiltering - skip non existing resourceDirectory D:\JDBC\Java_MongoDB_Connection\src\main\resources
2025-04-20 22:32:46,591 [Worker-45: Building] INFO  o.a.m.s.f.DefaultMavenResourcesFiltering - skip non existing resourceDirectory D:\JDBC\Java_MongoDB_Connection\src\test\resources
2025-04-20 22:32:54,132 [Worker-46: Building] INFO  o.a.m.s.f.DefaultMavenResourcesFiltering - skip non existing resourceDirectory D:\JDBC\Java_MongoDB_Connection\src\main\resources
2025-04-20 22:32:54,132 [Worker-46: Building] INFO  o.a.m.s.f.DefaultMavenResourcesFiltering - skip non existing resourceDirectory D:\JDBC\Java_MongoDB_Connection\src\test\resources
2025-04-20 22:33:21,047 [Worker-44: Building] INFO  o.a.m.s.f.DefaultMavenResourcesFiltering - skip non existing resourceDirectory D:\JDBC\Java_MongoDB_Connection\src\main\resources
2025-04-20 22:33:21,048 [Worker-44: Building] INFO  o.a.m.s.f.DefaultMavenResourcesFiltering - skip non existing resourceDirectory D:\JDBC\Java_MongoDB_Connection\src\test\resources
2025-04-20 22:33:35,072 [Worker-49: Building] INFO  o.a.m.s.f.DefaultMavenResourcesFiltering - skip non existing resourceDirectory D:\JDBC\Java_MongoDB_Connection\src\main\resources
2025-04-20 22:33:35,073 [Worker-49: Building] INFO  o.a.m.s.f.DefaultMavenResourcesFiltering - skip non existing resourceDirectory D:\JDBC\Java_MongoDB_Connection\src\test\resources
2025-04-20 22:33:38,623 [Worker-50: Building] INFO  o.a.m.s.f.DefaultMavenResourcesFiltering - skip non existing resourceDirectory D:\JDBC\Java_MongoDB_Connection\src\main\resources
2025-04-20 22:33:38,624 [Worker-50: Building] INFO  o.a.m.s.f.DefaultMavenResourcesFiltering - skip non existing resourceDirectory D:\JDBC\Java_MongoDB_Connection\src\test\resources
2025-04-20 22:34:01,158 [Worker-45: Building] INFO  o.a.m.s.f.DefaultMavenResourcesFiltering - skip non existing resourceDirectory D:\JDBC\Java_MongoDB_Connection\src\main\resources
2025-04-20 22:34:01,158 [Worker-45: Building] INFO  o.a.m.s.f.DefaultMavenResourcesFiltering - skip non existing resourceDirectory D:\JDBC\Java_MongoDB_Connection\src\test\resources
2025-04-20 22:34:19,079 [Worker-48: Building] INFO  o.a.m.s.f.DefaultMavenResourcesFiltering - skip non existing resourceDirectory D:\JDBC\Java_MongoDB_Connection\src\main\resources
2025-04-20 22:34:19,079 [Worker-48: Building] INFO  o.a.m.s.f.DefaultMavenResourcesFiltering - skip non existing resourceDirectory D:\JDBC\Java_MongoDB_Connection\src\test\resources
2025-04-20 22:34:26,850 [Worker-50: Building] INFO  o.a.m.s.f.DefaultMavenResourcesFiltering - skip non existing resourceDirectory D:\JDBC\Java_MongoDB_Connection\src\main\resources
2025-04-20 22:34:26,851 [Worker-50: Building] INFO  o.a.m.s.f.DefaultMavenResourcesFiltering - skip non existing resourceDirectory D:\JDBC\Java_MongoDB_Connection\src\test\resources
2025-04-20 22:34:33,928 [Worker-49: Building] INFO  o.a.m.s.f.DefaultMavenResourcesFiltering - skip non existing resourceDirectory D:\JDBC\Java_MongoDB_Connection\src\main\resources
2025-04-20 22:34:33,928 [Worker-49: Building] INFO  o.a.m.s.f.DefaultMavenResourcesFiltering - skip non existing resourceDirectory D:\JDBC\Java_MongoDB_Connection\src\test\resources
2025-04-20 22:34:37,116 [Worker-45: Building] INFO  o.a.m.s.f.DefaultMavenResourcesFiltering - skip non existing resourceDirectory D:\JDBC\Java_MongoDB_Connection\src\main\resources
2025-04-20 22:34:37,117 [Worker-45: Building] INFO  o.a.m.s.f.DefaultMavenResourcesFiltering - skip non existing resourceDirectory D:\JDBC\Java_MongoDB_Connection\src\test\resources
2025-04-20 22:34:47,855 [Worker-48: Building] INFO  o.a.m.s.f.DefaultMavenResourcesFiltering - skip non existing resourceDirectory D:\JDBC\Java_MongoDB_Connection\src\main\resources
2025-04-20 22:34:47,856 [Worker-48: Building] INFO  o.a.m.s.f.DefaultMavenResourcesFiltering - skip non existing resourceDirectory D:\JDBC\Java_MongoDB_Connection\src\test\resources
2025-04-20 22:35:10,380 [Worker-44: Building] INFO  o.a.m.s.f.DefaultMavenResourcesFiltering - skip non existing resourceDirectory D:\JDBC\Java_MongoDB_Connection\src\main\resources
2025-04-20 22:35:10,380 [Worker-44: Building] INFO  o.a.m.s.f.DefaultMavenResourcesFiltering - skip non existing resourceDirectory D:\JDBC\Java_MongoDB_Connection\src\test\resources
2025-04-20 22:35:55,339 [Worker-50: Building] INFO  o.a.m.s.f.DefaultMavenResourcesFiltering - skip non existing resourceDirectory D:\JDBC\Java_MongoDB_Connection\src\main\resources
2025-04-20 22:35:55,339 [Worker-50: Building] INFO  o.a.m.s.f.DefaultMavenResourcesFiltering - skip non existing resourceDirectory D:\JDBC\Java_MongoDB_Connection\src\test\resources
2025-04-20 22:36:08,148 [Worker-46: Building] INFO  o.a.m.s.f.DefaultMavenResourcesFiltering - skip non existing resourceDirectory D:\JDBC\Java_MongoDB_Connection\src\main\resources
2025-04-20 22:36:08,149 [Worker-46: Building] INFO  o.a.m.s.f.DefaultMavenResourcesFiltering - skip non existing resourceDirectory D:\JDBC\Java_MongoDB_Connection\src\test\resources
2025-04-20 22:36:24,365 [Worker-45: Building] INFO  o.a.m.s.f.DefaultMavenResourcesFiltering - skip non existing resourceDirectory D:\JDBC\Java_MongoDB_Connection\src\main\resources
2025-04-20 22:36:24,366 [Worker-45: Building] INFO  o.a.m.s.f.DefaultMavenResourcesFiltering - skip non existing resourceDirectory D:\JDBC\Java_MongoDB_Connection\src\test\resources
2025-04-20 22:36:27,648 [Worker-48: Building] INFO  o.a.m.s.f.DefaultMavenResourcesFiltering - skip non existing resourceDirectory D:\JDBC\Java_MongoDB_Connection\src\main\resources
2025-04-20 22:36:27,649 [Worker-48: Building] INFO  o.a.m.s.f.DefaultMavenResourcesFiltering - skip non existing resourceDirectory D:\JDBC\Java_MongoDB_Connection\src\test\resources
2025-04-20 22:37:41,350 [Worker-50: Building] INFO  o.a.m.s.f.DefaultMavenResourcesFiltering - skip non existing resourceDirectory D:\JDBC\Java_MongoDB_Connection\src\main\resources
2025-04-20 22:37:41,350 [Worker-50: Building] INFO  o.a.m.s.f.DefaultMavenResourcesFiltering - skip non existing resourceDirectory D:\JDBC\Java_MongoDB_Connection\src\test\resources
2025-04-20 22:38:12,322 [Worker-48: Building] INFO  o.a.m.s.f.DefaultMavenResourcesFiltering - skip non existing resourceDirectory D:\JDBC\Java_MongoDB_Connection\src\main\resources
2025-04-20 22:38:12,322 [Worker-48: Building] INFO  o.a.m.s.f.DefaultMavenResourcesFiltering - skip non existing resourceDirectory D:\JDBC\Java_MongoDB_Connection\src\test\resources
2025-04-20 22:38:17,415 [Worker-44: Building] INFO  o.a.m.s.f.DefaultMavenResourcesFiltering - skip non existing resourceDirectory D:\JDBC\Java_MongoDB_Connection\src\main\resources
2025-04-20 22:38:17,416 [Worker-44: Building] INFO  o.a.m.s.f.DefaultMavenResourcesFiltering - skip non existing resourceDirectory D:\JDBC\Java_MongoDB_Connection\src\test\resources
2025-04-20 22:38:46,570 [Worker-45: Building] INFO  o.a.m.s.f.DefaultMavenResourcesFiltering - skip non existing resourceDirectory D:\JDBC\Java_MongoDB_Connection\src\main\resources
2025-04-20 22:38:46,570 [Worker-45: Building] INFO  o.a.m.s.f.DefaultMavenResourcesFiltering - skip non existing resourceDirectory D:\JDBC\Java_MongoDB_Connection\src\test\resources
2025-04-20 22:38:59,570 [Worker-46: Building] INFO  o.a.m.s.f.DefaultMavenResourcesFiltering - skip non existing resourceDirectory D:\JDBC\Java_MongoDB_Connection\src\main\resources
2025-04-20 22:38:59,571 [Worker-46: Building] INFO  o.a.m.s.f.DefaultMavenResourcesFiltering - skip non existing resourceDirectory D:\JDBC\Java_MongoDB_Connection\src\test\resources
2025-04-20 23:01:19,913 [Worker-48: Building] INFO  o.a.m.s.f.DefaultMavenResourcesFiltering - skip non existing resourceDirectory D:\JDBC\Java_MongoDB_Connection\src\main\resources
2025-04-20 23:01:19,914 [Worker-48: Building] INFO  o.a.m.s.f.DefaultMavenResourcesFiltering - skip non existing resourceDirectory D:\JDBC\Java_MongoDB_Connection\src\test\resources
2025-04-20 23:01:20,947 [Worker-51: Building] INFO  o.a.m.s.f.DefaultMavenResourcesFiltering - skip non existing resourceDirectory D:\JDBC\Java_MongoDB_Connection\src\main\resources
2025-04-20 23:01:20,947 [Worker-51: Building] INFO  o.a.m.s.f.DefaultMavenResourcesFiltering - skip non existing resourceDirectory D:\JDBC\Java_MongoDB_Connection\src\test\resources
2025-04-20 23:01:23,712 [Worker-46: Building] INFO  o.a.m.s.f.DefaultMavenResourcesFiltering - skip non existing resourceDirectory D:\JDBC\Java_MongoDB_Connection\src\main\resources
2025-04-20 23:01:23,713 [Worker-46: Building] INFO  o.a.m.s.f.DefaultMavenResourcesFiltering - skip non existing resourceDirectory D:\JDBC\Java_MongoDB_Connection\src\test\resources
2025-04-20 23:01:28,833 [Worker-50: Building] INFO  o.a.m.s.f.DefaultMavenResourcesFiltering - skip non existing resourceDirectory D:\JDBC\Java_MongoDB_Connection\src\main\resources
2025-04-20 23:01:28,833 [Worker-50: Building] INFO  o.a.m.s.f.DefaultMavenResourcesFiltering - skip non existing resourceDirectory D:\JDBC\Java_MongoDB_Connection\src\test\resources
2025-04-20 23:01:42,032 [Worker-51: Building] INFO  o.a.m.s.f.DefaultMavenResourcesFiltering - skip non existing resourceDirectory D:\JDBC\Java_MongoDB_Connection\src\main\resources
2025-04-20 23:01:42,032 [Worker-51: Building] INFO  o.a.m.s.f.DefaultMavenResourcesFiltering - skip non existing resourceDirectory D:\JDBC\Java_MongoDB_Connection\src\test\resources
2025-04-20 23:01:57,909 [Worker-49: Building] INFO  o.a.m.s.f.DefaultMavenResourcesFiltering - skip non existing resourceDirectory D:\JDBC\Java_MongoDB_Connection\src\main\resources
2025-04-20 23:01:57,909 [Worker-49: Building] INFO  o.a.m.s.f.DefaultMavenResourcesFiltering - skip non existing resourceDirectory D:\JDBC\Java_MongoDB_Connection\src\test\resources
2025-04-20 23:03:31,092 [Worker-48: Building] INFO  o.a.m.s.f.DefaultMavenResourcesFiltering - skip non existing resourceDirectory D:\JDBC\Java_MongoDB_Connection\src\main\resources
2025-04-20 23:03:31,092 [Worker-48: Building] INFO  o.a.m.s.f.DefaultMavenResourcesFiltering - skip non existing resourceDirectory D:\JDBC\Java_MongoDB_Connection\src\test\resources
2025-04-20 23:03:41,365 [Worker-52: Building] INFO  o.a.m.s.f.DefaultMavenResourcesFiltering - skip non existing resourceDirectory D:\JDBC\Java_MongoDB_Connection\src\main\resources
2025-04-20 23:03:41,365 [Worker-52: Building] INFO  o.a.m.s.f.DefaultMavenResourcesFiltering - skip non existing resourceDirectory D:\JDBC\Java_MongoDB_Connection\src\test\resources
2025-04-20 23:03:56,812 [Worker-48: Building] INFO  o.a.m.s.f.DefaultMavenResourcesFiltering - skip non existing resourceDirectory D:\JDBC\Java_MongoDB_Connection\src\main\resources
2025-04-20 23:03:56,813 [Worker-48: Building] INFO  o.a.m.s.f.DefaultMavenResourcesFiltering - skip non existing resourceDirectory D:\JDBC\Java_MongoDB_Connection\src\test\resources
2025-04-20 23:04:32,724 [Worker-48: Building] INFO  o.a.m.s.f.DefaultMavenResourcesFiltering - skip non existing resourceDirectory D:\JDBC\Java_MongoDB_Connection\src\main\resources
2025-04-20 23:04:32,725 [Worker-48: Building] INFO  o.a.m.s.f.DefaultMavenResourcesFiltering - skip non existing resourceDirectory D:\JDBC\Java_MongoDB_Connection\src\test\resources
2025-04-20 23:04:40,734 [Worker-52: Building] INFO  o.a.m.s.f.DefaultMavenResourcesFiltering - skip non existing resourceDirectory D:\JDBC\Java_MongoDB_Connection\src\main\resources
2025-04-20 23:04:40,734 [Worker-52: Building] INFO  o.a.m.s.f.DefaultMavenResourcesFiltering - skip non existing resourceDirectory D:\JDBC\Java_MongoDB_Connection\src\test\resources
2025-04-20 23:04:51,045 [Worker-51: Building] INFO  o.a.m.s.f.DefaultMavenResourcesFiltering - skip non existing resourceDirectory D:\JDBC\Java_MongoDB_Connection\src\main\resources
2025-04-20 23:04:51,045 [Worker-51: Building] INFO  o.a.m.s.f.DefaultMavenResourcesFiltering - skip non existing resourceDirectory D:\JDBC\Java_MongoDB_Connection\src\test\resources
2025-04-20 23:05:06,976 [Worker-50: Building] INFO  o.a.m.s.f.DefaultMavenResourcesFiltering - skip non existing resourceDirectory D:\JDBC\Java_MongoDB_Connection\src\main\resources
2025-04-20 23:05:06,977 [Worker-50: Building] INFO  o.a.m.s.f.DefaultMavenResourcesFiltering - skip non existing resourceDirectory D:\JDBC\Java_MongoDB_Connection\src\test\resources
2025-04-20 23:05:40,625 [Worker-48: Building] INFO  o.a.m.s.f.DefaultMavenResourcesFiltering - skip non existing resourceDirectory D:\JDBC\Java_MongoDB_Connection\src\main\resources
2025-04-20 23:05:40,626 [Worker-48: Building] INFO  o.a.m.s.f.DefaultMavenResourcesFiltering - skip non existing resourceDirectory D:\JDBC\Java_MongoDB_Connection\src\test\resources
2025-04-20 23:06:00,255 [Worker-51: Building] INFO  o.a.m.s.f.DefaultMavenResourcesFiltering - skip non existing resourceDirectory D:\JDBC\Java_MongoDB_Connection\src\main\resources
2025-04-20 23:06:00,256 [Worker-51: Building] INFO  o.a.m.s.f.DefaultMavenResourcesFiltering - skip non existing resourceDirectory D:\JDBC\Java_MongoDB_Connection\src\test\resources
2025-04-20 23:06:23,036 [Worker-48: Building] INFO  o.a.m.s.f.DefaultMavenResourcesFiltering - skip non existing resourceDirectory D:\JDBC\Java_MongoDB_Connection\src\main\resources
2025-04-20 23:06:23,036 [Worker-48: Building] INFO  o.a.m.s.f.DefaultMavenResourcesFiltering - skip non existing resourceDirectory D:\JDBC\Java_MongoDB_Connection\src\test\resources
2025-04-20 23:06:47,246 [Worker-52: Building] INFO  o.a.m.s.f.DefaultMavenResourcesFiltering - skip non existing resourceDirectory D:\JDBC\Java_MongoDB_Connection\src\main\resources
2025-04-20 23:06:47,246 [Worker-52: Building] INFO  o.a.m.s.f.DefaultMavenResourcesFiltering - skip non existing resourceDirectory D:\JDBC\Java_MongoDB_Connection\src\test\resources
2025-04-20 23:07:03,523 [Worker-52: Building] INFO  o.a.m.s.f.DefaultMavenResourcesFiltering - skip non existing resourceDirectory D:\JDBC\Java_MongoDB_Connection\src\main\resources
2025-04-20 23:07:03,523 [Worker-52: Building] INFO  o.a.m.s.f.DefaultMavenResourcesFiltering - skip non existing resourceDirectory D:\JDBC\Java_MongoDB_Connection\src\test\resources
2025-04-20 23:07:05,587 [Worker-48: Building] INFO  o.a.m.s.f.DefaultMavenResourcesFiltering - skip non existing resourceDirectory D:\JDBC\Java_MongoDB_Connection\src\main\resources
2025-04-20 23:07:05,588 [Worker-48: Building] INFO  o.a.m.s.f.DefaultMavenResourcesFiltering - skip non existing resourceDirectory D:\JDBC\Java_MongoDB_Connection\src\test\resources
2025-04-20 23:07:23,483 [Worker-53: Building] INFO  o.a.m.s.f.DefaultMavenResourcesFiltering - skip non existing resourceDirectory D:\JDBC\Java_MongoDB_Connection\src\main\resources
2025-04-20 23:07:23,484 [Worker-53: Building] INFO  o.a.m.s.f.DefaultMavenResourcesFiltering - skip non existing resourceDirectory D:\JDBC\Java_MongoDB_Connection\src\test\resources
2025-04-20 23:07:30,437 [Worker-52: Building] INFO  o.a.m.s.f.DefaultMavenResourcesFiltering - skip non existing resourceDirectory D:\JDBC\Java_MongoDB_Connection\src\main\resources
2025-04-20 23:07:30,438 [Worker-52: Building] INFO  o.a.m.s.f.DefaultMavenResourcesFiltering - skip non existing resourceDirectory D:\JDBC\Java_MongoDB_Connection\src\test\resources
2025-04-20 23:08:16,967 [Worker-50: Building] INFO  o.a.m.s.f.DefaultMavenResourcesFiltering - skip non existing resourceDirectory D:\JDBC\Java_MongoDB_Connection\src\main\resources
2025-04-20 23:08:16,976 [Worker-50: Building] INFO  o.a.m.s.f.DefaultMavenResourcesFiltering - skip non existing resourceDirectory D:\JDBC\Java_MongoDB_Connection\src\test\resources
2025-04-20 23:08:23,975 [Worker-48: Building] INFO  o.a.m.s.f.DefaultMavenResourcesFiltering - skip non existing resourceDirectory D:\JDBC\Java_MongoDB_Connection\src\main\resources
2025-04-20 23:08:23,976 [Worker-48: Building] INFO  o.a.m.s.f.DefaultMavenResourcesFiltering - skip non existing resourceDirectory D:\JDBC\Java_MongoDB_Connection\src\test\resources
2025-04-20 23:08:39,800 [Worker-50: Building] INFO  o.a.m.s.f.DefaultMavenResourcesFiltering - skip non existing resourceDirectory D:\JDBC\Java_MongoDB_Connection\src\main\resources
2025-04-20 23:08:39,800 [Worker-50: Building] INFO  o.a.m.s.f.DefaultMavenResourcesFiltering - skip non existing resourceDirectory D:\JDBC\Java_MongoDB_Connection\src\test\resources
2025-04-20 23:09:03,770 [Worker-52: Building] INFO  o.a.m.s.f.DefaultMavenResourcesFiltering - skip non existing resourceDirectory D:\JDBC\Java_MongoDB_Connection\src\main\resources
2025-04-20 23:09:03,771 [Worker-52: Building] INFO  o.a.m.s.f.DefaultMavenResourcesFiltering - skip non existing resourceDirectory D:\JDBC\Java_MongoDB_Connection\src\test\resources
2025-04-20 23:09:06,530 [Worker-52: Building] INFO  o.a.m.s.f.DefaultMavenResourcesFiltering - skip non existing resourceDirectory D:\JDBC\Java_MongoDB_Connection\src\main\resources
2025-04-20 23:09:06,531 [Worker-52: Building] INFO  o.a.m.s.f.DefaultMavenResourcesFiltering - skip non existing resourceDirectory D:\JDBC\Java_MongoDB_Connection\src\test\resources
2025-04-20 23:09:11,888 [Worker-48: Building] INFO  o.a.m.s.f.DefaultMavenResourcesFiltering - skip non existing resourceDirectory D:\JDBC\Java_MongoDB_Connection\src\main\resources
2025-04-20 23:09:11,888 [Worker-48: Building] INFO  o.a.m.s.f.DefaultMavenResourcesFiltering - skip non existing resourceDirectory D:\JDBC\Java_MongoDB_Connection\src\test\resources
2025-04-20 23:09:30,130 [Worker-51: Building] INFO  o.a.m.s.f.DefaultMavenResourcesFiltering - skip non existing resourceDirectory D:\JDBC\Java_MongoDB_Connection\src\main\resources
2025-04-20 23:09:30,131 [Worker-51: Building] INFO  o.a.m.s.f.DefaultMavenResourcesFiltering - skip non existing resourceDirectory D:\JDBC\Java_MongoDB_Connection\src\test\resources
2025-04-20 23:09:39,452 [Worker-52: Building] INFO  o.a.m.s.f.DefaultMavenResourcesFiltering - skip non existing resourceDirectory D:\JDBC\Java_MongoDB_Connection\src\main\resources
2025-04-20 23:09:39,453 [Worker-52: Building] INFO  o.a.m.s.f.DefaultMavenResourcesFiltering - skip non existing resourceDirectory D:\JDBC\Java_MongoDB_Connection\src\test\resources
2025-04-20 23:09:43,704 [Worker-53: Building] INFO  o.a.m.s.f.DefaultMavenResourcesFiltering - skip non existing resourceDirectory D:\JDBC\Java_MongoDB_Connection\src\main\resources
2025-04-20 23:09:43,705 [Worker-53: Building] INFO  o.a.m.s.f.DefaultMavenResourcesFiltering - skip non existing resourceDirectory D:\JDBC\Java_MongoDB_Connection\src\test\resources
2025-04-20 23:10:02,984 [Worker-50: Building] INFO  o.a.m.s.f.DefaultMavenResourcesFiltering - skip non existing resourceDirectory D:\JDBC\Java_MongoDB_Connection\src\main\resources
2025-04-20 23:10:02,985 [Worker-50: Building] INFO  o.a.m.s.f.DefaultMavenResourcesFiltering - skip non existing resourceDirectory D:\JDBC\Java_MongoDB_Connection\src\test\resources
2025-04-20 23:10:04,132 [Worker-51: Building] INFO  o.a.m.s.f.DefaultMavenResourcesFiltering - skip non existing resourceDirectory D:\JDBC\Java_MongoDB_Connection\src\main\resources
2025-04-20 23:10:04,132 [Worker-51: Building] INFO  o.a.m.s.f.DefaultMavenResourcesFiltering - skip non existing resourceDirectory D:\JDBC\Java_MongoDB_Connection\src\test\resources
2025-04-20 23:10:08,820 [Worker-53: Building] INFO  o.a.m.s.f.DefaultMavenResourcesFiltering - skip non existing resourceDirectory D:\JDBC\Java_MongoDB_Connection\src\main\resources
2025-04-20 23:10:08,820 [Worker-53: Building] INFO  o.a.m.s.f.DefaultMavenResourcesFiltering - skip non existing resourceDirectory D:\JDBC\Java_MongoDB_Connection\src\test\resources
2025-04-20 23:10:38,404 [Worker-52: Building] INFO  o.a.m.s.f.DefaultMavenResourcesFiltering - skip non existing resourceDirectory D:\JDBC\Java_MongoDB_Connection\src\main\resources
2025-04-20 23:10:38,404 [Worker-52: Building] INFO  o.a.m.s.f.DefaultMavenResourcesFiltering - skip non existing resourceDirectory D:\JDBC\Java_MongoDB_Connection\src\test\resources
2025-04-20 23:10:45,401 [Worker-51: Building] INFO  o.a.m.s.f.DefaultMavenResourcesFiltering - skip non existing resourceDirectory D:\JDBC\Java_MongoDB_Connection\src\main\resources
2025-04-20 23:10:45,402 [Worker-51: Building] INFO  o.a.m.s.f.DefaultMavenResourcesFiltering - skip non existing resourceDirectory D:\JDBC\Java_MongoDB_Connection\src\test\resources
2025-04-20 23:11:16,974 [Worker-50: Building] INFO  o.a.m.s.f.DefaultMavenResourcesFiltering - skip non existing resourceDirectory D:\JDBC\Java_MongoDB_Connection\src\main\resources
2025-04-20 23:11:16,975 [Worker-50: Building] INFO  o.a.m.s.f.DefaultMavenResourcesFiltering - skip non existing resourceDirectory D:\JDBC\Java_MongoDB_Connection\src\test\resources
2025-04-20 23:11:20,449 [Worker-51: Building] INFO  o.a.m.s.f.DefaultMavenResourcesFiltering - skip non existing resourceDirectory D:\JDBC\Java_MongoDB_Connection\src\main\resources
2025-04-20 23:11:20,449 [Worker-51: Building] INFO  o.a.m.s.f.DefaultMavenResourcesFiltering - skip non existing resourceDirectory D:\JDBC\Java_MongoDB_Connection\src\test\resources
2025-04-20 23:11:24,162 [Worker-51: Building] INFO  o.a.m.s.f.DefaultMavenResourcesFiltering - skip non existing resourceDirectory D:\JDBC\Java_MongoDB_Connection\src\main\resources
2025-04-20 23:11:24,163 [Worker-51: Building] INFO  o.a.m.s.f.DefaultMavenResourcesFiltering - skip non existing resourceDirectory D:\JDBC\Java_MongoDB_Connection\src\test\resources
2025-04-20 23:11:26,061 [Worker-50: Building] INFO  o.a.m.s.f.DefaultMavenResourcesFiltering - skip non existing resourceDirectory D:\JDBC\Java_MongoDB_Connection\src\main\resources
2025-04-20 23:11:26,061 [Worker-50: Building] INFO  o.a.m.s.f.DefaultMavenResourcesFiltering - skip non existing resourceDirectory D:\JDBC\Java_MongoDB_Connection\src\test\resources
2025-04-20 23:11:32,651 [Worker-48: Building] INFO  o.a.m.s.f.DefaultMavenResourcesFiltering - skip non existing resourceDirectory D:\JDBC\Java_MongoDB_Connection\src\main\resources
2025-04-20 23:11:32,652 [Worker-48: Building] INFO  o.a.m.s.f.DefaultMavenResourcesFiltering - skip non existing resourceDirectory D:\JDBC\Java_MongoDB_Connection\src\test\resources
2025-04-20 23:11:34,814 [Worker-48: Building] INFO  o.a.m.s.f.DefaultMavenResourcesFiltering - skip non existing resourceDirectory D:\JDBC\Java_MongoDB_Connection\src\main\resources
2025-04-20 23:11:34,815 [Worker-48: Building] INFO  o.a.m.s.f.DefaultMavenResourcesFiltering - skip non existing resourceDirectory D:\JDBC\Java_MongoDB_Connection\src\test\resources
2025-04-20 23:11:47,805 [Worker-48: Building] INFO  o.a.m.s.f.DefaultMavenResourcesFiltering - skip non existing resourceDirectory D:\JDBC\Java_MongoDB_Connection\src\main\resources
2025-04-20 23:11:47,806 [Worker-48: Building] INFO  o.a.m.s.f.DefaultMavenResourcesFiltering - skip non existing resourceDirectory D:\JDBC\Java_MongoDB_Connection\src\test\resources
2025-04-20 23:11:53,825 [Worker-50: Building] INFO  o.a.m.s.f.DefaultMavenResourcesFiltering - skip non existing resourceDirectory D:\JDBC\Java_MongoDB_Connection\src\main\resources
2025-04-20 23:11:53,826 [Worker-50: Building] INFO  o.a.m.s.f.DefaultMavenResourcesFiltering - skip non existing resourceDirectory D:\JDBC\Java_MongoDB_Connection\src\test\resources
2025-04-20 23:12:05,420 [Worker-53: Building] INFO  o.a.m.s.f.DefaultMavenResourcesFiltering - skip non existing resourceDirectory D:\JDBC\Java_MongoDB_Connection\src\main\resources
2025-04-20 23:12:05,421 [Worker-53: Building] INFO  o.a.m.s.f.DefaultMavenResourcesFiltering - skip non existing resourceDirectory D:\JDBC\Java_MongoDB_Connection\src\test\resources
2025-04-20 23:12:10,288 [Worker-52: Building] INFO  o.a.m.s.f.DefaultMavenResourcesFiltering - skip non existing resourceDirectory D:\JDBC\Java_MongoDB_Connection\src\main\resources
2025-04-20 23:12:10,288 [Worker-52: Building] INFO  o.a.m.s.f.DefaultMavenResourcesFiltering - skip non existing resourceDirectory D:\JDBC\Java_MongoDB_Connection\src\test\resources
2025-04-20 23:12:16,381 [Worker-50: Building] INFO  o.a.m.s.f.DefaultMavenResourcesFiltering - skip non existing resourceDirectory D:\JDBC\Java_MongoDB_Connection\src\main\resources
2025-04-20 23:12:16,382 [Worker-50: Building] INFO  o.a.m.s.f.DefaultMavenResourcesFiltering - skip non existing resourceDirectory D:\JDBC\Java_MongoDB_Connection\src\test\resources
2025-04-20 23:12:22,597 [Worker-53: Building] INFO  o.a.m.s.f.DefaultMavenResourcesFiltering - skip non existing resourceDirectory D:\JDBC\Java_MongoDB_Connection\src\main\resources
2025-04-20 23:12:22,598 [Worker-53: Building] INFO  o.a.m.s.f.DefaultMavenResourcesFiltering - skip non existing resourceDirectory D:\JDBC\Java_MongoDB_Connection\src\test\resources
2025-04-20 23:12:27,758 [Worker-50: Building] INFO  o.a.m.s.f.DefaultMavenResourcesFiltering - skip non existing resourceDirectory D:\JDBC\Java_MongoDB_Connection\src\main\resources
2025-04-20 23:12:27,759 [Worker-50: Building] INFO  o.a.m.s.f.DefaultMavenResourcesFiltering - skip non existing resourceDirectory D:\JDBC\Java_MongoDB_Connection\src\test\resources
2025-04-20 23:12:36,276 [Worker-48: Building] INFO  o.a.m.s.f.DefaultMavenResourcesFiltering - skip non existing resourceDirectory D:\JDBC\Java_MongoDB_Connection\src\main\resources
2025-04-20 23:12:36,277 [Worker-48: Building] INFO  o.a.m.s.f.DefaultMavenResourcesFiltering - skip non existing resourceDirectory D:\JDBC\Java_MongoDB_Connection\src\test\resources
2025-04-20 23:13:50,884 [Worker-48: Building] INFO  o.a.m.s.f.DefaultMavenResourcesFiltering - skip non existing resourceDirectory D:\JDBC\Java_MongoDB_Connection\src\main\resources
2025-04-20 23:13:50,885 [Worker-48: Building] INFO  o.a.m.s.f.DefaultMavenResourcesFiltering - skip non existing resourceDirectory D:\JDBC\Java_MongoDB_Connection\src\test\resources
2025-04-20 23:13:53,289 [Worker-54: Building] INFO  o.a.m.s.f.DefaultMavenResourcesFiltering - skip non existing resourceDirectory D:\JDBC\Java_MongoDB_Connection\src\main\resources
2025-04-20 23:13:53,290 [Worker-54: Building] INFO  o.a.m.s.f.DefaultMavenResourcesFiltering - skip non existing resourceDirectory D:\JDBC\Java_MongoDB_Connection\src\test\resources
2025-04-20 23:14:00,832 [Worker-53: Building] INFO  o.a.m.s.f.DefaultMavenResourcesFiltering - skip non existing resourceDirectory D:\JDBC\Java_MongoDB_Connection\src\main\resources
2025-04-20 23:14:00,833 [Worker-53: Building] INFO  o.a.m.s.f.DefaultMavenResourcesFiltering - skip non existing resourceDirectory D:\JDBC\Java_MongoDB_Connection\src\test\resources
2025-04-20 23:14:10,374 [Worker-48: Building] INFO  o.a.m.s.f.DefaultMavenResourcesFiltering - skip non existing resourceDirectory D:\JDBC\Java_MongoDB_Connection\src\main\resources
2025-04-20 23:14:10,375 [Worker-48: Building] INFO  o.a.m.s.f.DefaultMavenResourcesFiltering - skip non existing resourceDirectory D:\JDBC\Java_MongoDB_Connection\src\test\resources
2025-04-20 23:14:15,298 [Worker-48: Building] INFO  o.a.m.s.f.DefaultMavenResourcesFiltering - skip non existing resourceDirectory D:\JDBC\Java_MongoDB_Connection\src\main\resources
2025-04-20 23:14:15,299 [Worker-48: Building] INFO  o.a.m.s.f.DefaultMavenResourcesFiltering - skip non existing resourceDirectory D:\JDBC\Java_MongoDB_Connection\src\test\resources
2025-04-20 23:14:38,736 [Worker-54: Building] INFO  o.a.m.s.f.DefaultMavenResourcesFiltering - skip non existing resourceDirectory D:\JDBC\Java_MongoDB_Connection\src\main\resources
2025-04-20 23:14:38,737 [Worker-54: Building] INFO  o.a.m.s.f.DefaultMavenResourcesFiltering - skip non existing resourceDirectory D:\JDBC\Java_MongoDB_Connection\src\test\resources
2025-04-20 23:14:40,458 [Worker-48: Building] INFO  o.a.m.s.f.DefaultMavenResourcesFiltering - skip non existing resourceDirectory D:\JDBC\Java_MongoDB_Connection\src\main\resources
2025-04-20 23:14:40,459 [Worker-48: Building] INFO  o.a.m.s.f.DefaultMavenResourcesFiltering - skip non existing resourceDirectory D:\JDBC\Java_MongoDB_Connection\src\test\resources
2025-04-20 23:14:52,517 [Worker-48: Building] INFO  o.a.m.s.f.DefaultMavenResourcesFiltering - skip non existing resourceDirectory D:\JDBC\Java_MongoDB_Connection\src\main\resources
2025-04-20 23:14:52,518 [Worker-48: Building] INFO  o.a.m.s.f.DefaultMavenResourcesFiltering - skip non existing resourceDirectory D:\JDBC\Java_MongoDB_Connection\src\test\resources
2025-04-20 23:14:55,044 [Worker-54: Building] INFO  o.a.m.s.f.DefaultMavenResourcesFiltering - skip non existing resourceDirectory D:\JDBC\Java_MongoDB_Connection\src\main\resources
2025-04-20 23:14:55,045 [Worker-54: Building] INFO  o.a.m.s.f.DefaultMavenResourcesFiltering - skip non existing resourceDirectory D:\JDBC\Java_MongoDB_Connection\src\test\resources
2025-04-20 23:15:08,321 [Worker-48: Building] INFO  o.a.m.s.f.DefaultMavenResourcesFiltering - skip non existing resourceDirectory D:\JDBC\Java_MongoDB_Connection\src\main\resources
2025-04-20 23:15:08,322 [Worker-48: Building] INFO  o.a.m.s.f.DefaultMavenResourcesFiltering - skip non existing resourceDirectory D:\JDBC\Java_MongoDB_Connection\src\test\resources
2025-04-20 23:15:13,943 [Worker-51: Building] INFO  o.a.m.s.f.DefaultMavenResourcesFiltering - skip non existing resourceDirectory D:\JDBC\Java_MongoDB_Connection\src\main\resources
2025-04-20 23:15:13,944 [Worker-51: Building] INFO  o.a.m.s.f.DefaultMavenResourcesFiltering - skip non existing resourceDirectory D:\JDBC\Java_MongoDB_Connection\src\test\resources
2025-04-20 23:15:16,925 [Worker-54: Building] INFO  o.a.m.s.f.DefaultMavenResourcesFiltering - skip non existing resourceDirectory D:\JDBC\Java_MongoDB_Connection\src\main\resources
2025-04-20 23:15:16,925 [Worker-54: Building] INFO  o.a.m.s.f.DefaultMavenResourcesFiltering - skip non existing resourceDirectory D:\JDBC\Java_MongoDB_Connection\src\test\resources
2025-04-20 23:15:22,705 [Worker-53: Building] INFO  o.a.m.s.f.DefaultMavenResourcesFiltering - skip non existing resourceDirectory D:\JDBC\Java_MongoDB_Connection\src\main\resources
2025-04-20 23:15:22,705 [Worker-53: Building] INFO  o.a.m.s.f.DefaultMavenResourcesFiltering - skip non existing resourceDirectory D:\JDBC\Java_MongoDB_Connection\src\test\resources
2025-04-20 23:15:39,318 [Worker-51: Building] INFO  o.a.m.s.f.DefaultMavenResourcesFiltering - skip non existing resourceDirectory D:\JDBC\Java_MongoDB_Connection\src\main\resources
2025-04-20 23:15:39,318 [Worker-51: Building] INFO  o.a.m.s.f.DefaultMavenResourcesFiltering - skip non existing resourceDirectory D:\JDBC\Java_MongoDB_Connection\src\test\resources
2025-04-20 23:15:52,125 [Worker-53: Building] INFO  o.a.m.s.f.DefaultMavenResourcesFiltering - skip non existing resourceDirectory D:\JDBC\Java_MongoDB_Connection\src\main\resources
2025-04-20 23:15:52,126 [Worker-53: Building] INFO  o.a.m.s.f.DefaultMavenResourcesFiltering - skip non existing resourceDirectory D:\JDBC\Java_MongoDB_Connection\src\test\resources
2025-04-20 23:16:05,540 [Worker-48: Building] INFO  o.a.m.s.f.DefaultMavenResourcesFiltering - skip non existing resourceDirectory D:\JDBC\Java_MongoDB_Connection\src\main\resources
2025-04-20 23:16:05,540 [Worker-48: Building] INFO  o.a.m.s.f.DefaultMavenResourcesFiltering - skip non existing resourceDirectory D:\JDBC\Java_MongoDB_Connection\src\test\resources
2025-04-20 23:16:11,822 [Worker-48: Building] INFO  o.a.m.s.f.DefaultMavenResourcesFiltering - skip non existing resourceDirectory D:\JDBC\Java_MongoDB_Connection\src\main\resources
2025-04-20 23:16:11,823 [Worker-48: Building] INFO  o.a.m.s.f.DefaultMavenResourcesFiltering - skip non existing resourceDirectory D:\JDBC\Java_MongoDB_Connection\src\test\resources
2025-04-20 23:16:20,556 [Worker-48: Building] INFO  o.a.m.s.f.DefaultMavenResourcesFiltering - skip non existing resourceDirectory D:\JDBC\Java_MongoDB_Connection\src\main\resources
2025-04-20 23:16:20,557 [Worker-48: Building] INFO  o.a.m.s.f.DefaultMavenResourcesFiltering - skip non existing resourceDirectory D:\JDBC\Java_MongoDB_Connection\src\test\resources
2025-04-20 23:16:33,429 [Worker-55: Building] INFO  o.a.m.s.f.DefaultMavenResourcesFiltering - skip non existing resourceDirectory D:\JDBC\Java_MongoDB_Connection\src\main\resources
2025-04-20 23:16:33,430 [Worker-55: Building] INFO  o.a.m.s.f.DefaultMavenResourcesFiltering - skip non existing resourceDirectory D:\JDBC\Java_MongoDB_Connection\src\test\resources
2025-04-20 23:16:38,297 [Worker-54: Building] INFO  o.a.m.s.f.DefaultMavenResourcesFiltering - skip non existing resourceDirectory D:\JDBC\Java_MongoDB_Connection\src\main\resources
2025-04-20 23:16:38,298 [Worker-54: Building] INFO  o.a.m.s.f.DefaultMavenResourcesFiltering - skip non existing resourceDirectory D:\JDBC\Java_MongoDB_Connection\src\test\resources
2025-04-20 23:17:03,462 [Worker-54: Building] INFO  o.a.m.s.f.DefaultMavenResourcesFiltering - skip non existing resourceDirectory D:\JDBC\Java_MongoDB_Connection\src\main\resources
2025-04-20 23:17:03,463 [Worker-54: Building] INFO  o.a.m.s.f.DefaultMavenResourcesFiltering - skip non existing resourceDirectory D:\JDBC\Java_MongoDB_Connection\src\test\resources
2025-04-20 23:17:07,181 [Worker-55: Building] INFO  o.a.m.s.f.DefaultMavenResourcesFiltering - skip non existing resourceDirectory D:\JDBC\Java_MongoDB_Connection\src\main\resources
2025-04-20 23:17:07,182 [Worker-55: Building] INFO  o.a.m.s.f.DefaultMavenResourcesFiltering - skip non existing resourceDirectory D:\JDBC\Java_MongoDB_Connection\src\test\resources
2025-04-20 23:17:10,425 [Worker-53: Building] INFO  o.a.m.s.f.DefaultMavenResourcesFiltering - skip non existing resourceDirectory D:\JDBC\Java_MongoDB_Connection\src\main\resources
2025-04-20 23:17:10,425 [Worker-53: Building] INFO  o.a.m.s.f.DefaultMavenResourcesFiltering - skip non existing resourceDirectory D:\JDBC\Java_MongoDB_Connection\src\test\resources
2025-04-20 23:17:14,862 [Worker-55: Building] INFO  o.a.m.s.f.DefaultMavenResourcesFiltering - skip non existing resourceDirectory D:\JDBC\Java_MongoDB_Connection\src\main\resources
2025-04-20 23:17:14,863 [Worker-55: Building] INFO  o.a.m.s.f.DefaultMavenResourcesFiltering - skip non existing resourceDirectory D:\JDBC\Java_MongoDB_Connection\src\test\resources
2025-04-20 23:17:24,568 [Worker-54: Building] INFO  o.a.m.s.f.DefaultMavenResourcesFiltering - skip non existing resourceDirectory D:\JDBC\Java_MongoDB_Connection\src\main\resources
2025-04-20 23:17:24,570 [Worker-54: Building] INFO  o.a.m.s.f.DefaultMavenResourcesFiltering - skip non existing resourceDirectory D:\JDBC\Java_MongoDB_Connection\src\test\resources
2025-04-20 23:17:30,396 [Worker-48: Building] INFO  o.a.m.s.f.DefaultMavenResourcesFiltering - skip non existing resourceDirectory D:\JDBC\Java_MongoDB_Connection\src\main\resources
2025-04-20 23:17:30,396 [Worker-48: Building] INFO  o.a.m.s.f.DefaultMavenResourcesFiltering - skip non existing resourceDirectory D:\JDBC\Java_MongoDB_Connection\src\test\resources
2025-04-20 23:17:48,147 [Worker-53: Building] INFO  o.a.m.s.f.DefaultMavenResourcesFiltering - skip non existing resourceDirectory D:\JDBC\Java_MongoDB_Connection\src\main\resources
2025-04-20 23:17:48,148 [Worker-53: Building] INFO  o.a.m.s.f.DefaultMavenResourcesFiltering - skip non existing resourceDirectory D:\JDBC\Java_MongoDB_Connection\src\test\resources
2025-04-20 23:18:20,809 [Worker-55: Building] INFO  o.a.m.s.f.DefaultMavenResourcesFiltering - skip non existing resourceDirectory D:\JDBC\Java_MongoDB_Connection\src\main\resources
2025-04-20 23:18:20,810 [Worker-55: Building] INFO  o.a.m.s.f.DefaultMavenResourcesFiltering - skip non existing resourceDirectory D:\JDBC\Java_MongoDB_Connection\src\test\resources
2025-04-20 23:18:31,654 [Worker-53: Building] INFO  o.a.m.s.f.DefaultMavenResourcesFiltering - skip non existing resourceDirectory D:\JDBC\Java_MongoDB_Connection\src\main\resources
2025-04-20 23:18:31,654 [Worker-53: Building] INFO  o.a.m.s.f.DefaultMavenResourcesFiltering - skip non existing resourceDirectory D:\JDBC\Java_MongoDB_Connection\src\test\resources
2025-04-20 23:18:36,236 [Worker-48: Building] INFO  o.a.m.s.f.DefaultMavenResourcesFiltering - skip non existing resourceDirectory D:\JDBC\Java_MongoDB_Connection\src\main\resources
2025-04-20 23:18:36,237 [Worker-48: Building] INFO  o.a.m.s.f.DefaultMavenResourcesFiltering - skip non existing resourceDirectory D:\JDBC\Java_MongoDB_Connection\src\test\resources
2025-04-20 23:19:09,156 [Worker-55: Building] INFO  o.a.m.s.f.DefaultMavenResourcesFiltering - skip non existing resourceDirectory D:\JDBC\Java_MongoDB_Connection\src\main\resources
2025-04-20 23:19:09,157 [Worker-55: Building] INFO  o.a.m.s.f.DefaultMavenResourcesFiltering - skip non existing resourceDirectory D:\JDBC\Java_MongoDB_Connection\src\test\resources
2025-04-20 23:19:25,872 [Worker-55: Building] INFO  o.a.m.s.f.DefaultMavenResourcesFiltering - skip non existing resourceDirectory D:\JDBC\Java_MongoDB_Connection\src\main\resources
2025-04-20 23:19:25,873 [Worker-55: Building] INFO  o.a.m.s.f.DefaultMavenResourcesFiltering - skip non existing resourceDirectory D:\JDBC\Java_MongoDB_Connection\src\test\resources
2025-04-20 23:19:47,943 [Worker-54: Building] INFO  o.a.m.s.f.DefaultMavenResourcesFiltering - skip non existing resourceDirectory D:\JDBC\Java_MongoDB_Connection\src\main\resources
2025-04-20 23:19:47,944 [Worker-54: Building] INFO  o.a.m.s.f.DefaultMavenResourcesFiltering - skip non existing resourceDirectory D:\JDBC\Java_MongoDB_Connection\src\test\resources
2025-04-20 23:19:59,010 [Worker-51: Building] INFO  o.a.m.s.f.DefaultMavenResourcesFiltering - skip non existing resourceDirectory D:\JDBC\Java_MongoDB_Connection\src\main\resources
2025-04-20 23:19:59,011 [Worker-51: Building] INFO  o.a.m.s.f.DefaultMavenResourcesFiltering - skip non existing resourceDirectory D:\JDBC\Java_MongoDB_Connection\src\test\resources
2025-04-20 23:20:06,040 [Worker-53: Building] INFO  o.a.m.s.f.DefaultMavenResourcesFiltering - skip non existing resourceDirectory D:\JDBC\Java_MongoDB_Connection\src\main\resources
2025-04-20 23:20:06,040 [Worker-53: Building] INFO  o.a.m.s.f.DefaultMavenResourcesFiltering - skip non existing resourceDirectory D:\JDBC\Java_MongoDB_Connection\src\test\resources
2025-04-20 23:21:15,097 [Worker-54: Building] INFO  o.a.m.s.f.DefaultMavenResourcesFiltering - skip non existing resourceDirectory D:\JDBC\Java_MongoDB_Connection\src\main\resources
2025-04-20 23:21:15,097 [Worker-54: Building] INFO  o.a.m.s.f.DefaultMavenResourcesFiltering - skip non existing resourceDirectory D:\JDBC\Java_MongoDB_Connection\src\test\resources
2025-04-20 23:21:25,115 [Worker-55: Building] INFO  o.a.m.s.f.DefaultMavenResourcesFiltering - skip non existing resourceDirectory D:\JDBC\Java_MongoDB_Connection\src\main\resources
2025-04-20 23:21:25,116 [Worker-55: Building] INFO  o.a.m.s.f.DefaultMavenResourcesFiltering - skip non existing resourceDirectory D:\JDBC\Java_MongoDB_Connection\src\test\resources
2025-04-20 23:21:31,050 [Worker-55: Building] INFO  o.a.m.s.f.DefaultMavenResourcesFiltering - skip non existing resourceDirectory D:\JDBC\Java_MongoDB_Connection\src\main\resources
2025-04-20 23:21:31,050 [Worker-55: Building] INFO  o.a.m.s.f.DefaultMavenResourcesFiltering - skip non existing resourceDirectory D:\JDBC\Java_MongoDB_Connection\src\test\resources
2025-04-20 23:21:32,645 [Worker-54: Building] INFO  o.a.m.s.f.DefaultMavenResourcesFiltering - skip non existing resourceDirectory D:\JDBC\Java_MongoDB_Connection\src\main\resources
2025-04-20 23:21:32,646 [Worker-54: Building] INFO  o.a.m.s.f.DefaultMavenResourcesFiltering - skip non existing resourceDirectory D:\JDBC\Java_MongoDB_Connection\src\test\resources
2025-04-20 23:21:38,067 [Worker-54: Building] INFO  o.a.m.s.f.DefaultMavenResourcesFiltering - skip non existing resourceDirectory D:\JDBC\Java_MongoDB_Connection\src\main\resources
2025-04-20 23:21:38,067 [Worker-54: Building] INFO  o.a.m.s.f.DefaultMavenResourcesFiltering - skip non existing resourceDirectory D:\JDBC\Java_MongoDB_Connection\src\test\resources
2025-04-20 23:21:45,624 [Worker-53: Building] INFO  o.a.m.s.f.DefaultMavenResourcesFiltering - skip non existing resourceDirectory D:\JDBC\Java_MongoDB_Connection\src\main\resources
2025-04-20 23:21:45,625 [Worker-53: Building] INFO  o.a.m.s.f.DefaultMavenResourcesFiltering - skip non existing resourceDirectory D:\JDBC\Java_MongoDB_Connection\src\test\resources
2025-04-20 23:21:52,152 [Worker-56: Building] INFO  o.a.m.s.f.DefaultMavenResourcesFiltering - skip non existing resourceDirectory D:\JDBC\Java_MongoDB_Connection\src\main\resources
2025-04-20 23:21:52,153 [Worker-56: Building] INFO  o.a.m.s.f.DefaultMavenResourcesFiltering - skip non existing resourceDirectory D:\JDBC\Java_MongoDB_Connection\src\test\resources
2025-04-20 23:22:00,458 [Worker-54: Building] INFO  o.a.m.s.f.DefaultMavenResourcesFiltering - skip non existing resourceDirectory D:\JDBC\Java_MongoDB_Connection\src\main\resources
2025-04-20 23:22:00,458 [Worker-54: Building] INFO  o.a.m.s.f.DefaultMavenResourcesFiltering - skip non existing resourceDirectory D:\JDBC\Java_MongoDB_Connection\src\test\resources
2025-04-20 23:22:18,372 [Worker-54: Building] INFO  o.a.m.s.f.DefaultMavenResourcesFiltering - skip non existing resourceDirectory D:\JDBC\Java_MongoDB_Connection\src\main\resources
2025-04-20 23:22:18,373 [Worker-54: Building] INFO  o.a.m.s.f.DefaultMavenResourcesFiltering - skip non existing resourceDirectory D:\JDBC\Java_MongoDB_Connection\src\test\resources
2025-04-20 23:22:26,242 [Worker-55: Building] INFO  o.a.m.s.f.DefaultMavenResourcesFiltering - skip non existing resourceDirectory D:\JDBC\Java_MongoDB_Connection\src\main\resources
2025-04-20 23:22:26,243 [Worker-55: Building] INFO  o.a.m.s.f.DefaultMavenResourcesFiltering - skip non existing resourceDirectory D:\JDBC\Java_MongoDB_Connection\src\test\resources
2025-04-20 23:22:31,233 [Worker-55: Building] INFO  o.a.m.s.f.DefaultMavenResourcesFiltering - skip non existing resourceDirectory D:\JDBC\Java_MongoDB_Connection\src\main\resources
2025-04-20 23:22:31,234 [Worker-55: Building] INFO  o.a.m.s.f.DefaultMavenResourcesFiltering - skip non existing resourceDirectory D:\JDBC\Java_MongoDB_Connection\src\test\resources
2025-04-20 23:22:35,785 [Worker-53: Building] INFO  o.a.m.s.f.DefaultMavenResourcesFiltering - skip non existing resourceDirectory D:\JDBC\Java_MongoDB_Connection\src\main\resources
2025-04-20 23:22:35,786 [Worker-53: Building] INFO  o.a.m.s.f.DefaultMavenResourcesFiltering - skip non existing resourceDirectory D:\JDBC\Java_MongoDB_Connection\src\test\resources
2025-04-20 23:22:39,210 [Worker-56: Building] INFO  o.a.m.s.f.DefaultMavenResourcesFiltering - skip non existing resourceDirectory D:\JDBC\Java_MongoDB_Connection\src\main\resources
2025-04-20 23:22:39,210 [Worker-56: Building] INFO  o.a.m.s.f.DefaultMavenResourcesFiltering - skip non existing resourceDirectory D:\JDBC\Java_MongoDB_Connection\src\test\resources
2025-04-20 23:22:42,809 [Worker-53: Building] INFO  o.a.m.s.f.DefaultMavenResourcesFiltering - skip non existing resourceDirectory D:\JDBC\Java_MongoDB_Connection\src\main\resources
2025-04-20 23:22:42,810 [Worker-53: Building] INFO  o.a.m.s.f.DefaultMavenResourcesFiltering - skip non existing resourceDirectory D:\JDBC\Java_MongoDB_Connection\src\test\resources
2025-04-20 23:22:57,477 [Worker-54: Building] INFO  o.a.m.s.f.DefaultMavenResourcesFiltering - skip non existing resourceDirectory D:\JDBC\Java_MongoDB_Connection\src\main\resources
2025-04-20 23:22:57,477 [Worker-54: Building] INFO  o.a.m.s.f.DefaultMavenResourcesFiltering - skip non existing resourceDirectory D:\JDBC\Java_MongoDB_Connection\src\test\resources
2025-04-20 23:23:01,859 [Worker-54: Building] INFO  o.a.m.s.f.DefaultMavenResourcesFiltering - skip non existing resourceDirectory D:\JDBC\Java_MongoDB_Connection\src\main\resources
2025-04-20 23:23:01,859 [Worker-54: Building] INFO  o.a.m.s.f.DefaultMavenResourcesFiltering - skip non existing resourceDirectory D:\JDBC\Java_MongoDB_Connection\src\test\resources
2025-04-20 23:23:21,214 [Worker-51: Building] INFO  o.a.m.s.f.DefaultMavenResourcesFiltering - skip non existing resourceDirectory D:\JDBC\Java_MongoDB_Connection\src\main\resources
2025-04-20 23:23:21,214 [Worker-51: Building] INFO  o.a.m.s.f.DefaultMavenResourcesFiltering - skip non existing resourceDirectory D:\JDBC\Java_MongoDB_Connection\src\test\resources
2025-04-20 23:23:25,205 [Worker-55: Building] INFO  o.a.m.s.f.DefaultMavenResourcesFiltering - skip non existing resourceDirectory D:\JDBC\Java_MongoDB_Connection\src\main\resources
2025-04-20 23:23:25,206 [Worker-55: Building] INFO  o.a.m.s.f.DefaultMavenResourcesFiltering - skip non existing resourceDirectory D:\JDBC\Java_MongoDB_Connection\src\test\resources
2025-04-20 23:23:29,967 [Worker-56: Building] INFO  o.a.m.s.f.DefaultMavenResourcesFiltering - skip non existing resourceDirectory D:\JDBC\Java_MongoDB_Connection\src\main\resources
2025-04-20 23:23:29,967 [Worker-56: Building] INFO  o.a.m.s.f.DefaultMavenResourcesFiltering - skip non existing resourceDirectory D:\JDBC\Java_MongoDB_Connection\src\test\resources
2025-04-20 23:23:32,469 [Worker-56: Building] INFO  o.a.m.s.f.DefaultMavenResourcesFiltering - skip non existing resourceDirectory D:\JDBC\Java_MongoDB_Connection\src\main\resources
2025-04-20 23:23:32,470 [Worker-56: Building] INFO  o.a.m.s.f.DefaultMavenResourcesFiltering - skip non existing resourceDirectory D:\JDBC\Java_MongoDB_Connection\src\test\resources
2025-04-20 23:23:36,826 [Worker-51: Building] INFO  o.a.m.s.f.DefaultMavenResourcesFiltering - skip non existing resourceDirectory D:\JDBC\Java_MongoDB_Connection\src\main\resources
2025-04-20 23:23:36,826 [Worker-51: Building] INFO  o.a.m.s.f.DefaultMavenResourcesFiltering - skip non existing resourceDirectory D:\JDBC\Java_MongoDB_Connection\src\test\resources
2025-04-20 23:23:53,909 [Worker-51: Building] INFO  o.a.m.s.f.DefaultMavenResourcesFiltering - skip non existing resourceDirectory D:\JDBC\Java_MongoDB_Connection\src\main\resources
2025-04-20 23:23:53,910 [Worker-51: Building] INFO  o.a.m.s.f.DefaultMavenResourcesFiltering - skip non existing resourceDirectory D:\JDBC\Java_MongoDB_Connection\src\test\resources
2025-04-20 23:23:57,179 [Worker-55: Building] INFO  o.a.m.s.f.DefaultMavenResourcesFiltering - skip non existing resourceDirectory D:\JDBC\Java_MongoDB_Connection\src\main\resources
2025-04-20 23:23:57,179 [Worker-55: Building] INFO  o.a.m.s.f.DefaultMavenResourcesFiltering - skip non existing resourceDirectory D:\JDBC\Java_MongoDB_Connection\src\test\resources
2025-04-20 23:24:01,430 [Worker-56: Building] INFO  o.a.m.s.f.DefaultMavenResourcesFiltering - skip non existing resourceDirectory D:\JDBC\Java_MongoDB_Connection\src\main\resources
2025-04-20 23:24:01,431 [Worker-56: Building] INFO  o.a.m.s.f.DefaultMavenResourcesFiltering - skip non existing resourceDirectory D:\JDBC\Java_MongoDB_Connection\src\test\resources
2025-04-20 23:24:05,570 [Worker-56: Building] INFO  o.a.m.s.f.DefaultMavenResourcesFiltering - skip non existing resourceDirectory D:\JDBC\Java_MongoDB_Connection\src\main\resources
2025-04-20 23:24:05,571 [Worker-56: Building] INFO  o.a.m.s.f.DefaultMavenResourcesFiltering - skip non existing resourceDirectory D:\JDBC\Java_MongoDB_Connection\src\test\resources
2025-04-20 23:24:26,467 [Worker-51: Building] INFO  o.a.m.s.f.DefaultMavenResourcesFiltering - skip non existing resourceDirectory D:\JDBC\Java_MongoDB_Connection\src\main\resources
2025-04-20 23:24:26,467 [Worker-51: Building] INFO  o.a.m.s.f.DefaultMavenResourcesFiltering - skip non existing resourceDirectory D:\JDBC\Java_MongoDB_Connection\src\test\resources
2025-04-20 23:24:28,031 [Worker-54: Building] INFO  o.a.m.s.f.DefaultMavenResourcesFiltering - skip non existing resourceDirectory D:\JDBC\Java_MongoDB_Connection\src\main\resources
2025-04-20 23:24:28,032 [Worker-54: Building] INFO  o.a.m.s.f.DefaultMavenResourcesFiltering - skip non existing resourceDirectory D:\JDBC\Java_MongoDB_Connection\src\test\resources
2025-04-20 23:25:11,610 [Worker-53: Building] INFO  o.a.m.s.f.DefaultMavenResourcesFiltering - skip non existing resourceDirectory D:\JDBC\Java_MongoDB_Connection\src\main\resources
2025-04-20 23:25:11,611 [Worker-53: Building] INFO  o.a.m.s.f.DefaultMavenResourcesFiltering - skip non existing resourceDirectory D:\JDBC\Java_MongoDB_Connection\src\test\resources
2025-04-20 23:25:13,398 [Worker-51: Building] INFO  o.a.m.s.f.DefaultMavenResourcesFiltering - skip non existing resourceDirectory D:\JDBC\Java_MongoDB_Connection\src\main\resources
2025-04-20 23:25:13,399 [Worker-51: Building] INFO  o.a.m.s.f.DefaultMavenResourcesFiltering - skip non existing resourceDirectory D:\JDBC\Java_MongoDB_Connection\src\test\resources
2025-04-20 23:25:18,775 [Worker-55: Building] INFO  o.a.m.s.f.DefaultMavenResourcesFiltering - skip non existing resourceDirectory D:\JDBC\Java_MongoDB_Connection\src\main\resources
2025-04-20 23:25:18,776 [Worker-55: Building] INFO  o.a.m.s.f.DefaultMavenResourcesFiltering - skip non existing resourceDirectory D:\JDBC\Java_MongoDB_Connection\src\test\resources
2025-04-20 23:25:22,886 [Worker-53: Building] INFO  o.a.m.s.f.DefaultMavenResourcesFiltering - skip non existing resourceDirectory D:\JDBC\Java_MongoDB_Connection\src\main\resources
2025-04-20 23:25:22,887 [Worker-53: Building] INFO  o.a.m.s.f.DefaultMavenResourcesFiltering - skip non existing resourceDirectory D:\JDBC\Java_MongoDB_Connection\src\test\resources
2025-04-20 23:25:27,342 [Worker-51: Building] INFO  o.a.m.s.f.DefaultMavenResourcesFiltering - skip non existing resourceDirectory D:\JDBC\Java_MongoDB_Connection\src\main\resources
2025-04-20 23:25:27,343 [Worker-51: Building] INFO  o.a.m.s.f.DefaultMavenResourcesFiltering - skip non existing resourceDirectory D:\JDBC\Java_MongoDB_Connection\src\test\resources
2025-04-20 23:25:33,304 [Worker-55: Building] INFO  o.a.m.s.f.DefaultMavenResourcesFiltering - skip non existing resourceDirectory D:\JDBC\Java_MongoDB_Connection\src\main\resources
2025-04-20 23:25:33,304 [Worker-55: Building] INFO  o.a.m.s.f.DefaultMavenResourcesFiltering - skip non existing resourceDirectory D:\JDBC\Java_MongoDB_Connection\src\test\resources
2025-04-20 23:25:41,334 [Worker-51: Building] INFO  o.a.m.s.f.DefaultMavenResourcesFiltering - skip non existing resourceDirectory D:\JDBC\Java_MongoDB_Connection\src\main\resources
2025-04-20 23:25:41,335 [Worker-51: Building] INFO  o.a.m.s.f.DefaultMavenResourcesFiltering - skip non existing resourceDirectory D:\JDBC\Java_MongoDB_Connection\src\test\resources
2025-04-20 23:25:42,961 [Worker-55: Building] INFO  o.a.m.s.f.DefaultMavenResourcesFiltering - skip non existing resourceDirectory D:\JDBC\Java_MongoDB_Connection\src\main\resources
2025-04-20 23:25:42,962 [Worker-55: Building] INFO  o.a.m.s.f.DefaultMavenResourcesFiltering - skip non existing resourceDirectory D:\JDBC\Java_MongoDB_Connection\src\test\resources
2025-04-20 23:25:52,324 [Worker-51: Building] INFO  o.a.m.s.f.DefaultMavenResourcesFiltering - skip non existing resourceDirectory D:\JDBC\Java_MongoDB_Connection\src\main\resources
2025-04-20 23:25:52,324 [Worker-51: Building] INFO  o.a.m.s.f.DefaultMavenResourcesFiltering - skip non existing resourceDirectory D:\JDBC\Java_MongoDB_Connection\src\test\resources
2025-04-20 23:25:57,652 [Worker-56: Building] INFO  o.a.m.s.f.DefaultMavenResourcesFiltering - skip non existing resourceDirectory D:\JDBC\Java_MongoDB_Connection\src\main\resources
2025-04-20 23:25:57,653 [Worker-56: Building] INFO  o.a.m.s.f.DefaultMavenResourcesFiltering - skip non existing resourceDirectory D:\JDBC\Java_MongoDB_Connection\src\test\resources
2025-04-20 23:26:25,929 [Worker-56: Building] INFO  o.a.m.s.f.DefaultMavenResourcesFiltering - skip non existing resourceDirectory D:\JDBC\Java_MongoDB_Connection\src\main\resources
2025-04-20 23:26:25,930 [Worker-56: Building] INFO  o.a.m.s.f.DefaultMavenResourcesFiltering - skip non existing resourceDirectory D:\JDBC\Java_MongoDB_Connection\src\test\resources
2025-04-20 23:26:28,956 [Worker-53: Building] INFO  o.a.m.s.f.DefaultMavenResourcesFiltering - skip non existing resourceDirectory D:\JDBC\Java_MongoDB_Connection\src\main\resources
2025-04-20 23:26:28,957 [Worker-53: Building] INFO  o.a.m.s.f.DefaultMavenResourcesFiltering - skip non existing resourceDirectory D:\JDBC\Java_MongoDB_Connection\src\test\resources
2025-04-20 23:26:32,349 [Worker-55: Building] INFO  o.a.m.s.f.DefaultMavenResourcesFiltering - skip non existing resourceDirectory D:\JDBC\Java_MongoDB_Connection\src\main\resources
2025-04-20 23:26:32,350 [Worker-55: Building] INFO  o.a.m.s.f.DefaultMavenResourcesFiltering - skip non existing resourceDirectory D:\JDBC\Java_MongoDB_Connection\src\test\resources
2025-04-20 23:26:55,538 [Worker-54: Building] INFO  o.a.m.s.f.DefaultMavenResourcesFiltering - skip non existing resourceDirectory D:\JDBC\Java_MongoDB_Connection\src\main\resources
2025-04-20 23:26:55,539 [Worker-54: Building] INFO  o.a.m.s.f.DefaultMavenResourcesFiltering - skip non existing resourceDirectory D:\JDBC\Java_MongoDB_Connection\src\test\resources
2025-04-20 23:27:00,165 [Worker-51: Building] INFO  o.a.m.s.f.DefaultMavenResourcesFiltering - skip non existing resourceDirectory D:\JDBC\Java_MongoDB_Connection\src\main\resources
2025-04-20 23:27:00,166 [Worker-51: Building] INFO  o.a.m.s.f.DefaultMavenResourcesFiltering - skip non existing resourceDirectory D:\JDBC\Java_MongoDB_Connection\src\test\resources
2025-04-20 23:27:04,909 [Worker-51: Building] INFO  o.a.m.s.f.DefaultMavenResourcesFiltering - skip non existing resourceDirectory D:\JDBC\Java_MongoDB_Connection\src\main\resources
2025-04-20 23:27:04,910 [Worker-51: Building] INFO  o.a.m.s.f.DefaultMavenResourcesFiltering - skip non existing resourceDirectory D:\JDBC\Java_MongoDB_Connection\src\test\resources
2025-04-20 23:27:13,809 [Worker-51: Building] INFO  o.a.m.s.f.DefaultMavenResourcesFiltering - skip non existing resourceDirectory D:\JDBC\Java_MongoDB_Connection\src\main\resources
2025-04-20 23:27:13,810 [Worker-51: Building] INFO  o.a.m.s.f.DefaultMavenResourcesFiltering - skip non existing resourceDirectory D:\JDBC\Java_MongoDB_Connection\src\test\resources
2025-04-20 23:27:18,189 [Worker-53: Building] INFO  o.a.m.s.f.DefaultMavenResourcesFiltering - skip non existing resourceDirectory D:\JDBC\Java_MongoDB_Connection\src\main\resources
2025-04-20 23:27:18,190 [Worker-53: Building] INFO  o.a.m.s.f.DefaultMavenResourcesFiltering - skip non existing resourceDirectory D:\JDBC\Java_MongoDB_Connection\src\test\resources
2025-04-20 23:27:33,225 [Worker-55: Building] INFO  o.a.m.s.f.DefaultMavenResourcesFiltering - skip non existing resourceDirectory D:\JDBC\Java_MongoDB_Connection\src\main\resources
2025-04-20 23:27:33,227 [Worker-55: Building] INFO  o.a.m.s.f.DefaultMavenResourcesFiltering - skip non existing resourceDirectory D:\JDBC\Java_MongoDB_Connection\src\test\resources
2025-04-20 23:27:47,552 [Worker-55: Building] INFO  o.a.m.s.f.DefaultMavenResourcesFiltering - skip non existing resourceDirectory D:\JDBC\Java_MongoDB_Connection\src\main\resources
2025-04-20 23:27:47,553 [Worker-55: Building] INFO  o.a.m.s.f.DefaultMavenResourcesFiltering - skip non existing resourceDirectory D:\JDBC\Java_MongoDB_Connection\src\test\resources
2025-04-20 23:27:58,295 [Worker-55: Building] INFO  o.a.m.s.f.DefaultMavenResourcesFiltering - skip non existing resourceDirectory D:\JDBC\Java_MongoDB_Connection\src\main\resources
2025-04-20 23:27:58,296 [Worker-55: Building] INFO  o.a.m.s.f.DefaultMavenResourcesFiltering - skip non existing resourceDirectory D:\JDBC\Java_MongoDB_Connection\src\test\resources
2025-04-20 23:27:59,380 [Worker-53: Building] INFO  o.a.m.s.f.DefaultMavenResourcesFiltering - skip non existing resourceDirectory D:\JDBC\Java_MongoDB_Connection\src\main\resources
2025-04-20 23:27:59,380 [Worker-53: Building] INFO  o.a.m.s.f.DefaultMavenResourcesFiltering - skip non existing resourceDirectory D:\JDBC\Java_MongoDB_Connection\src\test\resources
2025-04-20 23:28:00,399 [Worker-55: Building] INFO  o.a.m.s.f.DefaultMavenResourcesFiltering - skip non existing resourceDirectory D:\JDBC\Java_MongoDB_Connection\src\main\resources
2025-04-20 23:28:00,399 [Worker-55: Building] INFO  o.a.m.s.f.DefaultMavenResourcesFiltering - skip non existing resourceDirectory D:\JDBC\Java_MongoDB_Connection\src\test\resources
2025-04-20 23:28:01,513 [Worker-55: Building] INFO  o.a.m.s.f.DefaultMavenResourcesFiltering - skip non existing resourceDirectory D:\JDBC\Java_MongoDB_Connection\src\main\resources
2025-04-20 23:28:01,514 [Worker-55: Building] INFO  o.a.m.s.f.DefaultMavenResourcesFiltering - skip non existing resourceDirectory D:\JDBC\Java_MongoDB_Connection\src\test\resources
2025-04-20 23:29:16,626 [Worker-54: Building] INFO  o.a.m.s.f.DefaultMavenResourcesFiltering - skip non existing resourceDirectory D:\JDBC\Java_MongoDB_Connection\src\main\resources
2025-04-20 23:29:16,626 [Worker-54: Building] INFO  o.a.m.s.f.DefaultMavenResourcesFiltering - skip non existing resourceDirectory D:\JDBC\Java_MongoDB_Connection\src\test\resources
2025-04-20 23:29:20,431 [Worker-54: Building] INFO  o.a.m.s.f.DefaultMavenResourcesFiltering - skip non existing resourceDirectory D:\JDBC\Java_MongoDB_Connection\src\main\resources
2025-04-20 23:29:20,432 [Worker-54: Building] INFO  o.a.m.s.f.DefaultMavenResourcesFiltering - skip non existing resourceDirectory D:\JDBC\Java_MongoDB_Connection\src\test\resources
2025-04-20 23:29:22,598 [Worker-54: Building] INFO  o.a.m.s.f.DefaultMavenResourcesFiltering - skip non existing resourceDirectory D:\JDBC\Java_MongoDB_Connection\src\main\resources
2025-04-20 23:29:22,598 [Worker-54: Building] INFO  o.a.m.s.f.DefaultMavenResourcesFiltering - skip non existing resourceDirectory D:\JDBC\Java_MongoDB_Connection\src\test\resources
2025-04-20 23:29:50,923 [Worker-58: Building] INFO  o.a.m.s.f.DefaultMavenResourcesFiltering - skip non existing resourceDirectory D:\JDBC\Java_MongoDB_Connection\src\main\resources
2025-04-20 23:29:50,924 [Worker-58: Building] INFO  o.a.m.s.f.DefaultMavenResourcesFiltering - skip non existing resourceDirectory D:\JDBC\Java_MongoDB_Connection\src\test\resources
2025-04-20 23:29:55,281 [Worker-55: Building] INFO  o.a.m.s.f.DefaultMavenResourcesFiltering - skip non existing resourceDirectory D:\JDBC\Java_MongoDB_Connection\src\main\resources
2025-04-20 23:29:55,282 [Worker-55: Building] INFO  o.a.m.s.f.DefaultMavenResourcesFiltering - skip non existing resourceDirectory D:\JDBC\Java_MongoDB_Connection\src\test\resources
2025-04-20 23:30:05,437 [Worker-55: Building] INFO  o.a.m.s.f.DefaultMavenResourcesFiltering - skip non existing resourceDirectory D:\JDBC\Java_MongoDB_Connection\src\main\resources
2025-04-20 23:30:05,437 [Worker-55: Building] INFO  o.a.m.s.f.DefaultMavenResourcesFiltering - skip non existing resourceDirectory D:\JDBC\Java_MongoDB_Connection\src\test\resources
2025-04-20 23:30:09,497 [Worker-55: Building] INFO  o.a.m.s.f.DefaultMavenResourcesFiltering - skip non existing resourceDirectory D:\JDBC\Java_MongoDB_Connection\src\main\resources
2025-04-20 23:30:09,498 [Worker-55: Building] INFO  o.a.m.s.f.DefaultMavenResourcesFiltering - skip non existing resourceDirectory D:\JDBC\Java_MongoDB_Connection\src\test\resources
2025-04-20 23:30:13,449 [Worker-59: Building] INFO  o.a.m.s.f.DefaultMavenResourcesFiltering - skip non existing resourceDirectory D:\JDBC\Java_MongoDB_Connection\src\main\resources
2025-04-20 23:30:13,449 [Worker-59: Building] INFO  o.a.m.s.f.DefaultMavenResourcesFiltering - skip non existing resourceDirectory D:\JDBC\Java_MongoDB_Connection\src\test\resources
2025-04-20 23:30:24,155 [Worker-54: Building] INFO  o.a.m.s.f.DefaultMavenResourcesFiltering - skip non existing resourceDirectory D:\JDBC\Java_MongoDB_Connection\src\main\resources
2025-04-20 23:30:24,156 [Worker-54: Building] INFO  o.a.m.s.f.DefaultMavenResourcesFiltering - skip non existing resourceDirectory D:\JDBC\Java_MongoDB_Connection\src\test\resources
2025-04-20 23:30:27,476 [Worker-59: Building] INFO  o.a.m.s.f.DefaultMavenResourcesFiltering - skip non existing resourceDirectory D:\JDBC\Java_MongoDB_Connection\src\main\resources
2025-04-20 23:30:27,477 [Worker-59: Building] INFO  o.a.m.s.f.DefaultMavenResourcesFiltering - skip non existing resourceDirectory D:\JDBC\Java_MongoDB_Connection\src\test\resources
2025-04-20 23:30:31,103 [Worker-59: Building] INFO  o.a.m.s.f.DefaultMavenResourcesFiltering - skip non existing resourceDirectory D:\JDBC\Java_MongoDB_Connection\src\main\resources
2025-04-20 23:30:31,103 [Worker-59: Building] INFO  o.a.m.s.f.DefaultMavenResourcesFiltering - skip non existing resourceDirectory D:\JDBC\Java_MongoDB_Connection\src\test\resources
2025-04-20 23:30:33,112 [Worker-57: Building] INFO  o.a.m.s.f.DefaultMavenResourcesFiltering - skip non existing resourceDirectory D:\JDBC\Java_MongoDB_Connection\src\main\resources
2025-04-20 23:30:33,113 [Worker-57: Building] INFO  o.a.m.s.f.DefaultMavenResourcesFiltering - skip non existing resourceDirectory D:\JDBC\Java_MongoDB_Connection\src\test\resources
2025-04-20 23:30:36,729 [Worker-55: Building] INFO  o.a.m.s.f.DefaultMavenResourcesFiltering - skip non existing resourceDirectory D:\JDBC\Java_MongoDB_Connection\src\main\resources
2025-04-20 23:30:36,730 [Worker-55: Building] INFO  o.a.m.s.f.DefaultMavenResourcesFiltering - skip non existing resourceDirectory D:\JDBC\Java_MongoDB_Connection\src\test\resources
2025-04-20 23:30:40,589 [Worker-57: Building] INFO  o.a.m.s.f.DefaultMavenResourcesFiltering - skip non existing resourceDirectory D:\JDBC\Java_MongoDB_Connection\src\main\resources
2025-04-20 23:30:40,590 [Worker-57: Building] INFO  o.a.m.s.f.DefaultMavenResourcesFiltering - skip non existing resourceDirectory D:\JDBC\Java_MongoDB_Connection\src\test\resources
2025-04-20 23:30:44,465 [Worker-55: Building] INFO  o.a.m.s.f.DefaultMavenResourcesFiltering - skip non existing resourceDirectory D:\JDBC\Java_MongoDB_Connection\src\main\resources
2025-04-20 23:30:44,466 [Worker-55: Building] INFO  o.a.m.s.f.DefaultMavenResourcesFiltering - skip non existing resourceDirectory D:\JDBC\Java_MongoDB_Connection\src\test\resources
2025-04-20 23:30:53,389 [Worker-58: Building] INFO  o.a.m.s.f.DefaultMavenResourcesFiltering - skip non existing resourceDirectory D:\JDBC\Java_MongoDB_Connection\src\main\resources
2025-04-20 23:30:53,390 [Worker-58: Building] INFO  o.a.m.s.f.DefaultMavenResourcesFiltering - skip non existing resourceDirectory D:\JDBC\Java_MongoDB_Connection\src\test\resources
2025-04-20 23:30:57,335 [Worker-59: Building] INFO  o.a.m.s.f.DefaultMavenResourcesFiltering - skip non existing resourceDirectory D:\JDBC\Java_MongoDB_Connection\src\main\resources
2025-04-20 23:30:57,335 [Worker-59: Building] INFO  o.a.m.s.f.DefaultMavenResourcesFiltering - skip non existing resourceDirectory D:\JDBC\Java_MongoDB_Connection\src\test\resources
2025-04-20 23:31:06,617 [Worker-54: Building] INFO  o.a.m.s.f.DefaultMavenResourcesFiltering - skip non existing resourceDirectory D:\JDBC\Java_MongoDB_Connection\src\main\resources
2025-04-20 23:31:06,617 [Worker-54: Building] INFO  o.a.m.s.f.DefaultMavenResourcesFiltering - skip non existing resourceDirectory D:\JDBC\Java_MongoDB_Connection\src\test\resources
2025-04-20 23:31:23,851 [Worker-58: Building] INFO  o.a.m.s.f.DefaultMavenResourcesFiltering - skip non existing resourceDirectory D:\JDBC\Java_MongoDB_Connection\src\main\resources
2025-04-20 23:31:23,852 [Worker-58: Building] INFO  o.a.m.s.f.DefaultMavenResourcesFiltering - skip non existing resourceDirectory D:\JDBC\Java_MongoDB_Connection\src\test\resources
2025-04-20 23:31:28,716 [Worker-57: Building] INFO  o.a.m.s.f.DefaultMavenResourcesFiltering - skip non existing resourceDirectory D:\JDBC\Java_MongoDB_Connection\src\main\resources
2025-04-20 23:31:28,716 [Worker-57: Building] INFO  o.a.m.s.f.DefaultMavenResourcesFiltering - skip non existing resourceDirectory D:\JDBC\Java_MongoDB_Connection\src\test\resources
2025-04-20 23:31:44,630 [Worker-57: Building] INFO  o.a.m.s.f.DefaultMavenResourcesFiltering - skip non existing resourceDirectory D:\JDBC\Java_MongoDB_Connection\src\main\resources
2025-04-20 23:31:44,630 [Worker-57: Building] INFO  o.a.m.s.f.DefaultMavenResourcesFiltering - skip non existing resourceDirectory D:\JDBC\Java_MongoDB_Connection\src\test\resources
2025-04-20 23:32:00,409 [Worker-57: Building] INFO  o.a.m.s.f.DefaultMavenResourcesFiltering - skip non existing resourceDirectory D:\JDBC\Java_MongoDB_Connection\src\main\resources
2025-04-20 23:32:00,409 [Worker-57: Building] INFO  o.a.m.s.f.DefaultMavenResourcesFiltering - skip non existing resourceDirectory D:\JDBC\Java_MongoDB_Connection\src\test\resources
2025-04-20 23:32:03,136 [Worker-55: Building] INFO  o.a.m.s.f.DefaultMavenResourcesFiltering - skip non existing resourceDirectory D:\JDBC\Java_MongoDB_Connection\src\main\resources
2025-04-20 23:32:03,136 [Worker-55: Building] INFO  o.a.m.s.f.DefaultMavenResourcesFiltering - skip non existing resourceDirectory D:\JDBC\Java_MongoDB_Connection\src\test\resources
2025-04-20 23:32:22,562 [Worker-58: Building] INFO  o.a.m.s.f.DefaultMavenResourcesFiltering - skip non existing resourceDirectory D:\JDBC\Java_MongoDB_Connection\src\main\resources
2025-04-20 23:32:22,563 [Worker-58: Building] INFO  o.a.m.s.f.DefaultMavenResourcesFiltering - skip non existing resourceDirectory D:\JDBC\Java_MongoDB_Connection\src\test\resources
2025-04-20 23:32:30,091 [Worker-54: Building] INFO  o.a.m.s.f.DefaultMavenResourcesFiltering - skip non existing resourceDirectory D:\JDBC\Java_MongoDB_Connection\src\main\resources
2025-04-20 23:32:30,092 [Worker-54: Building] INFO  o.a.m.s.f.DefaultMavenResourcesFiltering - skip non existing resourceDirectory D:\JDBC\Java_MongoDB_Connection\src\test\resources
2025-04-20 23:32:50,646 [Worker-55: Building] INFO  o.a.m.s.f.DefaultMavenResourcesFiltering - skip non existing resourceDirectory D:\JDBC\Java_MongoDB_Connection\src\main\resources
2025-04-20 23:32:50,646 [Worker-55: Building] INFO  o.a.m.s.f.DefaultMavenResourcesFiltering - skip non existing resourceDirectory D:\JDBC\Java_MongoDB_Connection\src\test\resources
2025-04-20 23:32:58,828 [Worker-59: Building] INFO  o.a.m.s.f.DefaultMavenResourcesFiltering - skip non existing resourceDirectory D:\JDBC\Java_MongoDB_Connection\src\main\resources
2025-04-20 23:32:58,829 [Worker-59: Building] INFO  o.a.m.s.f.DefaultMavenResourcesFiltering - skip non existing resourceDirectory D:\JDBC\Java_MongoDB_Connection\src\test\resources
2025-04-20 23:33:11,448 [Worker-59: Building] INFO  o.a.m.s.f.DefaultMavenResourcesFiltering - skip non existing resourceDirectory D:\JDBC\Java_MongoDB_Connection\src\main\resources
2025-04-20 23:33:11,448 [Worker-59: Building] INFO  o.a.m.s.f.DefaultMavenResourcesFiltering - skip non existing resourceDirectory D:\JDBC\Java_MongoDB_Connection\src\test\resources
2025-04-20 23:33:14,101 [Worker-57: Building] INFO  o.a.m.s.f.DefaultMavenResourcesFiltering - skip non existing resourceDirectory D:\JDBC\Java_MongoDB_Connection\src\main\resources
2025-04-20 23:33:14,102 [Worker-57: Building] INFO  o.a.m.s.f.DefaultMavenResourcesFiltering - skip non existing resourceDirectory D:\JDBC\Java_MongoDB_Connection\src\test\resources
2025-04-20 23:33:30,650 [Worker-58: Building] INFO  o.a.m.s.f.DefaultMavenResourcesFiltering - skip non existing resourceDirectory D:\JDBC\Java_MongoDB_Connection\src\main\resources
2025-04-20 23:33:30,650 [Worker-58: Building] INFO  o.a.m.s.f.DefaultMavenResourcesFiltering - skip non existing resourceDirectory D:\JDBC\Java_MongoDB_Connection\src\test\resources
2025-04-20 23:33:55,371 [Worker-59: Building] INFO  o.a.m.s.f.DefaultMavenResourcesFiltering - skip non existing resourceDirectory D:\JDBC\Java_MongoDB_Connection\src\main\resources
2025-04-20 23:33:55,372 [Worker-59: Building] INFO  o.a.m.s.f.DefaultMavenResourcesFiltering - skip non existing resourceDirectory D:\JDBC\Java_MongoDB_Connection\src\test\resources
2025-04-20 23:34:06,548 [Worker-59: Building] INFO  o.a.m.s.f.DefaultMavenResourcesFiltering - skip non existing resourceDirectory D:\JDBC\Java_MongoDB_Connection\src\main\resources
2025-04-20 23:34:06,548 [Worker-59: Building] INFO  o.a.m.s.f.DefaultMavenResourcesFiltering - skip non existing resourceDirectory D:\JDBC\Java_MongoDB_Connection\src\test\resources
2025-04-20 23:34:09,553 [Worker-58: Building] INFO  o.a.m.s.f.DefaultMavenResourcesFiltering - skip non existing resourceDirectory D:\JDBC\Java_MongoDB_Connection\src\main\resources
2025-04-20 23:34:09,553 [Worker-58: Building] INFO  o.a.m.s.f.DefaultMavenResourcesFiltering - skip non existing resourceDirectory D:\JDBC\Java_MongoDB_Connection\src\test\resources
2025-04-20 23:34:13,026 [Worker-59: Building] INFO  o.a.m.s.f.DefaultMavenResourcesFiltering - skip non existing resourceDirectory D:\JDBC\Java_MongoDB_Connection\src\main\resources
2025-04-20 23:34:13,027 [Worker-59: Building] INFO  o.a.m.s.f.DefaultMavenResourcesFiltering - skip non existing resourceDirectory D:\JDBC\Java_MongoDB_Connection\src\test\resources
2025-04-20 23:34:21,928 [Worker-57: Building] INFO  o.a.m.s.f.DefaultMavenResourcesFiltering - skip non existing resourceDirectory D:\JDBC\Java_MongoDB_Connection\src\main\resources
2025-04-20 23:34:21,929 [Worker-57: Building] INFO  o.a.m.s.f.DefaultMavenResourcesFiltering - skip non existing resourceDirectory D:\JDBC\Java_MongoDB_Connection\src\test\resources
2025-04-20 23:34:26,641 [Worker-58: Building] INFO  o.a.m.s.f.DefaultMavenResourcesFiltering - skip non existing resourceDirectory D:\JDBC\Java_MongoDB_Connection\src\main\resources
2025-04-20 23:34:26,642 [Worker-58: Building] INFO  o.a.m.s.f.DefaultMavenResourcesFiltering - skip non existing resourceDirectory D:\JDBC\Java_MongoDB_Connection\src\test\resources
2025-04-20 23:34:30,060 [Worker-58: Building] INFO  o.a.m.s.f.DefaultMavenResourcesFiltering - skip non existing resourceDirectory D:\JDBC\Java_MongoDB_Connection\src\main\resources
2025-04-20 23:34:30,061 [Worker-58: Building] INFO  o.a.m.s.f.DefaultMavenResourcesFiltering - skip non existing resourceDirectory D:\JDBC\Java_MongoDB_Connection\src\test\resources
2025-04-20 23:34:50,997 [Worker-55: Building] INFO  o.a.m.s.f.DefaultMavenResourcesFiltering - skip non existing resourceDirectory D:\JDBC\Java_MongoDB_Connection\src\main\resources
2025-04-20 23:34:50,998 [Worker-55: Building] INFO  o.a.m.s.f.DefaultMavenResourcesFiltering - skip non existing resourceDirectory D:\JDBC\Java_MongoDB_Connection\src\test\resources
2025-04-20 23:34:54,629 [Worker-58: Building] INFO  o.a.m.s.f.DefaultMavenResourcesFiltering - skip non existing resourceDirectory D:\JDBC\Java_MongoDB_Connection\src\main\resources
2025-04-20 23:34:54,629 [Worker-58: Building] INFO  o.a.m.s.f.DefaultMavenResourcesFiltering - skip non existing resourceDirectory D:\JDBC\Java_MongoDB_Connection\src\test\resources
2025-04-20 23:34:57,633 [Worker-55: Building] INFO  o.a.m.s.f.DefaultMavenResourcesFiltering - skip non existing resourceDirectory D:\JDBC\Java_MongoDB_Connection\src\main\resources
2025-04-20 23:34:57,634 [Worker-55: Building] INFO  o.a.m.s.f.DefaultMavenResourcesFiltering - skip non existing resourceDirectory D:\JDBC\Java_MongoDB_Connection\src\test\resources
2025-04-20 23:35:20,701 [Worker-59: Building] INFO  o.a.m.s.f.DefaultMavenResourcesFiltering - skip non existing resourceDirectory D:\JDBC\Java_MongoDB_Connection\src\main\resources
2025-04-20 23:35:20,701 [Worker-59: Building] INFO  o.a.m.s.f.DefaultMavenResourcesFiltering - skip non existing resourceDirectory D:\JDBC\Java_MongoDB_Connection\src\test\resources
2025-04-20 23:37:09,099 [Worker-54: Building] INFO  o.a.m.s.f.DefaultMavenResourcesFiltering - skip non existing resourceDirectory D:\JDBC\Java_MongoDB_Connection\src\main\resources
2025-04-20 23:37:09,100 [Worker-54: Building] INFO  o.a.m.s.f.DefaultMavenResourcesFiltering - skip non existing resourceDirectory D:\JDBC\Java_MongoDB_Connection\src\test\resources
2025-04-20 23:37:17,375 [Worker-54: Building] INFO  o.a.m.s.f.DefaultMavenResourcesFiltering - skip non existing resourceDirectory D:\JDBC\Java_MongoDB_Connection\src\main\resources
2025-04-20 23:37:17,376 [Worker-54: Building] INFO  o.a.m.s.f.DefaultMavenResourcesFiltering - skip non existing resourceDirectory D:\JDBC\Java_MongoDB_Connection\src\test\resources
2025-04-20 23:37:32,025 [Worker-54: Building] INFO  o.a.m.s.f.DefaultMavenResourcesFiltering - skip non existing resourceDirectory D:\JDBC\Java_MongoDB_Connection\src\main\resources
2025-04-20 23:37:32,026 [Worker-54: Building] INFO  o.a.m.s.f.DefaultMavenResourcesFiltering - skip non existing resourceDirectory D:\JDBC\Java_MongoDB_Connection\src\test\resources
2025-04-20 23:37:39,776 [Worker-54: Building] INFO  o.a.m.s.f.DefaultMavenResourcesFiltering - skip non existing resourceDirectory D:\JDBC\Java_MongoDB_Connection\src\main\resources
2025-04-20 23:37:39,776 [Worker-54: Building] INFO  o.a.m.s.f.DefaultMavenResourcesFiltering - skip non existing resourceDirectory D:\JDBC\Java_MongoDB_Connection\src\test\resources
2025-04-20 23:37:43,565 [Worker-58: Building] INFO  o.a.m.s.f.DefaultMavenResourcesFiltering - skip non existing resourceDirectory D:\JDBC\Java_MongoDB_Connection\src\main\resources
2025-04-20 23:37:43,565 [Worker-58: Building] INFO  o.a.m.s.f.DefaultMavenResourcesFiltering - skip non existing resourceDirectory D:\JDBC\Java_MongoDB_Connection\src\test\resources
2025-04-20 23:37:44,982 [Worker-60: Building] INFO  o.a.m.s.f.DefaultMavenResourcesFiltering - skip non existing resourceDirectory D:\JDBC\Java_MongoDB_Connection\src\main\resources
2025-04-20 23:37:44,982 [Worker-60: Building] INFO  o.a.m.s.f.DefaultMavenResourcesFiltering - skip non existing resourceDirectory D:\JDBC\Java_MongoDB_Connection\src\test\resources
2025-04-20 23:37:50,364 [Worker-54: Building] INFO  o.a.m.s.f.DefaultMavenResourcesFiltering - skip non existing resourceDirectory D:\JDBC\Java_MongoDB_Connection\src\main\resources
2025-04-20 23:37:50,365 [Worker-54: Building] INFO  o.a.m.s.f.DefaultMavenResourcesFiltering - skip non existing resourceDirectory D:\JDBC\Java_MongoDB_Connection\src\test\resources
2025-04-20 23:40:15,283 [Worker-61: Building] INFO  o.a.m.s.f.DefaultMavenResourcesFiltering - skip non existing resourceDirectory D:\JDBC\Java_MongoDB_Connection\src\main\resources
2025-04-20 23:40:15,283 [Worker-61: Building] INFO  o.a.m.s.f.DefaultMavenResourcesFiltering - skip non existing resourceDirectory D:\JDBC\Java_MongoDB_Connection\src\test\resources
2025-04-20 23:40:50,189 [Worker-61: Building] INFO  o.a.m.s.f.DefaultMavenResourcesFiltering - skip non existing resourceDirectory D:\JDBC\Java_MongoDB_Connection\src\main\resources
2025-04-20 23:40:50,190 [Worker-61: Building] INFO  o.a.m.s.f.DefaultMavenResourcesFiltering - skip non existing resourceDirectory D:\JDBC\Java_MongoDB_Connection\src\test\resources
2025-04-20 23:41:08,361 [Worker-62: Building] INFO  o.a.m.s.f.DefaultMavenResourcesFiltering - skip non existing resourceDirectory D:\JDBC\Java_MongoDB_Connection\src\main\resources
2025-04-20 23:41:08,361 [Worker-62: Building] INFO  o.a.m.s.f.DefaultMavenResourcesFiltering - skip non existing resourceDirectory D:\JDBC\Java_MongoDB_Connection\src\test\resources
2025-04-20 23:41:23,210 [Worker-62: Building] INFO  o.a.m.s.f.DefaultMavenResourcesFiltering - skip non existing resourceDirectory D:\JDBC\Java_MongoDB_Connection\src\main\resources
2025-04-20 23:41:23,211 [Worker-62: Building] INFO  o.a.m.s.f.DefaultMavenResourcesFiltering - skip non existing resourceDirectory D:\JDBC\Java_MongoDB_Connection\src\test\resources
2025-04-20 23:41:26,676 [Worker-54: Building] INFO  o.a.m.s.f.DefaultMavenResourcesFiltering - skip non existing resourceDirectory D:\JDBC\Java_MongoDB_Connection\src\main\resources
2025-04-20 23:41:26,677 [Worker-54: Building] INFO  o.a.m.s.f.DefaultMavenResourcesFiltering - skip non existing resourceDirectory D:\JDBC\Java_MongoDB_Connection\src\test\resources
2025-04-20 23:41:30,341 [Worker-61: Building] INFO  o.a.m.s.f.DefaultMavenResourcesFiltering - skip non existing resourceDirectory D:\JDBC\Java_MongoDB_Connection\src\main\resources
2025-04-20 23:41:30,342 [Worker-61: Building] INFO  o.a.m.s.f.DefaultMavenResourcesFiltering - skip non existing resourceDirectory D:\JDBC\Java_MongoDB_Connection\src\test\resources
2025-04-20 23:41:53,681 [Worker-54: Building] INFO  o.a.m.s.f.DefaultMavenResourcesFiltering - skip non existing resourceDirectory D:\JDBC\Java_MongoDB_Connection\src\main\resources
2025-04-20 23:41:53,682 [Worker-54: Building] INFO  o.a.m.s.f.DefaultMavenResourcesFiltering - skip non existing resourceDirectory D:\JDBC\Java_MongoDB_Connection\src\test\resources
2025-04-20 23:42:22,377 [Worker-62: Building] INFO  o.a.m.s.f.DefaultMavenResourcesFiltering - skip non existing resourceDirectory D:\JDBC\Java_MongoDB_Connection\src\main\resources
2025-04-20 23:42:22,378 [Worker-62: Building] INFO  o.a.m.s.f.DefaultMavenResourcesFiltering - skip non existing resourceDirectory D:\JDBC\Java_MongoDB_Connection\src\test\resources
2025-04-20 23:43:27,446 [Worker-61: Building] INFO  o.a.m.s.f.DefaultMavenResourcesFiltering - skip non existing resourceDirectory D:\JDBC\Java_MongoDB_Connection\src\main\resources
2025-04-20 23:43:27,446 [Worker-61: Building] INFO  o.a.m.s.f.DefaultMavenResourcesFiltering - skip non existing resourceDirectory D:\JDBC\Java_MongoDB_Connection\src\test\resources
2025-04-20 23:43:39,144 [Worker-61: Building] INFO  o.a.m.s.f.DefaultMavenResourcesFiltering - skip non existing resourceDirectory D:\JDBC\Java_MongoDB_Connection\src\main\resources
2025-04-20 23:43:39,145 [Worker-61: Building] INFO  o.a.m.s.f.DefaultMavenResourcesFiltering - skip non existing resourceDirectory D:\JDBC\Java_MongoDB_Connection\src\test\resources
2025-04-20 23:43:49,102 [Worker-62: Building] INFO  o.a.m.s.f.DefaultMavenResourcesFiltering - skip non existing resourceDirectory D:\JDBC\Java_MongoDB_Connection\src\main\resources
2025-04-20 23:43:49,103 [Worker-62: Building] INFO  o.a.m.s.f.DefaultMavenResourcesFiltering - skip non existing resourceDirectory D:\JDBC\Java_MongoDB_Connection\src\test\resources
2025-04-20 23:43:51,593 [Worker-54: Building] INFO  o.a.m.s.f.DefaultMavenResourcesFiltering - skip non existing resourceDirectory D:\JDBC\Java_MongoDB_Connection\src\main\resources
2025-04-20 23:43:51,594 [Worker-54: Building] INFO  o.a.m.s.f.DefaultMavenResourcesFiltering - skip non existing resourceDirectory D:\JDBC\Java_MongoDB_Connection\src\test\resources
2025-04-20 23:44:05,624 [Worker-62: Building] INFO  o.a.m.s.f.DefaultMavenResourcesFiltering - skip non existing resourceDirectory D:\JDBC\Java_MongoDB_Connection\src\main\resources
2025-04-20 23:44:05,624 [Worker-62: Building] INFO  o.a.m.s.f.DefaultMavenResourcesFiltering - skip non existing resourceDirectory D:\JDBC\Java_MongoDB_Connection\src\test\resources
2025-04-20 23:45:13,931 [Worker-54: Building] INFO  o.a.m.s.f.DefaultMavenResourcesFiltering - skip non existing resourceDirectory D:\JDBC\Java_MongoDB_Connection\src\main\resources
2025-04-20 23:45:13,931 [Worker-54: Building] INFO  o.a.m.s.f.DefaultMavenResourcesFiltering - skip non existing resourceDirectory D:\JDBC\Java_MongoDB_Connection\src\test\resources
2025-04-20 23:45:26,745 [Worker-60: Building] INFO  o.a.m.s.f.DefaultMavenResourcesFiltering - skip non existing resourceDirectory D:\JDBC\Java_MongoDB_Connection\src\main\resources
2025-04-20 23:45:26,746 [Worker-60: Building] INFO  o.a.m.s.f.DefaultMavenResourcesFiltering - skip non existing resourceDirectory D:\JDBC\Java_MongoDB_Connection\src\test\resources
2025-04-20 23:45:33,336 [Worker-62: Building] INFO  o.a.m.s.f.DefaultMavenResourcesFiltering - skip non existing resourceDirectory D:\JDBC\Java_MongoDB_Connection\src\main\resources
2025-04-20 23:45:33,336 [Worker-62: Building] INFO  o.a.m.s.f.DefaultMavenResourcesFiltering - skip non existing resourceDirectory D:\JDBC\Java_MongoDB_Connection\src\test\resources
2025-04-20 23:45:37,156 [Worker-54: Building] INFO  o.a.m.s.f.DefaultMavenResourcesFiltering - skip non existing resourceDirectory D:\JDBC\Java_MongoDB_Connection\src\main\resources
2025-04-20 23:45:37,156 [Worker-54: Building] INFO  o.a.m.s.f.DefaultMavenResourcesFiltering - skip non existing resourceDirectory D:\JDBC\Java_MongoDB_Connection\src\test\resources
2025-04-20 23:45:40,566 [Worker-64: Building] INFO  o.a.m.s.f.DefaultMavenResourcesFiltering - skip non existing resourceDirectory D:\JDBC\Java_MongoDB_Connection\src\main\resources
2025-04-20 23:45:40,567 [Worker-64: Building] INFO  o.a.m.s.f.DefaultMavenResourcesFiltering - skip non existing resourceDirectory D:\JDBC\Java_MongoDB_Connection\src\test\resources
2025-04-20 23:45:46,779 [Worker-54: Building] INFO  o.a.m.s.f.DefaultMavenResourcesFiltering - skip non existing resourceDirectory D:\JDBC\Java_MongoDB_Connection\src\main\resources
2025-04-20 23:45:46,780 [Worker-54: Building] INFO  o.a.m.s.f.DefaultMavenResourcesFiltering - skip non existing resourceDirectory D:\JDBC\Java_MongoDB_Connection\src\test\resources
2025-04-20 23:45:49,964 [Worker-64: Building] INFO  o.a.m.s.f.DefaultMavenResourcesFiltering - skip non existing resourceDirectory D:\JDBC\Java_MongoDB_Connection\src\main\resources
2025-04-20 23:45:49,965 [Worker-64: Building] INFO  o.a.m.s.f.DefaultMavenResourcesFiltering - skip non existing resourceDirectory D:\JDBC\Java_MongoDB_Connection\src\test\resources
2025-04-20 23:45:58,500 [Worker-64: Building] INFO  o.a.m.s.f.DefaultMavenResourcesFiltering - skip non existing resourceDirectory D:\JDBC\Java_MongoDB_Connection\src\main\resources
2025-04-20 23:45:58,501 [Worker-64: Building] INFO  o.a.m.s.f.DefaultMavenResourcesFiltering - skip non existing resourceDirectory D:\JDBC\Java_MongoDB_Connection\src\test\resources
2025-04-20 23:46:08,363 [Worker-62: Building] INFO  o.a.m.s.f.DefaultMavenResourcesFiltering - skip non existing resourceDirectory D:\JDBC\Java_MongoDB_Connection\src\main\resources
2025-04-20 23:46:08,364 [Worker-62: Building] INFO  o.a.m.s.f.DefaultMavenResourcesFiltering - skip non existing resourceDirectory D:\JDBC\Java_MongoDB_Connection\src\test\resources
2025-04-20 23:46:13,150 [Worker-62: Building] INFO  o.a.m.s.f.DefaultMavenResourcesFiltering - skip non existing resourceDirectory D:\JDBC\Java_MongoDB_Connection\src\main\resources
2025-04-20 23:46:13,150 [Worker-62: Building] INFO  o.a.m.s.f.DefaultMavenResourcesFiltering - skip non existing resourceDirectory D:\JDBC\Java_MongoDB_Connection\src\test\resources
2025-04-20 23:46:37,796 [Worker-64: Building] INFO  o.a.m.s.f.DefaultMavenResourcesFiltering - skip non existing resourceDirectory D:\JDBC\Java_MongoDB_Connection\src\main\resources
2025-04-20 23:46:37,797 [Worker-64: Building] INFO  o.a.m.s.f.DefaultMavenResourcesFiltering - skip non existing resourceDirectory D:\JDBC\Java_MongoDB_Connection\src\test\resources
2025-04-20 23:46:46,069 [Worker-62: Building] INFO  o.a.m.s.f.DefaultMavenResourcesFiltering - skip non existing resourceDirectory D:\JDBC\Java_MongoDB_Connection\src\main\resources
2025-04-20 23:46:46,070 [Worker-62: Building] INFO  o.a.m.s.f.DefaultMavenResourcesFiltering - skip non existing resourceDirectory D:\JDBC\Java_MongoDB_Connection\src\test\resources
2025-04-20 23:46:56,590 [Worker-63: Building] INFO  o.a.m.s.f.DefaultMavenResourcesFiltering - skip non existing resourceDirectory D:\JDBC\Java_MongoDB_Connection\src\main\resources
2025-04-20 23:46:56,591 [Worker-63: Building] INFO  o.a.m.s.f.DefaultMavenResourcesFiltering - skip non existing resourceDirectory D:\JDBC\Java_MongoDB_Connection\src\test\resources
2025-04-20 23:47:00,168 [Worker-64: Building] INFO  o.a.m.s.f.DefaultMavenResourcesFiltering - skip non existing resourceDirectory D:\JDBC\Java_MongoDB_Connection\src\main\resources
2025-04-20 23:47:00,169 [Worker-64: Building] INFO  o.a.m.s.f.DefaultMavenResourcesFiltering - skip non existing resourceDirectory D:\JDBC\Java_MongoDB_Connection\src\test\resources
2025-04-20 23:47:07,762 [Worker-63: Building] INFO  o.a.m.s.f.DefaultMavenResourcesFiltering - skip non existing resourceDirectory D:\JDBC\Java_MongoDB_Connection\src\main\resources
2025-04-20 23:47:07,763 [Worker-63: Building] INFO  o.a.m.s.f.DefaultMavenResourcesFiltering - skip non existing resourceDirectory D:\JDBC\Java_MongoDB_Connection\src\test\resources
2025-04-20 23:47:11,646 [Worker-64: Building] INFO  o.a.m.s.f.DefaultMavenResourcesFiltering - skip non existing resourceDirectory D:\JDBC\Java_MongoDB_Connection\src\main\resources
2025-04-20 23:47:11,646 [Worker-64: Building] INFO  o.a.m.s.f.DefaultMavenResourcesFiltering - skip non existing resourceDirectory D:\JDBC\Java_MongoDB_Connection\src\test\resources
2025-04-20 23:47:16,601 [Worker-64: Building] INFO  o.a.m.s.f.DefaultMavenResourcesFiltering - skip non existing resourceDirectory D:\JDBC\Java_MongoDB_Connection\src\main\resources
2025-04-20 23:47:16,601 [Worker-64: Building] INFO  o.a.m.s.f.DefaultMavenResourcesFiltering - skip non existing resourceDirectory D:\JDBC\Java_MongoDB_Connection\src\test\resources
2025-04-20 23:47:19,412 [Worker-63: Building] INFO  o.a.m.s.f.DefaultMavenResourcesFiltering - skip non existing resourceDirectory D:\JDBC\Java_MongoDB_Connection\src\main\resources
2025-04-20 23:47:19,413 [Worker-63: Building] INFO  o.a.m.s.f.DefaultMavenResourcesFiltering - skip non existing resourceDirectory D:\JDBC\Java_MongoDB_Connection\src\test\resources
2025-04-20 23:47:39,192 [Worker-54: Building] INFO  o.a.m.s.f.DefaultMavenResourcesFiltering - skip non existing resourceDirectory D:\JDBC\Java_MongoDB_Connection\src\main\resources
2025-04-20 23:47:39,192 [Worker-54: Building] INFO  o.a.m.s.f.DefaultMavenResourcesFiltering - skip non existing resourceDirectory D:\JDBC\Java_MongoDB_Connection\src\test\resources
2025-04-20 23:49:09,212 [Worker-64: Building] INFO  o.a.m.s.f.DefaultMavenResourcesFiltering - skip non existing resourceDirectory D:\JDBC\Java_MongoDB_Connection\src\main\resources
2025-04-20 23:49:09,213 [Worker-64: Building] INFO  o.a.m.s.f.DefaultMavenResourcesFiltering - skip non existing resourceDirectory D:\JDBC\Java_MongoDB_Connection\src\test\resources
2025-04-20 23:49:36,065 [Worker-64: Building] INFO  o.a.m.s.f.DefaultMavenResourcesFiltering - skip non existing resourceDirectory D:\JDBC\Java_MongoDB_Connection\src\main\resources
2025-04-20 23:49:36,066 [Worker-64: Building] INFO  o.a.m.s.f.DefaultMavenResourcesFiltering - skip non existing resourceDirectory D:\JDBC\Java_MongoDB_Connection\src\test\resources
2025-04-20 23:49:37,726 [Worker-62: Building] INFO  o.a.m.s.f.DefaultMavenResourcesFiltering - skip non existing resourceDirectory D:\JDBC\Java_MongoDB_Connection\src\main\resources
2025-04-20 23:49:37,727 [Worker-62: Building] INFO  o.a.m.s.f.DefaultMavenResourcesFiltering - skip non existing resourceDirectory D:\JDBC\Java_MongoDB_Connection\src\test\resources
2025-04-20 23:49:44,010 [Worker-64: Building] INFO  o.a.m.s.f.DefaultMavenResourcesFiltering - skip non existing resourceDirectory D:\JDBC\Java_MongoDB_Connection\src\main\resources
2025-04-20 23:49:44,011 [Worker-64: Building] INFO  o.a.m.s.f.DefaultMavenResourcesFiltering - skip non existing resourceDirectory D:\JDBC\Java_MongoDB_Connection\src\test\resources
2025-04-20 23:49:47,355 [Worker-54: Building] INFO  o.a.m.s.f.DefaultMavenResourcesFiltering - skip non existing resourceDirectory D:\JDBC\Java_MongoDB_Connection\src\main\resources
2025-04-20 23:49:47,356 [Worker-54: Building] INFO  o.a.m.s.f.DefaultMavenResourcesFiltering - skip non existing resourceDirectory D:\JDBC\Java_MongoDB_Connection\src\test\resources
2025-04-20 23:49:49,396 [Worker-62: Building] INFO  o.a.m.s.f.DefaultMavenResourcesFiltering - skip non existing resourceDirectory D:\JDBC\Java_MongoDB_Connection\src\main\resources
2025-04-20 23:49:49,397 [Worker-62: Building] INFO  o.a.m.s.f.DefaultMavenResourcesFiltering - skip non existing resourceDirectory D:\JDBC\Java_MongoDB_Connection\src\test\resources
2025-04-20 23:50:24,457 [Worker-63: Building] INFO  o.a.m.s.f.DefaultMavenResourcesFiltering - skip non existing resourceDirectory D:\JDBC\Java_MongoDB_Connection\src\main\resources
2025-04-20 23:50:24,457 [Worker-63: Building] INFO  o.a.m.s.f.DefaultMavenResourcesFiltering - skip non existing resourceDirectory D:\JDBC\Java_MongoDB_Connection\src\test\resources
2025-04-20 23:50:49,522 [Worker-64: Building] INFO  o.a.m.s.f.DefaultMavenResourcesFiltering - skip non existing resourceDirectory D:\JDBC\Java_MongoDB_Connection\src\main\resources
2025-04-20 23:50:49,523 [Worker-64: Building] INFO  o.a.m.s.f.DefaultMavenResourcesFiltering - skip non existing resourceDirectory D:\JDBC\Java_MongoDB_Connection\src\test\resources
2025-04-20 23:50:57,729 [Worker-63: Building] INFO  o.a.m.s.f.DefaultMavenResourcesFiltering - skip non existing resourceDirectory D:\JDBC\Java_MongoDB_Connection\src\main\resources
2025-04-20 23:50:57,730 [Worker-63: Building] INFO  o.a.m.s.f.DefaultMavenResourcesFiltering - skip non existing resourceDirectory D:\JDBC\Java_MongoDB_Connection\src\test\resources
2025-04-20 23:51:00,756 [Worker-63: Building] INFO  o.a.m.s.f.DefaultMavenResourcesFiltering - skip non existing resourceDirectory D:\JDBC\Java_MongoDB_Connection\src\main\resources
2025-04-20 23:51:00,756 [Worker-63: Building] INFO  o.a.m.s.f.DefaultMavenResourcesFiltering - skip non existing resourceDirectory D:\JDBC\Java_MongoDB_Connection\src\test\resources
2025-04-20 23:51:03,786 [Worker-61: Building] INFO  o.a.m.s.f.DefaultMavenResourcesFiltering - skip non existing resourceDirectory D:\JDBC\Java_MongoDB_Connection\src\main\resources
2025-04-20 23:51:03,786 [Worker-61: Building] INFO  o.a.m.s.f.DefaultMavenResourcesFiltering - skip non existing resourceDirectory D:\JDBC\Java_MongoDB_Connection\src\test\resources
2025-04-20 23:51:07,440 [Worker-64: Building] INFO  o.a.m.s.f.DefaultMavenResourcesFiltering - skip non existing resourceDirectory D:\JDBC\Java_MongoDB_Connection\src\main\resources
2025-04-20 23:51:07,441 [Worker-64: Building] INFO  o.a.m.s.f.DefaultMavenResourcesFiltering - skip non existing resourceDirectory D:\JDBC\Java_MongoDB_Connection\src\test\resources
2025-04-20 23:51:11,301 [Worker-63: Building] INFO  o.a.m.s.f.DefaultMavenResourcesFiltering - skip non existing resourceDirectory D:\JDBC\Java_MongoDB_Connection\src\main\resources
2025-04-20 23:51:11,301 [Worker-63: Building] INFO  o.a.m.s.f.DefaultMavenResourcesFiltering - skip non existing resourceDirectory D:\JDBC\Java_MongoDB_Connection\src\test\resources
2025-04-20 23:51:17,548 [Worker-62: Building] INFO  o.a.m.s.f.DefaultMavenResourcesFiltering - skip non existing resourceDirectory D:\JDBC\Java_MongoDB_Connection\src\main\resources
2025-04-20 23:51:17,548 [Worker-62: Building] INFO  o.a.m.s.f.DefaultMavenResourcesFiltering - skip non existing resourceDirectory D:\JDBC\Java_MongoDB_Connection\src\test\resources
2025-04-20 23:51:21,518 [Worker-63: Building] INFO  o.a.m.s.f.DefaultMavenResourcesFiltering - skip non existing resourceDirectory D:\JDBC\Java_MongoDB_Connection\src\main\resources
2025-04-20 23:51:21,518 [Worker-63: Building] INFO  o.a.m.s.f.DefaultMavenResourcesFiltering - skip non existing resourceDirectory D:\JDBC\Java_MongoDB_Connection\src\test\resources
2025-04-20 23:51:32,358 [Worker-62: Building] INFO  o.a.m.s.f.DefaultMavenResourcesFiltering - skip non existing resourceDirectory D:\JDBC\Java_MongoDB_Connection\src\main\resources
2025-04-20 23:51:32,359 [Worker-62: Building] INFO  o.a.m.s.f.DefaultMavenResourcesFiltering - skip non existing resourceDirectory D:\JDBC\Java_MongoDB_Connection\src\test\resources
2025-04-20 23:51:36,829 [Worker-62: Building] INFO  o.a.m.s.f.DefaultMavenResourcesFiltering - skip non existing resourceDirectory D:\JDBC\Java_MongoDB_Connection\src\main\resources
2025-04-20 23:51:36,830 [Worker-62: Building] INFO  o.a.m.s.f.DefaultMavenResourcesFiltering - skip non existing resourceDirectory D:\JDBC\Java_MongoDB_Connection\src\test\resources
2025-04-20 23:51:41,374 [Worker-54: Building] INFO  o.a.m.s.f.DefaultMavenResourcesFiltering - skip non existing resourceDirectory D:\JDBC\Java_MongoDB_Connection\src\main\resources
2025-04-20 23:51:41,375 [Worker-54: Building] INFO  o.a.m.s.f.DefaultMavenResourcesFiltering - skip non existing resourceDirectory D:\JDBC\Java_MongoDB_Connection\src\test\resources
2025-04-20 23:51:48,553 [Worker-54: Building] INFO  o.a.m.s.f.DefaultMavenResourcesFiltering - skip non existing resourceDirectory D:\JDBC\Java_MongoDB_Connection\src\main\resources
2025-04-20 23:51:48,554 [Worker-54: Building] INFO  o.a.m.s.f.DefaultMavenResourcesFiltering - skip non existing resourceDirectory D:\JDBC\Java_MongoDB_Connection\src\test\resources
2025-04-20 23:51:52,720 [Worker-61: Building] INFO  o.a.m.s.f.DefaultMavenResourcesFiltering - skip non existing resourceDirectory D:\JDBC\Java_MongoDB_Connection\src\main\resources
2025-04-20 23:51:52,721 [Worker-61: Building] INFO  o.a.m.s.f.DefaultMavenResourcesFiltering - skip non existing resourceDirectory D:\JDBC\Java_MongoDB_Connection\src\test\resources
2025-04-20 23:52:02,015 [Worker-61: Building] INFO  o.a.m.s.f.DefaultMavenResourcesFiltering - skip non existing resourceDirectory D:\JDBC\Java_MongoDB_Connection\src\main\resources
2025-04-20 23:52:02,015 [Worker-61: Building] INFO  o.a.m.s.f.DefaultMavenResourcesFiltering - skip non existing resourceDirectory D:\JDBC\Java_MongoDB_Connection\src\test\resources
2025-04-20 23:52:08,540 [Worker-64: Building] INFO  o.a.m.s.f.DefaultMavenResourcesFiltering - skip non existing resourceDirectory D:\JDBC\Java_MongoDB_Connection\src\main\resources
2025-04-20 23:52:08,540 [Worker-64: Building] INFO  o.a.m.s.f.DefaultMavenResourcesFiltering - skip non existing resourceDirectory D:\JDBC\Java_MongoDB_Connection\src\test\resources
2025-04-20 23:52:17,077 [Worker-63: Building] INFO  o.a.m.s.f.DefaultMavenResourcesFiltering - skip non existing resourceDirectory D:\JDBC\Java_MongoDB_Connection\src\main\resources
2025-04-20 23:52:17,078 [Worker-63: Building] INFO  o.a.m.s.f.DefaultMavenResourcesFiltering - skip non existing resourceDirectory D:\JDBC\Java_MongoDB_Connection\src\test\resources
2025-04-20 23:52:50,250 [Worker-54: Building] INFO  o.a.m.s.f.DefaultMavenResourcesFiltering - skip non existing resourceDirectory D:\JDBC\Java_MongoDB_Connection\src\main\resources
2025-04-20 23:52:50,250 [Worker-54: Building] INFO  o.a.m.s.f.DefaultMavenResourcesFiltering - skip non existing resourceDirectory D:\JDBC\Java_MongoDB_Connection\src\test\resources
2025-04-20 23:52:55,121 [Worker-63: Building] INFO  o.a.m.s.f.DefaultMavenResourcesFiltering - skip non existing resourceDirectory D:\JDBC\Java_MongoDB_Connection\src\main\resources
2025-04-20 23:52:55,121 [Worker-63: Building] INFO  o.a.m.s.f.DefaultMavenResourcesFiltering - skip non existing resourceDirectory D:\JDBC\Java_MongoDB_Connection\src\test\resources
2025-04-20 23:52:57,339 [Worker-63: Building] INFO  o.a.m.s.f.DefaultMavenResourcesFiltering - skip non existing resourceDirectory D:\JDBC\Java_MongoDB_Connection\src\main\resources
2025-04-20 23:52:57,340 [Worker-63: Building] INFO  o.a.m.s.f.DefaultMavenResourcesFiltering - skip non existing resourceDirectory D:\JDBC\Java_MongoDB_Connection\src\test\resources
2025-04-20 23:53:48,298 [Worker-54: Building] INFO  o.a.m.s.f.DefaultMavenResourcesFiltering - skip non existing resourceDirectory D:\JDBC\Java_MongoDB_Connection\src\main\resources
2025-04-20 23:53:48,299 [Worker-54: Building] INFO  o.a.m.s.f.DefaultMavenResourcesFiltering - skip non existing resourceDirectory D:\JDBC\Java_MongoDB_Connection\src\test\resources
2025-04-20 23:54:09,864 [Worker-63: Building] INFO  o.a.m.s.f.DefaultMavenResourcesFiltering - skip non existing resourceDirectory D:\JDBC\Java_MongoDB_Connection\src\main\resources
2025-04-20 23:54:09,865 [Worker-63: Building] INFO  o.a.m.s.f.DefaultMavenResourcesFiltering - skip non existing resourceDirectory D:\JDBC\Java_MongoDB_Connection\src\test\resources
2025-04-20 23:54:26,811 [Worker-61: Building] INFO  o.a.m.s.f.DefaultMavenResourcesFiltering - skip non existing resourceDirectory D:\JDBC\Java_MongoDB_Connection\src\main\resources
2025-04-20 23:54:26,811 [Worker-61: Building] INFO  o.a.m.s.f.DefaultMavenResourcesFiltering - skip non existing resourceDirectory D:\JDBC\Java_MongoDB_Connection\src\test\resources
2025-04-20 23:55:23,101 [Worker-62: Building] INFO  o.a.m.s.f.DefaultMavenResourcesFiltering - skip non existing resourceDirectory D:\JDBC\Java_MongoDB_Connection\src\main\resources
2025-04-20 23:55:23,101 [Worker-62: Building] INFO  o.a.m.s.f.DefaultMavenResourcesFiltering - skip non existing resourceDirectory D:\JDBC\Java_MongoDB_Connection\src\test\resources
2025-04-20 23:55:30,111 [Worker-61: Building] INFO  o.a.m.s.f.DefaultMavenResourcesFiltering - skip non existing resourceDirectory D:\JDBC\Java_MongoDB_Connection\src\main\resources
2025-04-20 23:55:30,112 [Worker-61: Building] INFO  o.a.m.s.f.DefaultMavenResourcesFiltering - skip non existing resourceDirectory D:\JDBC\Java_MongoDB_Connection\src\test\resources
2025-04-20 23:55:44,990 [Worker-63: Building] INFO  o.a.m.s.f.DefaultMavenResourcesFiltering - skip non existing resourceDirectory D:\JDBC\Java_MongoDB_Connection\src\main\resources
2025-04-20 23:55:44,991 [Worker-63: Building] INFO  o.a.m.s.f.DefaultMavenResourcesFiltering - skip non existing resourceDirectory D:\JDBC\Java_MongoDB_Connection\src\test\resources
2025-04-20 23:55:49,480 [Worker-54: Building] INFO  o.a.m.s.f.DefaultMavenResourcesFiltering - skip non existing resourceDirectory D:\JDBC\Java_MongoDB_Connection\src\main\resources
2025-04-20 23:55:49,481 [Worker-54: Building] INFO  o.a.m.s.f.DefaultMavenResourcesFiltering - skip non existing resourceDirectory D:\JDBC\Java_MongoDB_Connection\src\test\resources
2025-04-20 23:55:57,788 [Worker-64: Building] INFO  o.a.m.s.f.DefaultMavenResourcesFiltering - skip non existing resourceDirectory D:\JDBC\Java_MongoDB_Connection\src\main\resources
2025-04-20 23:55:57,788 [Worker-64: Building] INFO  o.a.m.s.f.DefaultMavenResourcesFiltering - skip non existing resourceDirectory D:\JDBC\Java_MongoDB_Connection\src\test\resources
2025-04-20 23:56:10,463 [Worker-63: Building] INFO  o.a.m.s.f.DefaultMavenResourcesFiltering - skip non existing resourceDirectory D:\JDBC\Java_MongoDB_Connection\src\main\resources
2025-04-20 23:56:10,464 [Worker-63: Building] INFO  o.a.m.s.f.DefaultMavenResourcesFiltering - skip non existing resourceDirectory D:\JDBC\Java_MongoDB_Connection\src\test\resources
2025-04-20 23:56:11,542 [Worker-63: Building] INFO  o.a.m.s.f.DefaultMavenResourcesFiltering - skip non existing resourceDirectory D:\JDBC\Java_MongoDB_Connection\src\main\resources
2025-04-20 23:56:11,543 [Worker-63: Building] INFO  o.a.m.s.f.DefaultMavenResourcesFiltering - skip non existing resourceDirectory D:\JDBC\Java_MongoDB_Connection\src\test\resources
2025-04-20 23:56:13,650 [Worker-61: Building] INFO  o.a.m.s.f.DefaultMavenResourcesFiltering - skip non existing resourceDirectory D:\JDBC\Java_MongoDB_Connection\src\main\resources
2025-04-20 23:56:13,650 [Worker-61: Building] INFO  o.a.m.s.f.DefaultMavenResourcesFiltering - skip non existing resourceDirectory D:\JDBC\Java_MongoDB_Connection\src\test\resources
2025-04-20 23:58:58,229 [Worker-67: Building] INFO  o.a.m.s.f.DefaultMavenResourcesFiltering - skip non existing resourceDirectory D:\JDBC\Java_MongoDB_Connection\src\main\resources
2025-04-20 23:58:58,230 [Worker-67: Building] INFO  o.a.m.s.f.DefaultMavenResourcesFiltering - skip non existing resourceDirectory D:\JDBC\Java_MongoDB_Connection\src\test\resources
2025-04-20 23:59:03,334 [Worker-66: Building] INFO  o.a.m.s.f.DefaultMavenResourcesFiltering - skip non existing resourceDirectory D:\JDBC\Java_MongoDB_Connection\src\main\resources
2025-04-20 23:59:03,335 [Worker-66: Building] INFO  o.a.m.s.f.DefaultMavenResourcesFiltering - skip non existing resourceDirectory D:\JDBC\Java_MongoDB_Connection\src\test\resources
2025-04-20 23:59:17,524 [Worker-66: Building] INFO  o.a.m.s.f.DefaultMavenResourcesFiltering - skip non existing resourceDirectory D:\JDBC\Java_MongoDB_Connection\src\main\resources
2025-04-20 23:59:17,525 [Worker-66: Building] INFO  o.a.m.s.f.DefaultMavenResourcesFiltering - skip non existing resourceDirectory D:\JDBC\Java_MongoDB_Connection\src\test\resources
2025-04-20 23:59:24,800 [Worker-67: Building] INFO  o.a.m.s.f.DefaultMavenResourcesFiltering - skip non existing resourceDirectory D:\JDBC\Java_MongoDB_Connection\src\main\resources
2025-04-20 23:59:24,801 [Worker-67: Building] INFO  o.a.m.s.f.DefaultMavenResourcesFiltering - skip non existing resourceDirectory D:\JDBC\Java_MongoDB_Connection\src\test\resources
2025-04-20 23:59:31,282 [Worker-66: Building] INFO  o.a.m.s.f.DefaultMavenResourcesFiltering - skip non existing resourceDirectory D:\JDBC\Java_MongoDB_Connection\src\main\resources
2025-04-20 23:59:31,283 [Worker-66: Building] INFO  o.a.m.s.f.DefaultMavenResourcesFiltering - skip non existing resourceDirectory D:\JDBC\Java_MongoDB_Connection\src\test\resources
2025-04-20 23:59:40,213 [Worker-66: Building] INFO  o.a.m.s.f.DefaultMavenResourcesFiltering - skip non existing resourceDirectory D:\JDBC\Java_MongoDB_Connection\src\main\resources
2025-04-20 23:59:40,213 [Worker-66: Building] INFO  o.a.m.s.f.DefaultMavenResourcesFiltering - skip non existing resourceDirectory D:\JDBC\Java_MongoDB_Connection\src\test\resources
2025-04-20 23:59:41,584 [Worker-67: Building] INFO  o.a.m.s.f.DefaultMavenResourcesFiltering - skip non existing resourceDirectory D:\JDBC\Java_MongoDB_Connection\src\main\resources
2025-04-20 23:59:41,585 [Worker-67: Building] INFO  o.a.m.s.f.DefaultMavenResourcesFiltering - skip non existing resourceDirectory D:\JDBC\Java_MongoDB_Connection\src\test\resources
2025-04-20 23:59:45,157 [Worker-65: Building] INFO  o.a.m.s.f.DefaultMavenResourcesFiltering - skip non existing resourceDirectory D:\JDBC\Java_MongoDB_Connection\src\main\resources
2025-04-20 23:59:45,158 [Worker-65: Building] INFO  o.a.m.s.f.DefaultMavenResourcesFiltering - skip non existing resourceDirectory D:\JDBC\Java_MongoDB_Connection\src\test\resources
2025-04-20 23:59:55,820 [Worker-67: Building] INFO  o.a.m.s.f.DefaultMavenResourcesFiltering - skip non existing resourceDirectory D:\JDBC\Java_MongoDB_Connection\src\main\resources
2025-04-20 23:59:55,821 [Worker-67: Building] INFO  o.a.m.s.f.DefaultMavenResourcesFiltering - skip non existing resourceDirectory D:\JDBC\Java_MongoDB_Connection\src\test\resources
2025-04-20 23:59:59,479 [Worker-65: Building] INFO  o.a.m.s.f.DefaultMavenResourcesFiltering - skip non existing resourceDirectory D:\JDBC\Java_MongoDB_Connection\src\main\resources
2025-04-20 23:59:59,479 [Worker-65: Building] INFO  o.a.m.s.f.DefaultMavenResourcesFiltering - skip non existing resourceDirectory D:\JDBC\Java_MongoDB_Connection\src\test\resources
2025-04-21 00:00:01,016 [Worker-63: Building] INFO  o.a.m.s.f.DefaultMavenResourcesFiltering - skip non existing resourceDirectory D:\JDBC\Java_MongoDB_Connection\src\main\resources
2025-04-21 00:00:01,017 [Worker-63: Building] INFO  o.a.m.s.f.DefaultMavenResourcesFiltering - skip non existing resourceDirectory D:\JDBC\Java_MongoDB_Connection\src\test\resources
2025-04-21 00:00:03,087 [Worker-66: Building] INFO  o.a.m.s.f.DefaultMavenResourcesFiltering - skip non existing resourceDirectory D:\JDBC\Java_MongoDB_Connection\src\main\resources
2025-04-21 00:00:03,087 [Worker-66: Building] INFO  o.a.m.s.f.DefaultMavenResourcesFiltering - skip non existing resourceDirectory D:\JDBC\Java_MongoDB_Connection\src\test\resources
2025-04-21 00:00:20,581 [Worker-65: Building] INFO  o.a.m.s.f.DefaultMavenResourcesFiltering - skip non existing resourceDirectory D:\JDBC\Java_MongoDB_Connection\src\main\resources
2025-04-21 00:00:20,581 [Worker-65: Building] INFO  o.a.m.s.f.DefaultMavenResourcesFiltering - skip non existing resourceDirectory D:\JDBC\Java_MongoDB_Connection\src\test\resources
2025-04-21 00:00:27,819 [Worker-54: Building] INFO  o.a.m.s.f.DefaultMavenResourcesFiltering - skip non existing resourceDirectory D:\JDBC\Java_MongoDB_Connection\src\main\resources
2025-04-21 00:00:27,820 [Worker-54: Building] INFO  o.a.m.s.f.DefaultMavenResourcesFiltering - skip non existing resourceDirectory D:\JDBC\Java_MongoDB_Connection\src\test\resources
2025-04-21 00:00:32,716 [Worker-65: Building] INFO  o.a.m.s.f.DefaultMavenResourcesFiltering - skip non existing resourceDirectory D:\JDBC\Java_MongoDB_Connection\src\main\resources
2025-04-21 00:00:32,716 [Worker-65: Building] INFO  o.a.m.s.f.DefaultMavenResourcesFiltering - skip non existing resourceDirectory D:\JDBC\Java_MongoDB_Connection\src\test\resources
2025-04-21 00:00:35,107 [Worker-67: Building] INFO  o.a.m.s.f.DefaultMavenResourcesFiltering - skip non existing resourceDirectory D:\JDBC\Java_MongoDB_Connection\src\main\resources
2025-04-21 00:00:35,108 [Worker-67: Building] INFO  o.a.m.s.f.DefaultMavenResourcesFiltering - skip non existing resourceDirectory D:\JDBC\Java_MongoDB_Connection\src\test\resources
2025-04-21 00:00:50,859 [Worker-54: Building] INFO  o.a.m.s.f.DefaultMavenResourcesFiltering - skip non existing resourceDirectory D:\JDBC\Java_MongoDB_Connection\src\main\resources
2025-04-21 00:00:50,860 [Worker-54: Building] INFO  o.a.m.s.f.DefaultMavenResourcesFiltering - skip non existing resourceDirectory D:\JDBC\Java_MongoDB_Connection\src\test\resources
2025-04-21 00:01:04,343 [Worker-65: Building] INFO  o.a.m.s.f.DefaultMavenResourcesFiltering - skip non existing resourceDirectory D:\JDBC\Java_MongoDB_Connection\src\main\resources
2025-04-21 00:01:04,344 [Worker-65: Building] INFO  o.a.m.s.f.DefaultMavenResourcesFiltering - skip non existing resourceDirectory D:\JDBC\Java_MongoDB_Connection\src\test\resources
2025-04-21 00:01:07,353 [Worker-66: Building] INFO  o.a.m.s.f.DefaultMavenResourcesFiltering - skip non existing resourceDirectory D:\JDBC\Java_MongoDB_Connection\src\main\resources
2025-04-21 00:01:07,353 [Worker-66: Building] INFO  o.a.m.s.f.DefaultMavenResourcesFiltering - skip non existing resourceDirectory D:\JDBC\Java_MongoDB_Connection\src\test\resources
2025-04-21 00:01:17,539 [Worker-54: Building] INFO  o.a.m.s.f.DefaultMavenResourcesFiltering - skip non existing resourceDirectory D:\JDBC\Java_MongoDB_Connection\src\main\resources
2025-04-21 00:01:17,539 [Worker-54: Building] INFO  o.a.m.s.f.DefaultMavenResourcesFiltering - skip non existing resourceDirectory D:\JDBC\Java_MongoDB_Connection\src\test\resources
2025-04-21 00:01:20,958 [Worker-66: Building] INFO  o.a.m.s.f.DefaultMavenResourcesFiltering - skip non existing resourceDirectory D:\JDBC\Java_MongoDB_Connection\src\main\resources
2025-04-21 00:01:20,958 [Worker-66: Building] INFO  o.a.m.s.f.DefaultMavenResourcesFiltering - skip non existing resourceDirectory D:\JDBC\Java_MongoDB_Connection\src\test\resources
2025-04-21 00:01:28,205 [Worker-54: Building] INFO  o.a.m.s.f.DefaultMavenResourcesFiltering - skip non existing resourceDirectory D:\JDBC\Java_MongoDB_Connection\src\main\resources
2025-04-21 00:01:28,205 [Worker-54: Building] INFO  o.a.m.s.f.DefaultMavenResourcesFiltering - skip non existing resourceDirectory D:\JDBC\Java_MongoDB_Connection\src\test\resources
2025-04-21 00:01:34,460 [Worker-63: Building] INFO  o.a.m.s.f.DefaultMavenResourcesFiltering - skip non existing resourceDirectory D:\JDBC\Java_MongoDB_Connection\src\main\resources
2025-04-21 00:01:34,461 [Worker-63: Building] INFO  o.a.m.s.f.DefaultMavenResourcesFiltering - skip non existing resourceDirectory D:\JDBC\Java_MongoDB_Connection\src\test\resources
2025-04-21 00:01:52,199 [Worker-65: Building] INFO  o.a.m.s.f.DefaultMavenResourcesFiltering - skip non existing resourceDirectory D:\JDBC\Java_MongoDB_Connection\src\main\resources
2025-04-21 00:01:52,200 [Worker-65: Building] INFO  o.a.m.s.f.DefaultMavenResourcesFiltering - skip non existing resourceDirectory D:\JDBC\Java_MongoDB_Connection\src\test\resources
2025-04-21 00:01:57,519 [Worker-54: Building] INFO  o.a.m.s.f.DefaultMavenResourcesFiltering - skip non existing resourceDirectory D:\JDBC\Java_MongoDB_Connection\src\main\resources
2025-04-21 00:01:57,520 [Worker-54: Building] INFO  o.a.m.s.f.DefaultMavenResourcesFiltering - skip non existing resourceDirectory D:\JDBC\Java_MongoDB_Connection\src\test\resources
2025-04-21 00:02:03,099 [Worker-66: Building] INFO  o.a.m.s.f.DefaultMavenResourcesFiltering - skip non existing resourceDirectory D:\JDBC\Java_MongoDB_Connection\src\main\resources
2025-04-21 00:02:03,100 [Worker-66: Building] INFO  o.a.m.s.f.DefaultMavenResourcesFiltering - skip non existing resourceDirectory D:\JDBC\Java_MongoDB_Connection\src\test\resources
2025-04-21 00:02:07,095 [Worker-54: Building] INFO  o.a.m.s.f.DefaultMavenResourcesFiltering - skip non existing resourceDirectory D:\JDBC\Java_MongoDB_Connection\src\main\resources
2025-04-21 00:02:07,095 [Worker-54: Building] INFO  o.a.m.s.f.DefaultMavenResourcesFiltering - skip non existing resourceDirectory D:\JDBC\Java_MongoDB_Connection\src\test\resources
2025-04-21 00:03:07,479 [Worker-68: Building] INFO  o.a.m.s.f.DefaultMavenResourcesFiltering - skip non existing resourceDirectory D:\JDBC\Java_MongoDB_Connection\src\main\resources
2025-04-21 00:03:07,479 [Worker-68: Building] INFO  o.a.m.s.f.DefaultMavenResourcesFiltering - skip non existing resourceDirectory D:\JDBC\Java_MongoDB_Connection\src\test\resources
2025-04-21 00:03:12,758 [Worker-67: Building] INFO  o.a.m.s.f.DefaultMavenResourcesFiltering - skip non existing resourceDirectory D:\JDBC\Java_MongoDB_Connection\src\main\resources
2025-04-21 00:03:12,759 [Worker-67: Building] INFO  o.a.m.s.f.DefaultMavenResourcesFiltering - skip non existing resourceDirectory D:\JDBC\Java_MongoDB_Connection\src\test\resources
2025-04-21 00:03:14,686 [Worker-67: Building] INFO  o.a.m.s.f.DefaultMavenResourcesFiltering - skip non existing resourceDirectory D:\JDBC\Java_MongoDB_Connection\src\main\resources
2025-04-21 00:03:14,687 [Worker-67: Building] INFO  o.a.m.s.f.DefaultMavenResourcesFiltering - skip non existing resourceDirectory D:\JDBC\Java_MongoDB_Connection\src\test\resources
2025-04-21 00:03:23,264 [Worker-54: Building] INFO  o.a.m.s.f.DefaultMavenResourcesFiltering - skip non existing resourceDirectory D:\JDBC\Java_MongoDB_Connection\src\main\resources
2025-04-21 00:03:23,264 [Worker-54: Building] INFO  o.a.m.s.f.DefaultMavenResourcesFiltering - skip non existing resourceDirectory D:\JDBC\Java_MongoDB_Connection\src\test\resources
2025-04-21 00:03:44,558 [Worker-68: Building] INFO  o.a.m.s.f.DefaultMavenResourcesFiltering - skip non existing resourceDirectory D:\JDBC\Java_MongoDB_Connection\src\main\resources
2025-04-21 00:03:44,558 [Worker-68: Building] INFO  o.a.m.s.f.DefaultMavenResourcesFiltering - skip non existing resourceDirectory D:\JDBC\Java_MongoDB_Connection\src\test\resources
2025-04-21 00:03:55,670 [Worker-54: Building] INFO  o.a.m.s.f.DefaultMavenResourcesFiltering - skip non existing resourceDirectory D:\JDBC\Java_MongoDB_Connection\src\main\resources
2025-04-21 00:03:55,671 [Worker-54: Building] INFO  o.a.m.s.f.DefaultMavenResourcesFiltering - skip non existing resourceDirectory D:\JDBC\Java_MongoDB_Connection\src\test\resources
2025-04-21 00:03:59,344 [Worker-67: Building] INFO  o.a.m.s.f.DefaultMavenResourcesFiltering - skip non existing resourceDirectory D:\JDBC\Java_MongoDB_Connection\src\main\resources
2025-04-21 00:03:59,345 [Worker-67: Building] INFO  o.a.m.s.f.DefaultMavenResourcesFiltering - skip non existing resourceDirectory D:\JDBC\Java_MongoDB_Connection\src\test\resources
2025-04-21 00:04:06,249 [Worker-63: Building] INFO  o.a.m.s.f.DefaultMavenResourcesFiltering - skip non existing resourceDirectory D:\JDBC\Java_MongoDB_Connection\src\main\resources
2025-04-21 00:04:06,250 [Worker-63: Building] INFO  o.a.m.s.f.DefaultMavenResourcesFiltering - skip non existing resourceDirectory D:\JDBC\Java_MongoDB_Connection\src\test\resources
2025-04-21 00:04:47,306 [Worker-67: Building] INFO  o.a.m.s.f.DefaultMavenResourcesFiltering - skip non existing resourceDirectory D:\JDBC\Java_MongoDB_Connection\src\main\resources
2025-04-21 00:04:47,307 [Worker-67: Building] INFO  o.a.m.s.f.DefaultMavenResourcesFiltering - skip non existing resourceDirectory D:\JDBC\Java_MongoDB_Connection\src\test\resources
2025-04-21 00:04:50,931 [Worker-63: Building] INFO  o.a.m.s.f.DefaultMavenResourcesFiltering - skip non existing resourceDirectory D:\JDBC\Java_MongoDB_Connection\src\main\resources
2025-04-21 00:04:50,932 [Worker-63: Building] INFO  o.a.m.s.f.DefaultMavenResourcesFiltering - skip non existing resourceDirectory D:\JDBC\Java_MongoDB_Connection\src\test\resources
2025-04-21 00:04:52,556 [Worker-65: Building] INFO  o.a.m.s.f.DefaultMavenResourcesFiltering - skip non existing resourceDirectory D:\JDBC\Java_MongoDB_Connection\src\main\resources
2025-04-21 00:04:52,557 [Worker-65: Building] INFO  o.a.m.s.f.DefaultMavenResourcesFiltering - skip non existing resourceDirectory D:\JDBC\Java_MongoDB_Connection\src\test\resources
2025-04-21 00:06:24,617 [Worker-67: Building] INFO  o.a.m.s.f.DefaultMavenResourcesFiltering - skip non existing resourceDirectory D:\JDBC\Java_MongoDB_Connection\src\main\resources
2025-04-21 00:06:24,617 [Worker-67: Building] INFO  o.a.m.s.f.DefaultMavenResourcesFiltering - skip non existing resourceDirectory D:\JDBC\Java_MongoDB_Connection\src\test\resources
2025-04-21 00:06:31,210 [Worker-66: Building] INFO  o.a.m.s.f.DefaultMavenResourcesFiltering - skip non existing resourceDirectory D:\JDBC\Java_MongoDB_Connection\src\main\resources
2025-04-21 00:06:31,210 [Worker-66: Building] INFO  o.a.m.s.f.DefaultMavenResourcesFiltering - skip non existing resourceDirectory D:\JDBC\Java_MongoDB_Connection\src\test\resources
2025-04-21 00:07:11,568 [Worker-70: Building] INFO  o.a.m.s.f.DefaultMavenResourcesFiltering - skip non existing resourceDirectory D:\JDBC\Java_MongoDB_Connection\src\main\resources
2025-04-21 00:07:11,569 [Worker-70: Building] INFO  o.a.m.s.f.DefaultMavenResourcesFiltering - skip non existing resourceDirectory D:\JDBC\Java_MongoDB_Connection\src\test\resources
2025-04-21 00:07:13,730 [Worker-71: Building] INFO  o.a.m.s.f.DefaultMavenResourcesFiltering - skip non existing resourceDirectory D:\JDBC\Java_MongoDB_Connection\src\main\resources
2025-04-21 00:07:13,730 [Worker-71: Building] INFO  o.a.m.s.f.DefaultMavenResourcesFiltering - skip non existing resourceDirectory D:\JDBC\Java_MongoDB_Connection\src\test\resources
2025-04-21 00:07:23,293 [Worker-69: Building] INFO  o.a.m.s.f.DefaultMavenResourcesFiltering - skip non existing resourceDirectory D:\JDBC\Java_MongoDB_Connection\src\main\resources
2025-04-21 00:07:23,293 [Worker-69: Building] INFO  o.a.m.s.f.DefaultMavenResourcesFiltering - skip non existing resourceDirectory D:\JDBC\Java_MongoDB_Connection\src\test\resources
2025-04-21 00:07:25,290 [Worker-70: Building] INFO  o.a.m.s.f.DefaultMavenResourcesFiltering - skip non existing resourceDirectory D:\JDBC\Java_MongoDB_Connection\src\main\resources
2025-04-21 00:07:25,290 [Worker-70: Building] INFO  o.a.m.s.f.DefaultMavenResourcesFiltering - skip non existing resourceDirectory D:\JDBC\Java_MongoDB_Connection\src\test\resources
2025-04-21 00:07:27,640 [Worker-71: Building] INFO  o.a.m.s.f.DefaultMavenResourcesFiltering - skip non existing resourceDirectory D:\JDBC\Java_MongoDB_Connection\src\main\resources
2025-04-21 00:07:27,640 [Worker-71: Building] INFO  o.a.m.s.f.DefaultMavenResourcesFiltering - skip non existing resourceDirectory D:\JDBC\Java_MongoDB_Connection\src\test\resources
2025-04-21 00:07:29,673 [Worker-71: Building] INFO  o.a.m.s.f.DefaultMavenResourcesFiltering - skip non existing resourceDirectory D:\JDBC\Java_MongoDB_Connection\src\main\resources
2025-04-21 00:07:29,674 [Worker-71: Building] INFO  o.a.m.s.f.DefaultMavenResourcesFiltering - skip non existing resourceDirectory D:\JDBC\Java_MongoDB_Connection\src\test\resources
2025-04-21 00:07:54,213 [Worker-69: Building] INFO  o.a.m.s.f.DefaultMavenResourcesFiltering - skip non existing resourceDirectory D:\JDBC\Java_MongoDB_Connection\src\main\resources
2025-04-21 00:07:54,213 [Worker-69: Building] INFO  o.a.m.s.f.DefaultMavenResourcesFiltering - skip non existing resourceDirectory D:\JDBC\Java_MongoDB_Connection\src\test\resources
2025-04-21 00:08:16,030 [Worker-70: Building] INFO  o.a.m.s.f.DefaultMavenResourcesFiltering - skip non existing resourceDirectory D:\JDBC\Java_MongoDB_Connection\src\main\resources
2025-04-21 00:08:16,031 [Worker-70: Building] INFO  o.a.m.s.f.DefaultMavenResourcesFiltering - skip non existing resourceDirectory D:\JDBC\Java_MongoDB_Connection\src\test\resources
2025-04-21 00:08:20,098 [Worker-72: Building] INFO  o.a.m.s.f.DefaultMavenResourcesFiltering - skip non existing resourceDirectory D:\JDBC\Java_MongoDB_Connection\src\main\resources
2025-04-21 00:08:20,098 [Worker-72: Building] INFO  o.a.m.s.f.DefaultMavenResourcesFiltering - skip non existing resourceDirectory D:\JDBC\Java_MongoDB_Connection\src\test\resources
2025-04-21 00:08:25,941 [Worker-70: Building] INFO  o.a.m.s.f.DefaultMavenResourcesFiltering - skip non existing resourceDirectory D:\JDBC\Java_MongoDB_Connection\src\main\resources
2025-04-21 00:08:25,948 [Worker-70: Building] INFO  o.a.m.s.f.DefaultMavenResourcesFiltering - skip non existing resourceDirectory D:\JDBC\Java_MongoDB_Connection\src\test\resources
2025-04-21 00:08:31,741 [Worker-70: Building] INFO  o.a.m.s.f.DefaultMavenResourcesFiltering - skip non existing resourceDirectory D:\JDBC\Java_MongoDB_Connection\src\main\resources
2025-04-21 00:08:31,741 [Worker-70: Building] INFO  o.a.m.s.f.DefaultMavenResourcesFiltering - skip non existing resourceDirectory D:\JDBC\Java_MongoDB_Connection\src\test\resources
2025-04-21 00:08:36,523 [Worker-69: Building] INFO  o.a.m.s.f.DefaultMavenResourcesFiltering - skip non existing resourceDirectory D:\JDBC\Java_MongoDB_Connection\src\main\resources
2025-04-21 00:08:36,523 [Worker-69: Building] INFO  o.a.m.s.f.DefaultMavenResourcesFiltering - skip non existing resourceDirectory D:\JDBC\Java_MongoDB_Connection\src\test\resources
2025-04-21 00:08:48,165 [Worker-70: Building] INFO  o.a.m.s.f.DefaultMavenResourcesFiltering - skip non existing resourceDirectory D:\JDBC\Java_MongoDB_Connection\src\main\resources
2025-04-21 00:08:48,165 [Worker-70: Building] INFO  o.a.m.s.f.DefaultMavenResourcesFiltering - skip non existing resourceDirectory D:\JDBC\Java_MongoDB_Connection\src\test\resources
2025-04-21 00:08:50,096 [Worker-72: Building] INFO  o.a.m.s.f.DefaultMavenResourcesFiltering - skip non existing resourceDirectory D:\JDBC\Java_MongoDB_Connection\src\main\resources
2025-04-21 00:08:50,096 [Worker-72: Building] INFO  o.a.m.s.f.DefaultMavenResourcesFiltering - skip non existing resourceDirectory D:\JDBC\Java_MongoDB_Connection\src\test\resources
2025-04-21 00:08:53,767 [Worker-71: Building] INFO  o.a.m.s.f.DefaultMavenResourcesFiltering - skip non existing resourceDirectory D:\JDBC\Java_MongoDB_Connection\src\main\resources
2025-04-21 00:08:53,767 [Worker-71: Building] INFO  o.a.m.s.f.DefaultMavenResourcesFiltering - skip non existing resourceDirectory D:\JDBC\Java_MongoDB_Connection\src\test\resources
2025-04-21 00:08:58,138 [Worker-72: Building] INFO  o.a.m.s.f.DefaultMavenResourcesFiltering - skip non existing resourceDirectory D:\JDBC\Java_MongoDB_Connection\src\main\resources
2025-04-21 00:08:58,139 [Worker-72: Building] INFO  o.a.m.s.f.DefaultMavenResourcesFiltering - skip non existing resourceDirectory D:\JDBC\Java_MongoDB_Connection\src\test\resources
2025-04-21 00:09:07,474 [Worker-66: Building] INFO  o.a.m.s.f.DefaultMavenResourcesFiltering - skip non existing resourceDirectory D:\JDBC\Java_MongoDB_Connection\src\main\resources
2025-04-21 00:09:07,475 [Worker-66: Building] INFO  o.a.m.s.f.DefaultMavenResourcesFiltering - skip non existing resourceDirectory D:\JDBC\Java_MongoDB_Connection\src\test\resources
2025-04-21 00:09:22,709 [Worker-67: Building] INFO  o.a.m.s.f.DefaultMavenResourcesFiltering - skip non existing resourceDirectory D:\JDBC\Java_MongoDB_Connection\src\main\resources
2025-04-21 00:09:22,709 [Worker-67: Building] INFO  o.a.m.s.f.DefaultMavenResourcesFiltering - skip non existing resourceDirectory D:\JDBC\Java_MongoDB_Connection\src\test\resources
2025-04-21 00:09:25,209 [Worker-66: Building] INFO  o.a.m.s.f.DefaultMavenResourcesFiltering - skip non existing resourceDirectory D:\JDBC\Java_MongoDB_Connection\src\main\resources
2025-04-21 00:09:25,210 [Worker-66: Building] INFO  o.a.m.s.f.DefaultMavenResourcesFiltering - skip non existing resourceDirectory D:\JDBC\Java_MongoDB_Connection\src\test\resources
2025-04-21 00:09:27,372 [Worker-67: Building] INFO  o.a.m.s.f.DefaultMavenResourcesFiltering - skip non existing resourceDirectory D:\JDBC\Java_MongoDB_Connection\src\main\resources
2025-04-21 00:09:27,372 [Worker-67: Building] INFO  o.a.m.s.f.DefaultMavenResourcesFiltering - skip non existing resourceDirectory D:\JDBC\Java_MongoDB_Connection\src\test\resources
2025-04-21 00:09:28,996 [Worker-69: Building] INFO  o.a.m.s.f.DefaultMavenResourcesFiltering - skip non existing resourceDirectory D:\JDBC\Java_MongoDB_Connection\src\main\resources
2025-04-21 00:09:28,996 [Worker-69: Building] INFO  o.a.m.s.f.DefaultMavenResourcesFiltering - skip non existing resourceDirectory D:\JDBC\Java_MongoDB_Connection\src\test\resources
2025-04-21 00:09:38,853 [Worker-70: Building] INFO  o.a.m.s.f.DefaultMavenResourcesFiltering - skip non existing resourceDirectory D:\JDBC\Java_MongoDB_Connection\src\main\resources
2025-04-21 00:09:38,854 [Worker-70: Building] INFO  o.a.m.s.f.DefaultMavenResourcesFiltering - skip non existing resourceDirectory D:\JDBC\Java_MongoDB_Connection\src\test\resources
2025-04-21 00:09:43,026 [Worker-66: Building] INFO  o.a.m.s.f.DefaultMavenResourcesFiltering - skip non existing resourceDirectory D:\JDBC\Java_MongoDB_Connection\src\main\resources
2025-04-21 00:09:43,026 [Worker-66: Building] INFO  o.a.m.s.f.DefaultMavenResourcesFiltering - skip non existing resourceDirectory D:\JDBC\Java_MongoDB_Connection\src\test\resources
2025-04-21 00:09:56,064 [Worker-66: Building] INFO  o.a.m.s.f.DefaultMavenResourcesFiltering - skip non existing resourceDirectory D:\JDBC\Java_MongoDB_Connection\src\main\resources
2025-04-21 00:09:56,064 [Worker-66: Building] INFO  o.a.m.s.f.DefaultMavenResourcesFiltering - skip non existing resourceDirectory D:\JDBC\Java_MongoDB_Connection\src\test\resources
2025-04-21 00:10:04,873 [Worker-70: Building] INFO  o.a.m.s.f.DefaultMavenResourcesFiltering - skip non existing resourceDirectory D:\JDBC\Java_MongoDB_Connection\src\main\resources
2025-04-21 00:10:04,873 [Worker-70: Building] INFO  o.a.m.s.f.DefaultMavenResourcesFiltering - skip non existing resourceDirectory D:\JDBC\Java_MongoDB_Connection\src\test\resources
2025-04-21 00:10:12,376 [Worker-67: Building] INFO  o.a.m.s.f.DefaultMavenResourcesFiltering - skip non existing resourceDirectory D:\JDBC\Java_MongoDB_Connection\src\main\resources
2025-04-21 00:10:12,377 [Worker-67: Building] INFO  o.a.m.s.f.DefaultMavenResourcesFiltering - skip non existing resourceDirectory D:\JDBC\Java_MongoDB_Connection\src\test\resources
2025-04-21 00:10:17,342 [Worker-70: Building] INFO  o.a.m.s.f.DefaultMavenResourcesFiltering - skip non existing resourceDirectory D:\JDBC\Java_MongoDB_Connection\src\main\resources
2025-04-21 00:10:17,342 [Worker-70: Building] INFO  o.a.m.s.f.DefaultMavenResourcesFiltering - skip non existing resourceDirectory D:\JDBC\Java_MongoDB_Connection\src\test\resources
2025-04-21 00:10:23,516 [Worker-70: Building] INFO  o.a.m.s.f.DefaultMavenResourcesFiltering - skip non existing resourceDirectory D:\JDBC\Java_MongoDB_Connection\src\main\resources
2025-04-21 00:10:23,517 [Worker-70: Building] INFO  o.a.m.s.f.DefaultMavenResourcesFiltering - skip non existing resourceDirectory D:\JDBC\Java_MongoDB_Connection\src\test\resources
2025-04-21 00:10:37,160 [Worker-67: Building] INFO  o.a.m.s.f.DefaultMavenResourcesFiltering - skip non existing resourceDirectory D:\JDBC\Java_MongoDB_Connection\src\main\resources
2025-04-21 00:10:37,161 [Worker-67: Building] INFO  o.a.m.s.f.DefaultMavenResourcesFiltering - skip non existing resourceDirectory D:\JDBC\Java_MongoDB_Connection\src\test\resources
2025-04-21 00:10:41,920 [Worker-71: Building] INFO  o.a.m.s.f.DefaultMavenResourcesFiltering - skip non existing resourceDirectory D:\JDBC\Java_MongoDB_Connection\src\main\resources
2025-04-21 00:10:41,922 [Worker-71: Building] INFO  o.a.m.s.f.DefaultMavenResourcesFiltering - skip non existing resourceDirectory D:\JDBC\Java_MongoDB_Connection\src\test\resources
2025-04-21 00:10:49,191 [Worker-66: Building] INFO  o.a.m.s.f.DefaultMavenResourcesFiltering - skip non existing resourceDirectory D:\JDBC\Java_MongoDB_Connection\src\main\resources
2025-04-21 00:10:49,192 [Worker-66: Building] INFO  o.a.m.s.f.DefaultMavenResourcesFiltering - skip non existing resourceDirectory D:\JDBC\Java_MongoDB_Connection\src\test\resources
2025-04-21 00:10:52,793 [Worker-72: Building] INFO  o.a.m.s.f.DefaultMavenResourcesFiltering - skip non existing resourceDirectory D:\JDBC\Java_MongoDB_Connection\src\main\resources
2025-04-21 00:10:52,794 [Worker-72: Building] INFO  o.a.m.s.f.DefaultMavenResourcesFiltering - skip non existing resourceDirectory D:\JDBC\Java_MongoDB_Connection\src\test\resources
2025-04-21 00:10:59,542 [Worker-69: Building] INFO  o.a.m.s.f.DefaultMavenResourcesFiltering - skip non existing resourceDirectory D:\JDBC\Java_MongoDB_Connection\src\main\resources
2025-04-21 00:10:59,543 [Worker-69: Building] INFO  o.a.m.s.f.DefaultMavenResourcesFiltering - skip non existing resourceDirectory D:\JDBC\Java_MongoDB_Connection\src\test\resources
2025-04-21 00:11:01,753 [Worker-72: Building] INFO  o.a.m.s.f.DefaultMavenResourcesFiltering - skip non existing resourceDirectory D:\JDBC\Java_MongoDB_Connection\src\main\resources
2025-04-21 00:11:01,754 [Worker-72: Building] INFO  o.a.m.s.f.DefaultMavenResourcesFiltering - skip non existing resourceDirectory D:\JDBC\Java_MongoDB_Connection\src\test\resources
2025-04-21 00:11:07,665 [Worker-70: Building] INFO  o.a.m.s.f.DefaultMavenResourcesFiltering - skip non existing resourceDirectory D:\JDBC\Java_MongoDB_Connection\src\main\resources
2025-04-21 00:11:07,666 [Worker-70: Building] INFO  o.a.m.s.f.DefaultMavenResourcesFiltering - skip non existing resourceDirectory D:\JDBC\Java_MongoDB_Connection\src\test\resources
2025-04-21 00:11:10,085 [Worker-67: Building] INFO  o.a.m.s.f.DefaultMavenResourcesFiltering - skip non existing resourceDirectory D:\JDBC\Java_MongoDB_Connection\src\main\resources
2025-04-21 00:11:10,086 [Worker-67: Building] INFO  o.a.m.s.f.DefaultMavenResourcesFiltering - skip non existing resourceDirectory D:\JDBC\Java_MongoDB_Connection\src\test\resources
2025-04-21 00:11:56,989 [Worker-72: Building] INFO  o.a.m.s.f.DefaultMavenResourcesFiltering - skip non existing resourceDirectory D:\JDBC\Java_MongoDB_Connection\src\main\resources
2025-04-21 00:11:56,990 [Worker-72: Building] INFO  o.a.m.s.f.DefaultMavenResourcesFiltering - skip non existing resourceDirectory D:\JDBC\Java_MongoDB_Connection\src\test\resources
2025-04-21 00:12:00,627 [Worker-71: Building] INFO  o.a.m.s.f.DefaultMavenResourcesFiltering - skip non existing resourceDirectory D:\JDBC\Java_MongoDB_Connection\src\main\resources
2025-04-21 00:12:00,628 [Worker-71: Building] INFO  o.a.m.s.f.DefaultMavenResourcesFiltering - skip non existing resourceDirectory D:\JDBC\Java_MongoDB_Connection\src\test\resources
2025-04-21 00:12:09,224 [Worker-70: Building] INFO  o.a.m.s.f.DefaultMavenResourcesFiltering - skip non existing resourceDirectory D:\JDBC\Java_MongoDB_Connection\src\main\resources
2025-04-21 00:12:09,224 [Worker-70: Building] INFO  o.a.m.s.f.DefaultMavenResourcesFiltering - skip non existing resourceDirectory D:\JDBC\Java_MongoDB_Connection\src\test\resources
2025-04-21 00:12:34,254 [Worker-69: Building] INFO  o.a.m.s.f.DefaultMavenResourcesFiltering - skip non existing resourceDirectory D:\JDBC\Java_MongoDB_Connection\src\main\resources
2025-04-21 00:12:34,254 [Worker-69: Building] INFO  o.a.m.s.f.DefaultMavenResourcesFiltering - skip non existing resourceDirectory D:\JDBC\Java_MongoDB_Connection\src\test\resources
2025-04-21 00:12:42,499 [Worker-70: Building] INFO  o.a.m.s.f.DefaultMavenResourcesFiltering - skip non existing resourceDirectory D:\JDBC\Java_MongoDB_Connection\src\main\resources
2025-04-21 00:12:42,499 [Worker-70: Building] INFO  o.a.m.s.f.DefaultMavenResourcesFiltering - skip non existing resourceDirectory D:\JDBC\Java_MongoDB_Connection\src\test\resources
2025-04-21 00:12:44,480 [Worker-70: Building] INFO  o.a.m.s.f.DefaultMavenResourcesFiltering - skip non existing resourceDirectory D:\JDBC\Java_MongoDB_Connection\src\main\resources
2025-04-21 00:12:44,480 [Worker-70: Building] INFO  o.a.m.s.f.DefaultMavenResourcesFiltering - skip non existing resourceDirectory D:\JDBC\Java_MongoDB_Connection\src\test\resources
2025-04-21 00:12:58,164 [Worker-67: Building] INFO  o.a.m.s.f.DefaultMavenResourcesFiltering - skip non existing resourceDirectory D:\JDBC\Java_MongoDB_Connection\src\main\resources
2025-04-21 00:12:58,165 [Worker-67: Building] INFO  o.a.m.s.f.DefaultMavenResourcesFiltering - skip non existing resourceDirectory D:\JDBC\Java_MongoDB_Connection\src\test\resources
2025-04-21 00:12:59,184 [Worker-66: Building] INFO  o.a.m.s.f.DefaultMavenResourcesFiltering - skip non existing resourceDirectory D:\JDBC\Java_MongoDB_Connection\src\main\resources
2025-04-21 00:12:59,185 [Worker-66: Building] INFO  o.a.m.s.f.DefaultMavenResourcesFiltering - skip non existing resourceDirectory D:\JDBC\Java_MongoDB_Connection\src\test\resources
2025-04-21 00:13:10,702 [Worker-71: Building] INFO  o.a.m.s.f.DefaultMavenResourcesFiltering - skip non existing resourceDirectory D:\JDBC\Java_MongoDB_Connection\src\main\resources
2025-04-21 00:13:10,703 [Worker-71: Building] INFO  o.a.m.s.f.DefaultMavenResourcesFiltering - skip non existing resourceDirectory D:\JDBC\Java_MongoDB_Connection\src\test\resources
2025-04-21 00:13:19,982 [Worker-67: Building] INFO  o.a.m.s.f.DefaultMavenResourcesFiltering - skip non existing resourceDirectory D:\JDBC\Java_MongoDB_Connection\src\main\resources
2025-04-21 00:13:19,983 [Worker-67: Building] INFO  o.a.m.s.f.DefaultMavenResourcesFiltering - skip non existing resourceDirectory D:\JDBC\Java_MongoDB_Connection\src\test\resources
2025-04-21 00:13:26,011 [Worker-72: Building] INFO  o.a.m.s.f.DefaultMavenResourcesFiltering - skip non existing resourceDirectory D:\JDBC\Java_MongoDB_Connection\src\main\resources
2025-04-21 00:13:26,012 [Worker-72: Building] INFO  o.a.m.s.f.DefaultMavenResourcesFiltering - skip non existing resourceDirectory D:\JDBC\Java_MongoDB_Connection\src\test\resources
2025-04-21 00:13:35,906 [Worker-71: Building] INFO  o.a.m.s.f.DefaultMavenResourcesFiltering - skip non existing resourceDirectory D:\JDBC\Java_MongoDB_Connection\src\main\resources
2025-04-21 00:13:35,907 [Worker-71: Building] INFO  o.a.m.s.f.DefaultMavenResourcesFiltering - skip non existing resourceDirectory D:\JDBC\Java_MongoDB_Connection\src\test\resources
2025-04-21 00:13:50,410 [Worker-66: Building] INFO  o.a.m.s.f.DefaultMavenResourcesFiltering - skip non existing resourceDirectory D:\JDBC\Java_MongoDB_Connection\src\main\resources
2025-04-21 00:13:50,411 [Worker-66: Building] INFO  o.a.m.s.f.DefaultMavenResourcesFiltering - skip non existing resourceDirectory D:\JDBC\Java_MongoDB_Connection\src\test\resources
2025-04-21 00:13:58,352 [Worker-69: Building] INFO  o.a.m.s.f.DefaultMavenResourcesFiltering - skip non existing resourceDirectory D:\JDBC\Java_MongoDB_Connection\src\main\resources
2025-04-21 00:13:58,352 [Worker-69: Building] INFO  o.a.m.s.f.DefaultMavenResourcesFiltering - skip non existing resourceDirectory D:\JDBC\Java_MongoDB_Connection\src\test\resources
2025-04-21 00:14:01,411 [Worker-72: Building] INFO  o.a.m.s.f.DefaultMavenResourcesFiltering - skip non existing resourceDirectory D:\JDBC\Java_MongoDB_Connection\src\main\resources
2025-04-21 00:14:01,412 [Worker-72: Building] INFO  o.a.m.s.f.DefaultMavenResourcesFiltering - skip non existing resourceDirectory D:\JDBC\Java_MongoDB_Connection\src\test\resources
2025-04-21 00:14:04,762 [Worker-70: Building] INFO  o.a.m.s.f.DefaultMavenResourcesFiltering - skip non existing resourceDirectory D:\JDBC\Java_MongoDB_Connection\src\main\resources
2025-04-21 00:14:04,763 [Worker-70: Building] INFO  o.a.m.s.f.DefaultMavenResourcesFiltering - skip non existing resourceDirectory D:\JDBC\Java_MongoDB_Connection\src\test\resources
2025-04-21 00:14:14,635 [Worker-71: Building] INFO  o.a.m.s.f.DefaultMavenResourcesFiltering - skip non existing resourceDirectory D:\JDBC\Java_MongoDB_Connection\src\main\resources
2025-04-21 00:14:14,637 [Worker-71: Building] INFO  o.a.m.s.f.DefaultMavenResourcesFiltering - skip non existing resourceDirectory D:\JDBC\Java_MongoDB_Connection\src\test\resources
2025-04-21 00:14:20,596 [Worker-69: Building] INFO  o.a.m.s.f.DefaultMavenResourcesFiltering - skip non existing resourceDirectory D:\JDBC\Java_MongoDB_Connection\src\main\resources
2025-04-21 00:14:20,596 [Worker-69: Building] INFO  o.a.m.s.f.DefaultMavenResourcesFiltering - skip non existing resourceDirectory D:\JDBC\Java_MongoDB_Connection\src\test\resources
2025-04-21 00:14:26,507 [Worker-66: Building] INFO  o.a.m.s.f.DefaultMavenResourcesFiltering - skip non existing resourceDirectory D:\JDBC\Java_MongoDB_Connection\src\main\resources
2025-04-21 00:14:26,507 [Worker-66: Building] INFO  o.a.m.s.f.DefaultMavenResourcesFiltering - skip non existing resourceDirectory D:\JDBC\Java_MongoDB_Connection\src\test\resources
2025-04-21 00:15:11,602 [Worker-66: Building] INFO  o.a.m.s.f.DefaultMavenResourcesFiltering - skip non existing resourceDirectory D:\JDBC\Java_MongoDB_Connection\src\main\resources
2025-04-21 00:15:11,603 [Worker-66: Building] INFO  o.a.m.s.f.DefaultMavenResourcesFiltering - skip non existing resourceDirectory D:\JDBC\Java_MongoDB_Connection\src\test\resources
2025-04-21 00:15:14,512 [Worker-69: Building] INFO  o.a.m.s.f.DefaultMavenResourcesFiltering - skip non existing resourceDirectory D:\JDBC\Java_MongoDB_Connection\src\main\resources
2025-04-21 00:15:14,512 [Worker-69: Building] INFO  o.a.m.s.f.DefaultMavenResourcesFiltering - skip non existing resourceDirectory D:\JDBC\Java_MongoDB_Connection\src\test\resources
2025-04-21 00:15:19,961 [Worker-66: Building] INFO  o.a.m.s.f.DefaultMavenResourcesFiltering - skip non existing resourceDirectory D:\JDBC\Java_MongoDB_Connection\src\main\resources
2025-04-21 00:15:19,962 [Worker-66: Building] INFO  o.a.m.s.f.DefaultMavenResourcesFiltering - skip non existing resourceDirectory D:\JDBC\Java_MongoDB_Connection\src\test\resources
2025-04-21 00:15:52,394 [Worker-71: Building] INFO  o.a.m.s.f.DefaultMavenResourcesFiltering - skip non existing resourceDirectory D:\JDBC\Java_MongoDB_Connection\src\main\resources
2025-04-21 00:15:52,395 [Worker-71: Building] INFO  o.a.m.s.f.DefaultMavenResourcesFiltering - skip non existing resourceDirectory D:\JDBC\Java_MongoDB_Connection\src\test\resources
2025-04-22 14:08:12,145 [Worker-10: Loading available Gradle versions] INFO  o.e.b.c.i.u.g.PublishedGradleVersions - Gradle version information cache is out-of-date. Trying to update.
2025-04-22 14:08:12,844 [Worker-10: Loading available Gradle versions] INFO  o.e.b.c.i.u.g.PublishedGradleVersions - Updating Gradle version information cache failed. Using outdated cache.
2025-04-22 14:08:45,187 [Worker-31: Building] INFO  o.a.m.s.f.DefaultMavenResourcesFiltering - skip non existing resourceDirectory D:\JDBC\Java_MongoDB_Connection\src\main\resources
2025-04-22 14:08:45,196 [Worker-31: Building] INFO  o.a.m.s.f.DefaultMavenResourcesFiltering - skip non existing resourceDirectory D:\JDBC\Java_MongoDB_Connection\src\test\resources
2025-04-22 14:13:11,459 [Worker-11: Building] INFO  o.a.m.s.f.DefaultMavenResourcesFiltering - skip non existing resourceDirectory D:\JDBC\Java_MongoDB_Connection\src\main\resources
2025-04-22 14:13:11,464 [Worker-11: Building] INFO  o.a.m.s.f.DefaultMavenResourcesFiltering - skip non existing resourceDirectory D:\JDBC\Java_MongoDB_Connection\src\test\resources
2025-04-22 14:57:52,137 [Worker-42: Launching mavenrun-fd8db98e-ca34-46c4-bf7c-1753194ecc66] INFO  o.eclipse.m2e.core.internal.Bundles - getClasspathEntries(Bundle=org.eclipse.m2e.maven.runtime_3.9.700.20240602-2313 [644])
2025-04-22 14:57:52,139 [Worker-42: Launching mavenrun-fd8db98e-ca34-46c4-bf7c-1753194ecc66] INFO  o.eclipse.m2e.core.internal.Bundles - 	Entry: C:\Users\Sarada prasanna\.p2\pool\plugins\org.eclipse.m2e.maven.runtime_3.9.700.20240602-2313
2025-04-22 14:57:52,140 [Worker-42: Launching mavenrun-fd8db98e-ca34-46c4-bf7c-1753194ecc66] INFO  o.eclipse.m2e.core.internal.Bundles - 	Entry: C:\Users\Sarada prasanna\.p2\pool\plugins\org.eclipse.m2e.maven.runtime_3.9.700.20240602-2313\jars\aopalliance-1.0.jar
2025-04-22 14:57:52,140 [Worker-42: Launching mavenrun-fd8db98e-ca34-46c4-bf7c-1753194ecc66] INFO  o.eclipse.m2e.core.internal.Bundles - 	Entry: C:\Users\Sarada prasanna\.p2\pool\plugins\org.eclipse.m2e.maven.runtime_3.9.700.20240602-2313\jars\guice-5.1.0.jar
2025-04-22 14:57:52,140 [Worker-42: Launching mavenrun-fd8db98e-ca34-46c4-bf7c-1753194ecc66] INFO  o.eclipse.m2e.core.internal.Bundles - 	Entry: C:\Users\Sarada prasanna\.p2\pool\plugins\org.eclipse.m2e.maven.runtime_3.9.700.20240602-2313\jars\httpclient-4.5.14.jar
2025-04-22 14:57:52,141 [Worker-42: Launching mavenrun-fd8db98e-ca34-46c4-bf7c-1753194ecc66] INFO  o.eclipse.m2e.core.internal.Bundles - 	Entry: C:\Users\Sarada prasanna\.p2\pool\plugins\org.eclipse.m2e.maven.runtime_3.9.700.20240602-2313\jars\httpcore-4.4.16.jar
2025-04-22 14:57:52,141 [Worker-42: Launching mavenrun-fd8db98e-ca34-46c4-bf7c-1753194ecc66] INFO  o.eclipse.m2e.core.internal.Bundles - 	Entry: C:\Users\Sarada prasanna\.p2\pool\plugins\org.eclipse.m2e.maven.runtime_3.9.700.20240602-2313\jars\jansi-2.4.1.jar
2025-04-22 14:57:52,141 [Worker-42: Launching mavenrun-fd8db98e-ca34-46c4-bf7c-1753194ecc66] INFO  o.eclipse.m2e.core.internal.Bundles - 	Entry: C:\Users\Sarada prasanna\.p2\pool\plugins\org.eclipse.m2e.maven.runtime_3.9.700.20240602-2313\jars\jcl-over-slf4j-1.7.36.jar
2025-04-22 14:57:52,141 [Worker-42: Launching mavenrun-fd8db98e-ca34-46c4-bf7c-1753194ecc66] INFO  o.eclipse.m2e.core.internal.Bundles - 	Entry: C:\Users\Sarada prasanna\.p2\pool\plugins\org.eclipse.m2e.maven.runtime_3.9.700.20240602-2313\jars\maven-artifact-3.9.7.jar
2025-04-22 14:57:52,142 [Worker-42: Launching mavenrun-fd8db98e-ca34-46c4-bf7c-1753194ecc66] INFO  o.eclipse.m2e.core.internal.Bundles - 	Entry: C:\Users\Sarada prasanna\.p2\pool\plugins\org.eclipse.m2e.maven.runtime_3.9.700.20240602-2313\jars\maven-builder-support-3.9.7.jar
2025-04-22 14:57:52,142 [Worker-42: Launching mavenrun-fd8db98e-ca34-46c4-bf7c-1753194ecc66] INFO  o.eclipse.m2e.core.internal.Bundles - 	Entry: C:\Users\Sarada prasanna\.p2\pool\plugins\org.eclipse.m2e.maven.runtime_3.9.700.20240602-2313\jars\maven-compat-3.9.7.jar
2025-04-22 14:57:52,142 [Worker-42: Launching mavenrun-fd8db98e-ca34-46c4-bf7c-1753194ecc66] INFO  o.eclipse.m2e.core.internal.Bundles - 	Entry: C:\Users\Sarada prasanna\.p2\pool\plugins\org.eclipse.m2e.maven.runtime_3.9.700.20240602-2313\jars\maven-core-3.9.7.jar
2025-04-22 14:57:52,143 [Worker-42: Launching mavenrun-fd8db98e-ca34-46c4-bf7c-1753194ecc66] INFO  o.eclipse.m2e.core.internal.Bundles - 	Entry: C:\Users\Sarada prasanna\.p2\pool\plugins\org.eclipse.m2e.maven.runtime_3.9.700.20240602-2313\jars\maven-embedder-3.9.7.jar
2025-04-22 14:57:52,143 [Worker-42: Launching mavenrun-fd8db98e-ca34-46c4-bf7c-1753194ecc66] INFO  o.eclipse.m2e.core.internal.Bundles - 	Entry: C:\Users\Sarada prasanna\.p2\pool\plugins\org.eclipse.m2e.maven.runtime_3.9.700.20240602-2313\jars\maven-model-3.9.7.jar
2025-04-22 14:57:52,143 [Worker-42: Launching mavenrun-fd8db98e-ca34-46c4-bf7c-1753194ecc66] INFO  o.eclipse.m2e.core.internal.Bundles - 	Entry: C:\Users\Sarada prasanna\.p2\pool\plugins\org.eclipse.m2e.maven.runtime_3.9.700.20240602-2313\jars\maven-model-builder-3.9.7.jar
2025-04-22 14:57:52,144 [Worker-42: Launching mavenrun-fd8db98e-ca34-46c4-bf7c-1753194ecc66] INFO  o.eclipse.m2e.core.internal.Bundles - 	Entry: C:\Users\Sarada prasanna\.p2\pool\plugins\org.eclipse.m2e.maven.runtime_3.9.700.20240602-2313\jars\maven-plugin-api-3.9.7.jar
2025-04-22 14:57:52,144 [Worker-42: Launching mavenrun-fd8db98e-ca34-46c4-bf7c-1753194ecc66] INFO  o.eclipse.m2e.core.internal.Bundles - 	Entry: C:\Users\Sarada prasanna\.p2\pool\plugins\org.eclipse.m2e.maven.runtime_3.9.700.20240602-2313\jars\maven-repository-metadata-3.9.7.jar
2025-04-22 14:57:52,144 [Worker-42: Launching mavenrun-fd8db98e-ca34-46c4-bf7c-1753194ecc66] INFO  o.eclipse.m2e.core.internal.Bundles - 	Entry: C:\Users\Sarada prasanna\.p2\pool\plugins\org.eclipse.m2e.maven.runtime_3.9.700.20240602-2313\jars\maven-resolver-api-1.9.20.jar
2025-04-22 14:57:52,144 [Worker-42: Launching mavenrun-fd8db98e-ca34-46c4-bf7c-1753194ecc66] INFO  o.eclipse.m2e.core.internal.Bundles - 	Entry: C:\Users\Sarada prasanna\.p2\pool\plugins\org.eclipse.m2e.maven.runtime_3.9.700.20240602-2313\jars\maven-resolver-connector-basic-1.9.20.jar
2025-04-22 14:57:52,145 [Worker-42: Launching mavenrun-fd8db98e-ca34-46c4-bf7c-1753194ecc66] INFO  o.eclipse.m2e.core.internal.Bundles - 	Entry: C:\Users\Sarada prasanna\.p2\pool\plugins\org.eclipse.m2e.maven.runtime_3.9.700.20240602-2313\jars\maven-resolver-impl-1.9.20.jar
2025-04-22 14:57:52,145 [Worker-42: Launching mavenrun-fd8db98e-ca34-46c4-bf7c-1753194ecc66] INFO  o.eclipse.m2e.core.internal.Bundles - 	Entry: C:\Users\Sarada prasanna\.p2\pool\plugins\org.eclipse.m2e.maven.runtime_3.9.700.20240602-2313\jars\maven-resolver-named-locks-1.9.20.jar
2025-04-22 14:57:52,145 [Worker-42: Launching mavenrun-fd8db98e-ca34-46c4-bf7c-1753194ecc66] INFO  o.eclipse.m2e.core.internal.Bundles - 	Entry: C:\Users\Sarada prasanna\.p2\pool\plugins\org.eclipse.m2e.maven.runtime_3.9.700.20240602-2313\jars\maven-resolver-provider-3.9.7.jar
2025-04-22 14:57:52,145 [Worker-42: Launching mavenrun-fd8db98e-ca34-46c4-bf7c-1753194ecc66] INFO  o.eclipse.m2e.core.internal.Bundles - 	Entry: C:\Users\Sarada prasanna\.p2\pool\plugins\org.eclipse.m2e.maven.runtime_3.9.700.20240602-2313\jars\maven-resolver-spi-1.9.20.jar
2025-04-22 14:57:52,145 [Worker-42: Launching mavenrun-fd8db98e-ca34-46c4-bf7c-1753194ecc66] INFO  o.eclipse.m2e.core.internal.Bundles - 	Entry: C:\Users\Sarada prasanna\.p2\pool\plugins\org.eclipse.m2e.maven.runtime_3.9.700.20240602-2313\jars\maven-resolver-transport-file-1.9.20.jar
2025-04-22 14:57:52,146 [Worker-42: Launching mavenrun-fd8db98e-ca34-46c4-bf7c-1753194ecc66] INFO  o.eclipse.m2e.core.internal.Bundles - 	Entry: C:\Users\Sarada prasanna\.p2\pool\plugins\org.eclipse.m2e.maven.runtime_3.9.700.20240602-2313\jars\maven-resolver-transport-http-1.9.20.jar
2025-04-22 14:57:52,146 [Worker-42: Launching mavenrun-fd8db98e-ca34-46c4-bf7c-1753194ecc66] INFO  o.eclipse.m2e.core.internal.Bundles - 	Entry: C:\Users\Sarada prasanna\.p2\pool\plugins\org.eclipse.m2e.maven.runtime_3.9.700.20240602-2313\jars\maven-resolver-transport-wagon-1.9.20.jar
2025-04-22 14:57:52,146 [Worker-42: Launching mavenrun-fd8db98e-ca34-46c4-bf7c-1753194ecc66] INFO  o.eclipse.m2e.core.internal.Bundles - 	Entry: C:\Users\Sarada prasanna\.p2\pool\plugins\org.eclipse.m2e.maven.runtime_3.9.700.20240602-2313\jars\maven-resolver-util-1.9.20.jar
2025-04-22 14:57:52,147 [Worker-42: Launching mavenrun-fd8db98e-ca34-46c4-bf7c-1753194ecc66] INFO  o.eclipse.m2e.core.internal.Bundles - 	Entry: C:\Users\Sarada prasanna\.p2\pool\plugins\org.eclipse.m2e.maven.runtime_3.9.700.20240602-2313\jars\maven-settings-3.9.7.jar
2025-04-22 14:57:52,147 [Worker-42: Launching mavenrun-fd8db98e-ca34-46c4-bf7c-1753194ecc66] INFO  o.eclipse.m2e.core.internal.Bundles - 	Entry: C:\Users\Sarada prasanna\.p2\pool\plugins\org.eclipse.m2e.maven.runtime_3.9.700.20240602-2313\jars\maven-settings-builder-3.9.7.jar
2025-04-22 14:57:52,147 [Worker-42: Launching mavenrun-fd8db98e-ca34-46c4-bf7c-1753194ecc66] INFO  o.eclipse.m2e.core.internal.Bundles - 	Entry: C:\Users\Sarada prasanna\.p2\pool\plugins\org.eclipse.m2e.maven.runtime_3.9.700.20240602-2313\jars\maven-shared-utils-3.4.2.jar
2025-04-22 14:57:52,147 [Worker-42: Launching mavenrun-fd8db98e-ca34-46c4-bf7c-1753194ecc66] INFO  o.eclipse.m2e.core.internal.Bundles - 	Entry: C:\Users\Sarada prasanna\.p2\pool\plugins\org.eclipse.m2e.maven.runtime_3.9.700.20240602-2313\jars\org.eclipse.sisu.inject-0.9.0.M2.jar
2025-04-22 14:57:52,148 [Worker-42: Launching mavenrun-fd8db98e-ca34-46c4-bf7c-1753194ecc66] INFO  o.eclipse.m2e.core.internal.Bundles - 	Entry: C:\Users\Sarada prasanna\.p2\pool\plugins\org.eclipse.m2e.maven.runtime_3.9.700.20240602-2313\jars\org.eclipse.sisu.plexus-0.9.0.M2.jar
2025-04-22 14:57:52,148 [Worker-42: Launching mavenrun-fd8db98e-ca34-46c4-bf7c-1753194ecc66] INFO  o.eclipse.m2e.core.internal.Bundles - 	Entry: C:\Users\Sarada prasanna\.p2\pool\plugins\org.eclipse.m2e.maven.runtime_3.9.700.20240602-2313\jars\plexus-build-api-0.0.7.jar
2025-04-22 14:57:52,148 [Worker-42: Launching mavenrun-fd8db98e-ca34-46c4-bf7c-1753194ecc66] INFO  o.eclipse.m2e.core.internal.Bundles - 	Entry: C:\Users\Sarada prasanna\.p2\pool\plugins\org.eclipse.m2e.maven.runtime_3.9.700.20240602-2313\jars\plexus-build-api-1.2.0.jar
2025-04-22 14:57:52,148 [Worker-42: Launching mavenrun-fd8db98e-ca34-46c4-bf7c-1753194ecc66] INFO  o.eclipse.m2e.core.internal.Bundles - 	Entry: C:\Users\Sarada prasanna\.p2\pool\plugins\org.eclipse.m2e.maven.runtime_3.9.700.20240602-2313\jars\plexus-cipher-2.0.jar
2025-04-22 14:57:52,149 [Worker-42: Launching mavenrun-fd8db98e-ca34-46c4-bf7c-1753194ecc66] INFO  o.eclipse.m2e.core.internal.Bundles - 	Entry: C:\Users\Sarada prasanna\.p2\pool\plugins\org.eclipse.m2e.maven.runtime_3.9.700.20240602-2313\jars\plexus-classworlds-2.8.0.jar
2025-04-22 14:57:52,149 [Worker-42: Launching mavenrun-fd8db98e-ca34-46c4-bf7c-1753194ecc66] INFO  o.eclipse.m2e.core.internal.Bundles - 	Entry: C:\Users\Sarada prasanna\.p2\pool\plugins\org.eclipse.m2e.maven.runtime_3.9.700.20240602-2313\jars\plexus-component-annotations-2.1.0.jar
2025-04-22 14:57:52,149 [Worker-42: Launching mavenrun-fd8db98e-ca34-46c4-bf7c-1753194ecc66] INFO  o.eclipse.m2e.core.internal.Bundles - 	Entry: C:\Users\Sarada prasanna\.p2\pool\plugins\org.eclipse.m2e.maven.runtime_3.9.700.20240602-2313\jars\plexus-interpolation-1.27.jar
2025-04-22 14:57:52,149 [Worker-42: Launching mavenrun-fd8db98e-ca34-46c4-bf7c-1753194ecc66] INFO  o.eclipse.m2e.core.internal.Bundles - 	Entry: C:\Users\Sarada prasanna\.p2\pool\plugins\org.eclipse.m2e.maven.runtime_3.9.700.20240602-2313\jars\plexus-sec-dispatcher-2.0.jar
2025-04-22 14:57:52,149 [Worker-42: Launching mavenrun-fd8db98e-ca34-46c4-bf7c-1753194ecc66] INFO  o.eclipse.m2e.core.internal.Bundles - 	Entry: C:\Users\Sarada prasanna\.p2\pool\plugins\org.eclipse.m2e.maven.runtime_3.9.700.20240602-2313\jars\plexus-utils-3.5.1.jar
2025-04-22 14:57:52,151 [Worker-42: Launching mavenrun-fd8db98e-ca34-46c4-bf7c-1753194ecc66] INFO  o.eclipse.m2e.core.internal.Bundles - 	Entry: C:\Users\Sarada prasanna\.p2\pool\plugins\org.eclipse.m2e.maven.runtime_3.9.700.20240602-2313\jars\wagon-file-3.5.3.jar
2025-04-22 14:57:52,151 [Worker-42: Launching mavenrun-fd8db98e-ca34-46c4-bf7c-1753194ecc66] INFO  o.eclipse.m2e.core.internal.Bundles - 	Entry: C:\Users\Sarada prasanna\.p2\pool\plugins\org.eclipse.m2e.maven.runtime_3.9.700.20240602-2313\jars\wagon-http-3.5.3.jar
2025-04-22 14:57:52,151 [Worker-42: Launching mavenrun-fd8db98e-ca34-46c4-bf7c-1753194ecc66] INFO  o.eclipse.m2e.core.internal.Bundles - 	Entry: C:\Users\Sarada prasanna\.p2\pool\plugins\org.eclipse.m2e.maven.runtime_3.9.700.20240602-2313\jars\wagon-http-shared-3.5.3.jar
2025-04-22 14:57:52,151 [Worker-42: Launching mavenrun-fd8db98e-ca34-46c4-bf7c-1753194ecc66] INFO  o.eclipse.m2e.core.internal.Bundles - 	Entry: C:\Users\Sarada prasanna\.p2\pool\plugins\org.eclipse.m2e.maven.runtime_3.9.700.20240602-2313\jars\wagon-provider-api-3.5.3.jar
2025-04-22 14:57:52,153 [Worker-42: Launching mavenrun-fd8db98e-ca34-46c4-bf7c-1753194ecc66] INFO  o.eclipse.m2e.core.internal.Bundles - getClasspathEntries(Bundle=com.google.guava_33.4.0.jre [1073])
2025-04-22 14:57:52,154 [Worker-42: Launching mavenrun-fd8db98e-ca34-46c4-bf7c-1753194ecc66] INFO  o.eclipse.m2e.core.internal.Bundles - 	Entry: C:\Users\Sarada prasanna\.p2\pool\plugins\com.google.guava_33.4.0.jre.jar
2025-04-22 14:57:52,154 [Worker-42: Launching mavenrun-fd8db98e-ca34-46c4-bf7c-1753194ecc66] INFO  o.eclipse.m2e.core.internal.Bundles - getClasspathEntries(Bundle=slf4j.api_2.0.17 [1144])
2025-04-22 14:57:52,155 [Worker-42: Launching mavenrun-fd8db98e-ca34-46c4-bf7c-1753194ecc66] INFO  o.eclipse.m2e.core.internal.Bundles - 	Entry: C:\Users\Sarada prasanna\.p2\pool\plugins\slf4j.api_2.0.17.jar
2025-04-22 14:57:52,155 [Worker-42: Launching mavenrun-fd8db98e-ca34-46c4-bf7c-1753194ecc66] INFO  o.eclipse.m2e.core.internal.Bundles - getClasspathEntries(Bundle=jakarta.inject.jakarta.inject-api_1.0.5 [33])
2025-04-22 14:57:52,156 [Worker-42: Launching mavenrun-fd8db98e-ca34-46c4-bf7c-1753194ecc66] INFO  o.eclipse.m2e.core.internal.Bundles - 	Entry: C:\Users\Sarada prasanna\.p2\pool\plugins\jakarta.inject.jakarta.inject-api_1.0.5.jar
2025-04-22 14:57:52,156 [Worker-42: Launching mavenrun-fd8db98e-ca34-46c4-bf7c-1753194ecc66] INFO  o.eclipse.m2e.core.internal.Bundles - getClasspathEntries(Bundle=javax.annotation_1.3.5.v20200909-1856 [44])
2025-04-22 14:57:52,156 [Worker-42: Launching mavenrun-fd8db98e-ca34-46c4-bf7c-1753194ecc66] INFO  o.eclipse.m2e.core.internal.Bundles - 	Entry: C:\Users\Sarada prasanna\.p2\pool\plugins\javax.annotation_1.3.5.v20200909-1856.jar
2025-04-22 14:57:52,156 [Worker-42: Launching mavenrun-fd8db98e-ca34-46c4-bf7c-1753194ecc66] INFO  o.eclipse.m2e.core.internal.Bundles - getClasspathEntries(Bundle=org.apache.commons.cli_1.8.0 [78])
2025-04-22 14:57:52,156 [Worker-42: Launching mavenrun-fd8db98e-ca34-46c4-bf7c-1753194ecc66] INFO  o.eclipse.m2e.core.internal.Bundles - 	Entry: C:\Users\Sarada prasanna\.p2\pool\plugins\org.apache.commons.cli_1.8.0.jar
2025-04-22 14:57:52,156 [Worker-42: Launching mavenrun-fd8db98e-ca34-46c4-bf7c-1753194ecc66] INFO  o.eclipse.m2e.core.internal.Bundles - getClasspathEntries(Bundle=org.apache.commons.commons-codec_1.16.0 [81])
2025-04-22 14:57:52,157 [Worker-42: Launching mavenrun-fd8db98e-ca34-46c4-bf7c-1753194ecc66] INFO  o.eclipse.m2e.core.internal.Bundles - 	Entry: C:\Users\Sarada prasanna\.p2\pool\plugins\org.apache.commons.commons-codec_1.16.0.jar
2025-04-22 14:57:52,157 [Worker-42: Launching mavenrun-fd8db98e-ca34-46c4-bf7c-1753194ecc66] INFO  o.eclipse.m2e.core.internal.Bundles - getClasspathEntries(Bundle=org.apache.commons.lang3_3.17.0 [1086])
2025-04-22 14:57:52,157 [Worker-42: Launching mavenrun-fd8db98e-ca34-46c4-bf7c-1753194ecc66] INFO  o.eclipse.m2e.core.internal.Bundles - 	Entry: C:\Users\Sarada prasanna\.p2\pool\plugins\org.apache.commons.lang3_3.17.0.jar
2025-04-22 14:57:52,157 [Worker-42: Launching mavenrun-fd8db98e-ca34-46c4-bf7c-1753194ecc66] INFO  o.eclipse.m2e.core.internal.Bundles - getClasspathEntries(Bundle=com.google.guava.failureaccess_1.0.2 [17])
2025-04-22 14:57:52,158 [Worker-42: Launching mavenrun-fd8db98e-ca34-46c4-bf7c-1753194ecc66] INFO  o.eclipse.m2e.core.internal.Bundles - 	Entry: C:\Users\Sarada prasanna\.p2\pool\plugins\com.google.guava.failureaccess_1.0.2.jar
2025-04-22 14:57:52,163 [Worker-42: Launching mavenrun-fd8db98e-ca34-46c4-bf7c-1753194ecc66] INFO  o.e.m.i.launch.MavenLaunchDelegate - Run build in "C:\Users\SARADA~1\AppData\Local\Temp\m2e-archetypeGenerator3422080907193549324":
2025-04-22 14:57:52,164 [Worker-42: Launching mavenrun-fd8db98e-ca34-46c4-bf7c-1753194ecc66] INFO  o.e.m.i.launch.MavenLaunchDelegate -  mvn  -DarchetypeGroupId=org.apache.maven.archetypes -DarchetypeArtifactId=maven-archetype-quickstart -DarchetypeVersion=1.1 -DgroupId=com.otp.sender -DartifactId=File_Encrypter -Dversion=0.0.1-SNAPSHOT -Dpackage=com.otp.sender -DoutputDirectory=D:\JDBC -Dstyle.color=always -U archetype:generate
2025-04-22 15:00:49,292 [Worker-35: Creating maven-archetype-quickstart] INFO  o.e.m.c.i.p.ProjectConfigurationManager - Collecting project info '/pom.xml' D:\JDBC\File_Encrypter\pom.xml
2025-04-22 15:00:50,556 [Worker-35: Creating maven-archetype-quickstart] INFO  o.e.m.c.i.l.LifecycleMappingFactory - Using org.eclipse.m2e.jdt.JarLifecycleMapping lifecycle mapping for MavenProject: com.otp.sender:File_Encrypter:0.0.1-SNAPSHOT @ D:\JDBC\File_Encrypter\pom.xml.
2025-04-22 15:00:50,952 [Worker-35: Creating maven-archetype-quickstart] INFO  o.e.m.j.i.AbstractJavaProjectConfigurator - Adding source folder /File_Encrypter/src/main/java
2025-04-22 15:00:50,955 [Worker-35: Creating maven-archetype-quickstart] INFO  o.e.m.j.i.AbstractJavaProjectConfigurator - Adding resource folder /File_Encrypter/src/main/resources
2025-04-22 15:00:50,964 [Worker-35: Creating maven-archetype-quickstart] INFO  o.e.m.j.i.AbstractJavaProjectConfigurator - Adding source folder /File_Encrypter/src/test/java
2025-04-22 15:00:50,965 [Worker-35: Creating maven-archetype-quickstart] INFO  o.e.m.j.i.AbstractJavaProjectConfigurator - Adding resource folder /File_Encrypter/src/test/resources
2025-04-22 15:00:51,070 [Worker-35: Creating maven-archetype-quickstart] INFO  o.e.m.c.i.p.ProjectConfigurationManager - Imported and configured 1 project(s) in 1 sec
2025-04-22 15:00:51,292 [Worker-42: Building] INFO  o.a.m.s.f.DefaultMavenResourcesFiltering - skip non existing resourceDirectory D:\JDBC\File_Encrypter\src\main\resources
2025-04-22 15:00:51,295 [Worker-42: Building] INFO  o.a.m.s.f.DefaultMavenResourcesFiltering - skip non existing resourceDirectory D:\JDBC\File_Encrypter\src\test\resources
2025-04-22 15:04:49,652 [Worker-49: Building] INFO  o.e.m.c.i.l.LifecycleMappingFactory - Using org.eclipse.m2e.jdt.JarLifecycleMapping lifecycle mapping for MavenProject: com.otp.sender:File_Encrypter:0.0.1-SNAPSHOT @ D:\JDBC\File_Encrypter\pom.xml.
2025-04-22 15:04:49,845 [Worker-49: Building] INFO  o.a.m.s.f.DefaultMavenResourcesFiltering - skip non existing resourceDirectory D:\JDBC\File_Encrypter\src\main\resources
2025-04-22 15:04:49,847 [Worker-49: Building] INFO  o.a.m.s.f.DefaultMavenResourcesFiltering - skip non existing resourceDirectory D:\JDBC\File_Encrypter\src\test\resources
2025-04-22 15:04:51,042 [Worker-46: Building] INFO  o.a.m.s.f.DefaultMavenResourcesFiltering - skip non existing resourceDirectory D:\JDBC\File_Encrypter\src\main\resources
2025-04-22 15:04:51,045 [Worker-46: Building] INFO  o.a.m.s.f.DefaultMavenResourcesFiltering - skip non existing resourceDirectory D:\JDBC\File_Encrypter\src\test\resources
2025-04-22 15:04:53,365 [Worker-53: Building] INFO  o.e.m.c.i.l.LifecycleMappingFactory - Using org.eclipse.m2e.jdt.JarLifecycleMapping lifecycle mapping for MavenProject: com.otp.sender:File_Encrypter:0.0.1-SNAPSHOT @ D:\JDBC\File_Encrypter\pom.xml.
2025-04-22 15:04:53,435 [Worker-53: Building] INFO  o.a.m.s.f.DefaultMavenResourcesFiltering - skip non existing resourceDirectory D:\JDBC\File_Encrypter\src\main\resources
2025-04-22 15:04:53,437 [Worker-53: Building] INFO  o.a.m.s.f.DefaultMavenResourcesFiltering - skip non existing resourceDirectory D:\JDBC\File_Encrypter\src\test\resources
2025-04-22 15:05:09,320 [Worker-46: Building] INFO  o.a.m.s.f.DefaultMavenResourcesFiltering - skip non existing resourceDirectory D:\JDBC\File_Encrypter\src\main\resources
2025-04-22 15:05:09,322 [Worker-46: Building] INFO  o.a.m.s.f.DefaultMavenResourcesFiltering - skip non existing resourceDirectory D:\JDBC\File_Encrypter\src\test\resources
2025-04-22 15:05:18,578 [Worker-49: Building] INFO  o.a.m.s.f.DefaultMavenResourcesFiltering - skip non existing resourceDirectory D:\JDBC\File_Encrypter\src\main\resources
2025-04-22 15:05:18,582 [Worker-49: Building] INFO  o.a.m.s.f.DefaultMavenResourcesFiltering - skip non existing resourceDirectory D:\JDBC\File_Encrypter\src\test\resources
2025-04-22 15:05:30,221 [Worker-52: Building] INFO  o.a.m.s.f.DefaultMavenResourcesFiltering - skip non existing resourceDirectory D:\JDBC\File_Encrypter\src\main\resources
2025-04-22 15:05:30,227 [Worker-52: Building] INFO  o.a.m.s.f.DefaultMavenResourcesFiltering - skip non existing resourceDirectory D:\JDBC\File_Encrypter\src\test\resources
2025-04-22 15:05:42,226 [Worker-46: Building] INFO  o.a.m.s.f.DefaultMavenResourcesFiltering - skip non existing resourceDirectory D:\JDBC\File_Encrypter\src\main\resources
2025-04-22 15:05:42,229 [Worker-46: Building] INFO  o.a.m.s.f.DefaultMavenResourcesFiltering - skip non existing resourceDirectory D:\JDBC\File_Encrypter\src\test\resources
2025-04-22 15:07:04,010 [Worker-52: Building] INFO  o.a.m.s.f.DefaultMavenResourcesFiltering - skip non existing resourceDirectory D:\JDBC\File_Encrypter\src\main\resources
2025-04-22 15:07:04,014 [Worker-52: Building] INFO  o.a.m.s.f.DefaultMavenResourcesFiltering - skip non existing resourceDirectory D:\JDBC\File_Encrypter\src\test\resources
2025-04-22 15:07:08,150 [Worker-46: Building] INFO  o.a.m.s.f.DefaultMavenResourcesFiltering - skip non existing resourceDirectory D:\JDBC\File_Encrypter\src\main\resources
2025-04-22 15:07:08,153 [Worker-46: Building] INFO  o.a.m.s.f.DefaultMavenResourcesFiltering - skip non existing resourceDirectory D:\JDBC\File_Encrypter\src\test\resources
2025-04-22 15:07:50,376 [Worker-49: Building] INFO  o.a.m.s.f.DefaultMavenResourcesFiltering - skip non existing resourceDirectory D:\JDBC\File_Encrypter\src\main\resources
2025-04-22 15:07:50,379 [Worker-49: Building] INFO  o.a.m.s.f.DefaultMavenResourcesFiltering - skip non existing resourceDirectory D:\JDBC\File_Encrypter\src\test\resources
2025-04-22 15:08:01,026 [Worker-51: Building] INFO  o.a.m.s.f.DefaultMavenResourcesFiltering - skip non existing resourceDirectory D:\JDBC\File_Encrypter\src\main\resources
2025-04-22 15:08:01,029 [Worker-51: Building] INFO  o.a.m.s.f.DefaultMavenResourcesFiltering - skip non existing resourceDirectory D:\JDBC\File_Encrypter\src\test\resources
2025-04-22 15:08:07,822 [Worker-49: Building] INFO  o.a.m.s.f.DefaultMavenResourcesFiltering - skip non existing resourceDirectory D:\JDBC\File_Encrypter\src\main\resources
2025-04-22 15:08:07,825 [Worker-49: Building] INFO  o.a.m.s.f.DefaultMavenResourcesFiltering - skip non existing resourceDirectory D:\JDBC\File_Encrypter\src\test\resources
2025-04-22 15:08:19,791 [Worker-53: Building] INFO  o.a.m.s.f.DefaultMavenResourcesFiltering - skip non existing resourceDirectory D:\JDBC\File_Encrypter\src\main\resources
2025-04-22 15:08:19,793 [Worker-53: Building] INFO  o.a.m.s.f.DefaultMavenResourcesFiltering - skip non existing resourceDirectory D:\JDBC\File_Encrypter\src\test\resources
2025-04-22 15:08:27,079 [Worker-46: Building] INFO  o.a.m.s.f.DefaultMavenResourcesFiltering - skip non existing resourceDirectory D:\JDBC\File_Encrypter\src\main\resources
2025-04-22 15:08:27,081 [Worker-46: Building] INFO  o.a.m.s.f.DefaultMavenResourcesFiltering - skip non existing resourceDirectory D:\JDBC\File_Encrypter\src\test\resources
2025-04-22 15:08:33,405 [Worker-50: Building] INFO  o.a.m.s.f.DefaultMavenResourcesFiltering - skip non existing resourceDirectory D:\JDBC\File_Encrypter\src\main\resources
2025-04-22 15:08:33,408 [Worker-50: Building] INFO  o.a.m.s.f.DefaultMavenResourcesFiltering - skip non existing resourceDirectory D:\JDBC\File_Encrypter\src\test\resources
2025-04-22 15:08:34,804 [Worker-52: Building] INFO  o.a.m.s.f.DefaultMavenResourcesFiltering - skip non existing resourceDirectory D:\JDBC\File_Encrypter\src\main\resources
2025-04-22 15:08:34,807 [Worker-52: Building] INFO  o.a.m.s.f.DefaultMavenResourcesFiltering - skip non existing resourceDirectory D:\JDBC\File_Encrypter\src\test\resources
2025-04-22 15:08:36,900 [Worker-50: Building] INFO  o.a.m.s.f.DefaultMavenResourcesFiltering - skip non existing resourceDirectory D:\JDBC\File_Encrypter\src\main\resources
2025-04-22 15:08:36,903 [Worker-50: Building] INFO  o.a.m.s.f.DefaultMavenResourcesFiltering - skip non existing resourceDirectory D:\JDBC\File_Encrypter\src\test\resources
2025-04-22 15:08:39,352 [Worker-51: Building] INFO  o.a.m.s.f.DefaultMavenResourcesFiltering - skip non existing resourceDirectory D:\JDBC\File_Encrypter\src\main\resources
2025-04-22 15:08:39,355 [Worker-51: Building] INFO  o.a.m.s.f.DefaultMavenResourcesFiltering - skip non existing resourceDirectory D:\JDBC\File_Encrypter\src\test\resources
2025-04-22 15:08:48,593 [Worker-51: Building] INFO  o.a.m.s.f.DefaultMavenResourcesFiltering - skip non existing resourceDirectory D:\JDBC\File_Encrypter\src\main\resources
2025-04-22 15:08:48,596 [Worker-51: Building] INFO  o.a.m.s.f.DefaultMavenResourcesFiltering - skip non existing resourceDirectory D:\JDBC\File_Encrypter\src\test\resources
2025-04-22 15:08:53,549 [Worker-50: Building] INFO  o.a.m.s.f.DefaultMavenResourcesFiltering - skip non existing resourceDirectory D:\JDBC\File_Encrypter\src\main\resources
2025-04-22 15:08:53,551 [Worker-50: Building] INFO  o.a.m.s.f.DefaultMavenResourcesFiltering - skip non existing resourceDirectory D:\JDBC\File_Encrypter\src\test\resources
2025-04-22 15:08:59,902 [Worker-53: Building] INFO  o.a.m.s.f.DefaultMavenResourcesFiltering - skip non existing resourceDirectory D:\JDBC\File_Encrypter\src\main\resources
2025-04-22 15:08:59,905 [Worker-53: Building] INFO  o.a.m.s.f.DefaultMavenResourcesFiltering - skip non existing resourceDirectory D:\JDBC\File_Encrypter\src\test\resources
2025-04-22 15:09:04,291 [Worker-46: Building] INFO  o.a.m.s.f.DefaultMavenResourcesFiltering - skip non existing resourceDirectory D:\JDBC\File_Encrypter\src\main\resources
2025-04-22 15:09:04,294 [Worker-46: Building] INFO  o.a.m.s.f.DefaultMavenResourcesFiltering - skip non existing resourceDirectory D:\JDBC\File_Encrypter\src\test\resources
2025-04-22 15:09:25,324 [Worker-53: Building] INFO  o.a.m.s.f.DefaultMavenResourcesFiltering - skip non existing resourceDirectory D:\JDBC\File_Encrypter\src\main\resources
2025-04-22 15:09:25,326 [Worker-53: Building] INFO  o.a.m.s.f.DefaultMavenResourcesFiltering - skip non existing resourceDirectory D:\JDBC\File_Encrypter\src\test\resources
2025-04-22 15:09:58,440 [Worker-52: Building] INFO  o.a.m.s.f.DefaultMavenResourcesFiltering - skip non existing resourceDirectory D:\JDBC\File_Encrypter\src\main\resources
2025-04-22 15:09:58,443 [Worker-52: Building] INFO  o.a.m.s.f.DefaultMavenResourcesFiltering - skip non existing resourceDirectory D:\JDBC\File_Encrypter\src\test\resources
2025-04-22 15:10:02,439 [Worker-52: Building] INFO  o.a.m.s.f.DefaultMavenResourcesFiltering - skip non existing resourceDirectory D:\JDBC\File_Encrypter\src\main\resources
2025-04-22 15:10:02,440 [Worker-52: Building] INFO  o.a.m.s.f.DefaultMavenResourcesFiltering - skip non existing resourceDirectory D:\JDBC\File_Encrypter\src\test\resources
2025-04-22 15:10:04,498 [Worker-50: Building] INFO  o.a.m.s.f.DefaultMavenResourcesFiltering - skip non existing resourceDirectory D:\JDBC\File_Encrypter\src\main\resources
2025-04-22 15:10:04,500 [Worker-50: Building] INFO  o.a.m.s.f.DefaultMavenResourcesFiltering - skip non existing resourceDirectory D:\JDBC\File_Encrypter\src\test\resources
2025-04-22 15:10:06,565 [Worker-49: Building] INFO  o.a.m.s.f.DefaultMavenResourcesFiltering - skip non existing resourceDirectory D:\JDBC\File_Encrypter\src\main\resources
2025-04-22 15:10:06,569 [Worker-49: Building] INFO  o.a.m.s.f.DefaultMavenResourcesFiltering - skip non existing resourceDirectory D:\JDBC\File_Encrypter\src\test\resources
2025-04-22 15:10:09,756 [Worker-52: Building] INFO  o.a.m.s.f.DefaultMavenResourcesFiltering - skip non existing resourceDirectory D:\JDBC\File_Encrypter\src\main\resources
2025-04-22 15:10:09,757 [Worker-52: Building] INFO  o.a.m.s.f.DefaultMavenResourcesFiltering - skip non existing resourceDirectory D:\JDBC\File_Encrypter\src\test\resources
2025-04-22 15:10:11,774 [Worker-46: Building] INFO  o.a.m.s.f.DefaultMavenResourcesFiltering - skip non existing resourceDirectory D:\JDBC\File_Encrypter\src\main\resources
2025-04-22 15:10:11,777 [Worker-46: Building] INFO  o.a.m.s.f.DefaultMavenResourcesFiltering - skip non existing resourceDirectory D:\JDBC\File_Encrypter\src\test\resources
2025-04-22 15:10:19,651 [Worker-46: Building] INFO  o.a.m.s.f.DefaultMavenResourcesFiltering - skip non existing resourceDirectory D:\JDBC\File_Encrypter\src\main\resources
2025-04-22 15:10:19,654 [Worker-46: Building] INFO  o.a.m.s.f.DefaultMavenResourcesFiltering - skip non existing resourceDirectory D:\JDBC\File_Encrypter\src\test\resources
2025-04-22 15:10:44,430 [Worker-49: Building] INFO  o.a.m.s.f.DefaultMavenResourcesFiltering - skip non existing resourceDirectory D:\JDBC\File_Encrypter\src\main\resources
2025-04-22 15:10:44,433 [Worker-49: Building] INFO  o.a.m.s.f.DefaultMavenResourcesFiltering - skip non existing resourceDirectory D:\JDBC\File_Encrypter\src\test\resources
2025-04-22 15:10:55,291 [Worker-46: Building] INFO  o.a.m.s.f.DefaultMavenResourcesFiltering - skip non existing resourceDirectory D:\JDBC\File_Encrypter\src\main\resources
2025-04-22 15:10:55,293 [Worker-46: Building] INFO  o.a.m.s.f.DefaultMavenResourcesFiltering - skip non existing resourceDirectory D:\JDBC\File_Encrypter\src\test\resources
2025-04-22 15:10:59,103 [Worker-51: Building] INFO  o.a.m.s.f.DefaultMavenResourcesFiltering - skip non existing resourceDirectory D:\JDBC\File_Encrypter\src\main\resources
2025-04-22 15:10:59,107 [Worker-51: Building] INFO  o.a.m.s.f.DefaultMavenResourcesFiltering - skip non existing resourceDirectory D:\JDBC\File_Encrypter\src\test\resources
2025-04-22 15:11:03,696 [Worker-49: Building] INFO  o.a.m.s.f.DefaultMavenResourcesFiltering - skip non existing resourceDirectory D:\JDBC\File_Encrypter\src\main\resources
2025-04-22 15:11:03,698 [Worker-49: Building] INFO  o.a.m.s.f.DefaultMavenResourcesFiltering - skip non existing resourceDirectory D:\JDBC\File_Encrypter\src\test\resources
2025-04-22 15:11:06,661 [Worker-49: Building] INFO  o.a.m.s.f.DefaultMavenResourcesFiltering - skip non existing resourceDirectory D:\JDBC\File_Encrypter\src\main\resources
2025-04-22 15:11:06,663 [Worker-49: Building] INFO  o.a.m.s.f.DefaultMavenResourcesFiltering - skip non existing resourceDirectory D:\JDBC\File_Encrypter\src\test\resources
2025-04-22 15:11:11,393 [Worker-46: Building] INFO  o.a.m.s.f.DefaultMavenResourcesFiltering - skip non existing resourceDirectory D:\JDBC\File_Encrypter\src\main\resources
2025-04-22 15:11:11,396 [Worker-46: Building] INFO  o.a.m.s.f.DefaultMavenResourcesFiltering - skip non existing resourceDirectory D:\JDBC\File_Encrypter\src\test\resources
2025-04-22 15:11:15,662 [Worker-51: Building] INFO  o.a.m.s.f.DefaultMavenResourcesFiltering - skip non existing resourceDirectory D:\JDBC\File_Encrypter\src\main\resources
2025-04-22 15:11:15,664 [Worker-51: Building] INFO  o.a.m.s.f.DefaultMavenResourcesFiltering - skip non existing resourceDirectory D:\JDBC\File_Encrypter\src\test\resources
2025-04-22 15:11:20,514 [Worker-49: Building] INFO  o.a.m.s.f.DefaultMavenResourcesFiltering - skip non existing resourceDirectory D:\JDBC\File_Encrypter\src\main\resources
2025-04-22 15:11:20,517 [Worker-49: Building] INFO  o.a.m.s.f.DefaultMavenResourcesFiltering - skip non existing resourceDirectory D:\JDBC\File_Encrypter\src\test\resources
2025-04-22 15:11:25,233 [Worker-51: Building] INFO  o.a.m.s.f.DefaultMavenResourcesFiltering - skip non existing resourceDirectory D:\JDBC\File_Encrypter\src\main\resources
2025-04-22 15:11:25,235 [Worker-51: Building] INFO  o.a.m.s.f.DefaultMavenResourcesFiltering - skip non existing resourceDirectory D:\JDBC\File_Encrypter\src\test\resources
2025-04-22 15:11:37,412 [Worker-46: Building] INFO  o.a.m.s.f.DefaultMavenResourcesFiltering - skip non existing resourceDirectory D:\JDBC\File_Encrypter\src\main\resources
2025-04-22 15:11:37,414 [Worker-46: Building] INFO  o.a.m.s.f.DefaultMavenResourcesFiltering - skip non existing resourceDirectory D:\JDBC\File_Encrypter\src\test\resources
2025-04-22 15:11:42,242 [Worker-46: Building] INFO  o.a.m.s.f.DefaultMavenResourcesFiltering - skip non existing resourceDirectory D:\JDBC\File_Encrypter\src\main\resources
2025-04-22 15:11:42,243 [Worker-46: Building] INFO  o.a.m.s.f.DefaultMavenResourcesFiltering - skip non existing resourceDirectory D:\JDBC\File_Encrypter\src\test\resources
2025-04-22 15:11:55,227 [Worker-52: Building] INFO  o.a.m.s.f.DefaultMavenResourcesFiltering - skip non existing resourceDirectory D:\JDBC\File_Encrypter\src\main\resources
2025-04-22 15:11:55,230 [Worker-52: Building] INFO  o.a.m.s.f.DefaultMavenResourcesFiltering - skip non existing resourceDirectory D:\JDBC\File_Encrypter\src\test\resources
2025-04-22 15:11:57,196 [Worker-53: Building] INFO  o.a.m.s.f.DefaultMavenResourcesFiltering - skip non existing resourceDirectory D:\JDBC\File_Encrypter\src\main\resources
2025-04-22 15:11:57,198 [Worker-53: Building] INFO  o.a.m.s.f.DefaultMavenResourcesFiltering - skip non existing resourceDirectory D:\JDBC\File_Encrypter\src\test\resources
2025-04-22 15:12:01,626 [Worker-51: Building] INFO  o.a.m.s.f.DefaultMavenResourcesFiltering - skip non existing resourceDirectory D:\JDBC\File_Encrypter\src\main\resources
2025-04-22 15:12:01,627 [Worker-51: Building] INFO  o.a.m.s.f.DefaultMavenResourcesFiltering - skip non existing resourceDirectory D:\JDBC\File_Encrypter\src\test\resources
2025-04-22 15:12:03,522 [Worker-51: Building] INFO  o.a.m.s.f.DefaultMavenResourcesFiltering - skip non existing resourceDirectory D:\JDBC\File_Encrypter\src\main\resources
2025-04-22 15:12:03,523 [Worker-51: Building] INFO  o.a.m.s.f.DefaultMavenResourcesFiltering - skip non existing resourceDirectory D:\JDBC\File_Encrypter\src\test\resources
2025-04-22 15:12:09,219 [Worker-46: Building] INFO  o.a.m.s.f.DefaultMavenResourcesFiltering - skip non existing resourceDirectory D:\JDBC\File_Encrypter\src\main\resources
2025-04-22 15:12:09,221 [Worker-46: Building] INFO  o.a.m.s.f.DefaultMavenResourcesFiltering - skip non existing resourceDirectory D:\JDBC\File_Encrypter\src\test\resources
2025-04-22 15:12:13,933 [Worker-50: Building] INFO  o.a.m.s.f.DefaultMavenResourcesFiltering - skip non existing resourceDirectory D:\JDBC\File_Encrypter\src\main\resources
2025-04-22 15:12:13,936 [Worker-50: Building] INFO  o.a.m.s.f.DefaultMavenResourcesFiltering - skip non existing resourceDirectory D:\JDBC\File_Encrypter\src\test\resources
2025-04-22 15:12:16,214 [Worker-46: Building] INFO  o.a.m.s.f.DefaultMavenResourcesFiltering - skip non existing resourceDirectory D:\JDBC\File_Encrypter\src\main\resources
2025-04-22 15:12:16,217 [Worker-46: Building] INFO  o.a.m.s.f.DefaultMavenResourcesFiltering - skip non existing resourceDirectory D:\JDBC\File_Encrypter\src\test\resources
2025-04-22 15:12:26,153 [Worker-52: Building] INFO  o.a.m.s.f.DefaultMavenResourcesFiltering - skip non existing resourceDirectory D:\JDBC\File_Encrypter\src\main\resources
2025-04-22 15:12:26,155 [Worker-52: Building] INFO  o.a.m.s.f.DefaultMavenResourcesFiltering - skip non existing resourceDirectory D:\JDBC\File_Encrypter\src\test\resources
2025-04-22 15:12:33,808 [Worker-51: Building] INFO  o.a.m.s.f.DefaultMavenResourcesFiltering - skip non existing resourceDirectory D:\JDBC\File_Encrypter\src\main\resources
2025-04-22 15:12:33,809 [Worker-51: Building] INFO  o.a.m.s.f.DefaultMavenResourcesFiltering - skip non existing resourceDirectory D:\JDBC\File_Encrypter\src\test\resources
2025-04-22 15:13:47,479 [Worker-49: Building] INFO  o.a.m.s.f.DefaultMavenResourcesFiltering - skip non existing resourceDirectory D:\JDBC\File_Encrypter\src\main\resources
2025-04-22 15:13:47,481 [Worker-49: Building] INFO  o.a.m.s.f.DefaultMavenResourcesFiltering - skip non existing resourceDirectory D:\JDBC\File_Encrypter\src\test\resources
2025-04-22 15:13:53,786 [Worker-51: Building] INFO  o.a.m.s.f.DefaultMavenResourcesFiltering - skip non existing resourceDirectory D:\JDBC\File_Encrypter\src\main\resources
2025-04-22 15:13:53,787 [Worker-51: Building] INFO  o.a.m.s.f.DefaultMavenResourcesFiltering - skip non existing resourceDirectory D:\JDBC\File_Encrypter\src\test\resources
2025-04-22 15:14:04,508 [Worker-49: Building] INFO  o.a.m.s.f.DefaultMavenResourcesFiltering - skip non existing resourceDirectory D:\JDBC\File_Encrypter\src\main\resources
2025-04-22 15:14:04,510 [Worker-49: Building] INFO  o.a.m.s.f.DefaultMavenResourcesFiltering - skip non existing resourceDirectory D:\JDBC\File_Encrypter\src\test\resources
2025-04-22 15:14:06,564 [Worker-50: Building] INFO  o.a.m.s.f.DefaultMavenResourcesFiltering - skip non existing resourceDirectory D:\JDBC\File_Encrypter\src\main\resources
2025-04-22 15:14:06,567 [Worker-50: Building] INFO  o.a.m.s.f.DefaultMavenResourcesFiltering - skip non existing resourceDirectory D:\JDBC\File_Encrypter\src\test\resources
2025-04-22 15:14:08,254 [Worker-52: Building] INFO  o.a.m.s.f.DefaultMavenResourcesFiltering - skip non existing resourceDirectory D:\JDBC\File_Encrypter\src\main\resources
2025-04-22 15:14:08,256 [Worker-52: Building] INFO  o.a.m.s.f.DefaultMavenResourcesFiltering - skip non existing resourceDirectory D:\JDBC\File_Encrypter\src\test\resources
2025-04-22 15:14:13,070 [Worker-52: Building] INFO  o.a.m.s.f.DefaultMavenResourcesFiltering - skip non existing resourceDirectory D:\JDBC\File_Encrypter\src\main\resources
2025-04-22 15:14:13,072 [Worker-52: Building] INFO  o.a.m.s.f.DefaultMavenResourcesFiltering - skip non existing resourceDirectory D:\JDBC\File_Encrypter\src\test\resources
2025-04-22 15:14:19,525 [Worker-51: Building] INFO  o.a.m.s.f.DefaultMavenResourcesFiltering - skip non existing resourceDirectory D:\JDBC\File_Encrypter\src\main\resources
2025-04-22 15:14:19,527 [Worker-51: Building] INFO  o.a.m.s.f.DefaultMavenResourcesFiltering - skip non existing resourceDirectory D:\JDBC\File_Encrypter\src\test\resources
2025-04-22 15:14:24,365 [Worker-49: Building] INFO  o.a.m.s.f.DefaultMavenResourcesFiltering - skip non existing resourceDirectory D:\JDBC\File_Encrypter\src\main\resources
2025-04-22 15:14:24,367 [Worker-49: Building] INFO  o.a.m.s.f.DefaultMavenResourcesFiltering - skip non existing resourceDirectory D:\JDBC\File_Encrypter\src\test\resources
2025-04-22 15:14:30,307 [Worker-53: Building] INFO  o.a.m.s.f.DefaultMavenResourcesFiltering - skip non existing resourceDirectory D:\JDBC\File_Encrypter\src\main\resources
2025-04-22 15:14:30,309 [Worker-53: Building] INFO  o.a.m.s.f.DefaultMavenResourcesFiltering - skip non existing resourceDirectory D:\JDBC\File_Encrypter\src\test\resources
2025-04-22 15:14:33,739 [Worker-52: Building] INFO  o.a.m.s.f.DefaultMavenResourcesFiltering - skip non existing resourceDirectory D:\JDBC\File_Encrypter\src\main\resources
2025-04-22 15:14:33,741 [Worker-52: Building] INFO  o.a.m.s.f.DefaultMavenResourcesFiltering - skip non existing resourceDirectory D:\JDBC\File_Encrypter\src\test\resources
2025-04-22 15:14:43,520 [Worker-49: Building] INFO  o.a.m.s.f.DefaultMavenResourcesFiltering - skip non existing resourceDirectory D:\JDBC\File_Encrypter\src\main\resources
2025-04-22 15:14:43,524 [Worker-49: Building] INFO  o.a.m.s.f.DefaultMavenResourcesFiltering - skip non existing resourceDirectory D:\JDBC\File_Encrypter\src\test\resources
2025-04-22 15:14:48,168 [Worker-51: Building] INFO  o.a.m.s.f.DefaultMavenResourcesFiltering - skip non existing resourceDirectory D:\JDBC\File_Encrypter\src\main\resources
2025-04-22 15:14:48,170 [Worker-51: Building] INFO  o.a.m.s.f.DefaultMavenResourcesFiltering - skip non existing resourceDirectory D:\JDBC\File_Encrypter\src\test\resources
2025-04-22 15:14:55,072 [Worker-54: Building] INFO  o.a.m.s.f.DefaultMavenResourcesFiltering - skip non existing resourceDirectory D:\JDBC\File_Encrypter\src\main\resources
2025-04-22 15:14:55,078 [Worker-54: Building] INFO  o.a.m.s.f.DefaultMavenResourcesFiltering - skip non existing resourceDirectory D:\JDBC\File_Encrypter\src\test\resources
2025-04-22 15:14:58,712 [Worker-53: Building] INFO  o.a.m.s.f.DefaultMavenResourcesFiltering - skip non existing resourceDirectory D:\JDBC\File_Encrypter\src\main\resources
2025-04-22 15:14:58,714 [Worker-53: Building] INFO  o.a.m.s.f.DefaultMavenResourcesFiltering - skip non existing resourceDirectory D:\JDBC\File_Encrypter\src\test\resources
2025-04-22 15:15:16,860 [Worker-52: Building] INFO  o.a.m.s.f.DefaultMavenResourcesFiltering - skip non existing resourceDirectory D:\JDBC\File_Encrypter\src\main\resources
2025-04-22 15:15:16,862 [Worker-52: Building] INFO  o.a.m.s.f.DefaultMavenResourcesFiltering - skip non existing resourceDirectory D:\JDBC\File_Encrypter\src\test\resources
2025-04-22 15:15:21,786 [Worker-49: Building] INFO  o.a.m.s.f.DefaultMavenResourcesFiltering - skip non existing resourceDirectory D:\JDBC\File_Encrypter\src\main\resources
2025-04-22 15:15:21,790 [Worker-49: Building] INFO  o.a.m.s.f.DefaultMavenResourcesFiltering - skip non existing resourceDirectory D:\JDBC\File_Encrypter\src\test\resources
2025-04-22 15:15:28,962 [Worker-53: Building] INFO  o.a.m.s.f.DefaultMavenResourcesFiltering - skip non existing resourceDirectory D:\JDBC\File_Encrypter\src\main\resources
2025-04-22 15:15:28,964 [Worker-53: Building] INFO  o.a.m.s.f.DefaultMavenResourcesFiltering - skip non existing resourceDirectory D:\JDBC\File_Encrypter\src\test\resources
2025-04-22 15:15:36,444 [Worker-49: Building] INFO  o.a.m.s.f.DefaultMavenResourcesFiltering - skip non existing resourceDirectory D:\JDBC\File_Encrypter\src\main\resources
2025-04-22 15:15:36,446 [Worker-49: Building] INFO  o.a.m.s.f.DefaultMavenResourcesFiltering - skip non existing resourceDirectory D:\JDBC\File_Encrypter\src\test\resources
2025-04-22 15:15:38,087 [Worker-52: Building] INFO  o.a.m.s.f.DefaultMavenResourcesFiltering - skip non existing resourceDirectory D:\JDBC\File_Encrypter\src\main\resources
2025-04-22 15:15:38,089 [Worker-52: Building] INFO  o.a.m.s.f.DefaultMavenResourcesFiltering - skip non existing resourceDirectory D:\JDBC\File_Encrypter\src\test\resources
2025-04-22 15:15:39,967 [Worker-46: Building] INFO  o.a.m.s.f.DefaultMavenResourcesFiltering - skip non existing resourceDirectory D:\JDBC\File_Encrypter\src\main\resources
2025-04-22 15:15:39,969 [Worker-46: Building] INFO  o.a.m.s.f.DefaultMavenResourcesFiltering - skip non existing resourceDirectory D:\JDBC\File_Encrypter\src\test\resources
2025-04-22 15:15:47,325 [Worker-46: Building] INFO  o.a.m.s.f.DefaultMavenResourcesFiltering - skip non existing resourceDirectory D:\JDBC\File_Encrypter\src\main\resources
2025-04-22 15:15:47,327 [Worker-46: Building] INFO  o.a.m.s.f.DefaultMavenResourcesFiltering - skip non existing resourceDirectory D:\JDBC\File_Encrypter\src\test\resources
2025-04-22 15:16:01,903 [Worker-52: Building] INFO  o.a.m.s.f.DefaultMavenResourcesFiltering - skip non existing resourceDirectory D:\JDBC\File_Encrypter\src\main\resources
2025-04-22 15:16:01,905 [Worker-52: Building] INFO  o.a.m.s.f.DefaultMavenResourcesFiltering - skip non existing resourceDirectory D:\JDBC\File_Encrypter\src\test\resources
2025-04-22 15:18:01,123 [Worker-55: Building] INFO  o.a.m.s.f.DefaultMavenResourcesFiltering - skip non existing resourceDirectory D:\JDBC\File_Encrypter\src\main\resources
2025-04-22 15:18:01,124 [Worker-55: Building] INFO  o.a.m.s.f.DefaultMavenResourcesFiltering - skip non existing resourceDirectory D:\JDBC\File_Encrypter\src\test\resources
2025-04-22 15:18:13,565 [Worker-51: Building] INFO  o.a.m.s.f.DefaultMavenResourcesFiltering - skip non existing resourceDirectory D:\JDBC\File_Encrypter\src\main\resources
2025-04-22 15:18:13,567 [Worker-51: Building] INFO  o.a.m.s.f.DefaultMavenResourcesFiltering - skip non existing resourceDirectory D:\JDBC\File_Encrypter\src\test\resources
2025-04-22 15:19:14,657 [Worker-51: Building] INFO  o.a.m.s.f.DefaultMavenResourcesFiltering - skip non existing resourceDirectory D:\JDBC\File_Encrypter\src\main\resources
2025-04-22 15:19:14,660 [Worker-51: Building] INFO  o.a.m.s.f.DefaultMavenResourcesFiltering - skip non existing resourceDirectory D:\JDBC\File_Encrypter\src\test\resources
2025-04-22 15:19:17,953 [Worker-52: Building] INFO  o.a.m.s.f.DefaultMavenResourcesFiltering - skip non existing resourceDirectory D:\JDBC\File_Encrypter\src\main\resources
2025-04-22 15:19:17,955 [Worker-52: Building] INFO  o.a.m.s.f.DefaultMavenResourcesFiltering - skip non existing resourceDirectory D:\JDBC\File_Encrypter\src\test\resources
2025-04-22 15:19:25,512 [Worker-55: Building] INFO  o.a.m.s.f.DefaultMavenResourcesFiltering - skip non existing resourceDirectory D:\JDBC\File_Encrypter\src\main\resources
2025-04-22 15:19:25,514 [Worker-55: Building] INFO  o.a.m.s.f.DefaultMavenResourcesFiltering - skip non existing resourceDirectory D:\JDBC\File_Encrypter\src\test\resources
2025-04-22 15:19:29,076 [Worker-57: Building] INFO  o.a.m.s.f.DefaultMavenResourcesFiltering - skip non existing resourceDirectory D:\JDBC\File_Encrypter\src\main\resources
2025-04-22 15:19:29,078 [Worker-57: Building] INFO  o.a.m.s.f.DefaultMavenResourcesFiltering - skip non existing resourceDirectory D:\JDBC\File_Encrypter\src\test\resources
2025-04-22 15:19:32,085 [Worker-56: Building] INFO  o.a.m.s.f.DefaultMavenResourcesFiltering - skip non existing resourceDirectory D:\JDBC\File_Encrypter\src\main\resources
2025-04-22 15:19:32,086 [Worker-56: Building] INFO  o.a.m.s.f.DefaultMavenResourcesFiltering - skip non existing resourceDirectory D:\JDBC\File_Encrypter\src\test\resources
2025-04-22 15:19:35,302 [Worker-57: Building] INFO  o.a.m.s.f.DefaultMavenResourcesFiltering - skip non existing resourceDirectory D:\JDBC\File_Encrypter\src\main\resources
2025-04-22 15:19:35,304 [Worker-57: Building] INFO  o.a.m.s.f.DefaultMavenResourcesFiltering - skip non existing resourceDirectory D:\JDBC\File_Encrypter\src\test\resources
2025-04-22 15:19:56,600 [Worker-55: Building] INFO  o.a.m.s.f.DefaultMavenResourcesFiltering - skip non existing resourceDirectory D:\JDBC\File_Encrypter\src\main\resources
2025-04-22 15:19:56,602 [Worker-55: Building] INFO  o.a.m.s.f.DefaultMavenResourcesFiltering - skip non existing resourceDirectory D:\JDBC\File_Encrypter\src\test\resources
2025-04-22 15:20:02,153 [Worker-51: Building] INFO  o.a.m.s.f.DefaultMavenResourcesFiltering - skip non existing resourceDirectory D:\JDBC\File_Encrypter\src\main\resources
2025-04-22 15:20:02,155 [Worker-51: Building] INFO  o.a.m.s.f.DefaultMavenResourcesFiltering - skip non existing resourceDirectory D:\JDBC\File_Encrypter\src\test\resources
2025-04-22 15:20:40,753 [Worker-57: Building] INFO  o.a.m.s.f.DefaultMavenResourcesFiltering - skip non existing resourceDirectory D:\JDBC\File_Encrypter\src\main\resources
2025-04-22 15:20:40,756 [Worker-57: Building] INFO  o.a.m.s.f.DefaultMavenResourcesFiltering - skip non existing resourceDirectory D:\JDBC\File_Encrypter\src\test\resources
2025-04-22 15:20:50,196 [Worker-56: Building] INFO  o.a.m.s.f.DefaultMavenResourcesFiltering - skip non existing resourceDirectory D:\JDBC\File_Encrypter\src\main\resources
2025-04-22 15:20:50,198 [Worker-56: Building] INFO  o.a.m.s.f.DefaultMavenResourcesFiltering - skip non existing resourceDirectory D:\JDBC\File_Encrypter\src\test\resources
2025-04-22 15:20:53,378 [Worker-55: Building] INFO  o.a.m.s.f.DefaultMavenResourcesFiltering - skip non existing resourceDirectory D:\JDBC\File_Encrypter\src\main\resources
2025-04-22 15:20:53,379 [Worker-55: Building] INFO  o.a.m.s.f.DefaultMavenResourcesFiltering - skip non existing resourceDirectory D:\JDBC\File_Encrypter\src\test\resources
2025-04-22 15:21:03,568 [Worker-56: Building] INFO  o.a.m.s.f.DefaultMavenResourcesFiltering - skip non existing resourceDirectory D:\JDBC\File_Encrypter\src\main\resources
2025-04-22 15:21:03,570 [Worker-56: Building] INFO  o.a.m.s.f.DefaultMavenResourcesFiltering - skip non existing resourceDirectory D:\JDBC\File_Encrypter\src\test\resources
2025-04-22 15:21:08,415 [Worker-55: Building] INFO  o.a.m.s.f.DefaultMavenResourcesFiltering - skip non existing resourceDirectory D:\JDBC\File_Encrypter\src\main\resources
2025-04-22 15:21:08,417 [Worker-55: Building] INFO  o.a.m.s.f.DefaultMavenResourcesFiltering - skip non existing resourceDirectory D:\JDBC\File_Encrypter\src\test\resources
2025-04-22 15:21:17,155 [Worker-56: Building] INFO  o.a.m.s.f.DefaultMavenResourcesFiltering - skip non existing resourceDirectory D:\JDBC\File_Encrypter\src\main\resources
2025-04-22 15:21:17,156 [Worker-56: Building] INFO  o.a.m.s.f.DefaultMavenResourcesFiltering - skip non existing resourceDirectory D:\JDBC\File_Encrypter\src\test\resources
2025-04-22 15:21:24,213 [Worker-55: Building] INFO  o.a.m.s.f.DefaultMavenResourcesFiltering - skip non existing resourceDirectory D:\JDBC\File_Encrypter\src\main\resources
2025-04-22 15:21:24,215 [Worker-55: Building] INFO  o.a.m.s.f.DefaultMavenResourcesFiltering - skip non existing resourceDirectory D:\JDBC\File_Encrypter\src\test\resources
2025-04-22 15:21:35,992 [Worker-55: Building] INFO  o.a.m.s.f.DefaultMavenResourcesFiltering - skip non existing resourceDirectory D:\JDBC\File_Encrypter\src\main\resources
2025-04-22 15:21:35,994 [Worker-55: Building] INFO  o.a.m.s.f.DefaultMavenResourcesFiltering - skip non existing resourceDirectory D:\JDBC\File_Encrypter\src\test\resources
2025-04-22 15:21:41,598 [Worker-56: Building] INFO  o.a.m.s.f.DefaultMavenResourcesFiltering - skip non existing resourceDirectory D:\JDBC\File_Encrypter\src\main\resources
2025-04-22 15:21:41,600 [Worker-56: Building] INFO  o.a.m.s.f.DefaultMavenResourcesFiltering - skip non existing resourceDirectory D:\JDBC\File_Encrypter\src\test\resources
2025-04-22 15:21:55,310 [Worker-56: Building] INFO  o.a.m.s.f.DefaultMavenResourcesFiltering - skip non existing resourceDirectory D:\JDBC\File_Encrypter\src\main\resources
2025-04-22 15:21:55,312 [Worker-56: Building] INFO  o.a.m.s.f.DefaultMavenResourcesFiltering - skip non existing resourceDirectory D:\JDBC\File_Encrypter\src\test\resources
2025-04-22 15:21:58,920 [Worker-57: Building] INFO  o.a.m.s.f.DefaultMavenResourcesFiltering - skip non existing resourceDirectory D:\JDBC\File_Encrypter\src\main\resources
2025-04-22 15:21:58,922 [Worker-57: Building] INFO  o.a.m.s.f.DefaultMavenResourcesFiltering - skip non existing resourceDirectory D:\JDBC\File_Encrypter\src\test\resources
2025-04-22 15:22:03,998 [Worker-57: Building] INFO  o.a.m.s.f.DefaultMavenResourcesFiltering - skip non existing resourceDirectory D:\JDBC\File_Encrypter\src\main\resources
2025-04-22 15:22:03,999 [Worker-57: Building] INFO  o.a.m.s.f.DefaultMavenResourcesFiltering - skip non existing resourceDirectory D:\JDBC\File_Encrypter\src\test\resources
2025-04-22 15:22:06,590 [Worker-52: Building] INFO  o.a.m.s.f.DefaultMavenResourcesFiltering - skip non existing resourceDirectory D:\JDBC\File_Encrypter\src\main\resources
2025-04-22 15:22:06,593 [Worker-52: Building] INFO  o.a.m.s.f.DefaultMavenResourcesFiltering - skip non existing resourceDirectory D:\JDBC\File_Encrypter\src\test\resources
2025-04-22 15:22:09,662 [Worker-52: Building] INFO  o.a.m.s.f.DefaultMavenResourcesFiltering - skip non existing resourceDirectory D:\JDBC\File_Encrypter\src\main\resources
2025-04-22 15:22:09,664 [Worker-52: Building] INFO  o.a.m.s.f.DefaultMavenResourcesFiltering - skip non existing resourceDirectory D:\JDBC\File_Encrypter\src\test\resources
2025-04-22 15:22:12,238 [Worker-52: Building] INFO  o.a.m.s.f.DefaultMavenResourcesFiltering - skip non existing resourceDirectory D:\JDBC\File_Encrypter\src\main\resources
2025-04-22 15:22:12,239 [Worker-52: Building] INFO  o.a.m.s.f.DefaultMavenResourcesFiltering - skip non existing resourceDirectory D:\JDBC\File_Encrypter\src\test\resources
2025-04-22 15:22:14,071 [Worker-57: Building] INFO  o.a.m.s.f.DefaultMavenResourcesFiltering - skip non existing resourceDirectory D:\JDBC\File_Encrypter\src\main\resources
2025-04-22 15:22:14,073 [Worker-57: Building] INFO  o.a.m.s.f.DefaultMavenResourcesFiltering - skip non existing resourceDirectory D:\JDBC\File_Encrypter\src\test\resources
2025-04-22 15:22:15,674 [Worker-56: Building] INFO  o.a.m.s.f.DefaultMavenResourcesFiltering - skip non existing resourceDirectory D:\JDBC\File_Encrypter\src\main\resources
2025-04-22 15:22:15,675 [Worker-56: Building] INFO  o.a.m.s.f.DefaultMavenResourcesFiltering - skip non existing resourceDirectory D:\JDBC\File_Encrypter\src\test\resources
2025-04-22 15:22:16,921 [Worker-52: Building] INFO  o.a.m.s.f.DefaultMavenResourcesFiltering - skip non existing resourceDirectory D:\JDBC\File_Encrypter\src\main\resources
2025-04-22 15:22:16,923 [Worker-52: Building] INFO  o.a.m.s.f.DefaultMavenResourcesFiltering - skip non existing resourceDirectory D:\JDBC\File_Encrypter\src\test\resources
2025-04-22 15:22:24,358 [Worker-55: Building] INFO  o.a.m.s.f.DefaultMavenResourcesFiltering - skip non existing resourceDirectory D:\JDBC\File_Encrypter\src\main\resources
2025-04-22 15:22:24,359 [Worker-55: Building] INFO  o.a.m.s.f.DefaultMavenResourcesFiltering - skip non existing resourceDirectory D:\JDBC\File_Encrypter\src\test\resources
2025-04-22 15:22:42,347 [Worker-57: Building] INFO  o.a.m.s.f.DefaultMavenResourcesFiltering - skip non existing resourceDirectory D:\JDBC\File_Encrypter\src\main\resources
2025-04-22 15:22:42,348 [Worker-57: Building] INFO  o.a.m.s.f.DefaultMavenResourcesFiltering - skip non existing resourceDirectory D:\JDBC\File_Encrypter\src\test\resources
2025-04-22 15:22:50,339 [Worker-55: Building] INFO  o.a.m.s.f.DefaultMavenResourcesFiltering - skip non existing resourceDirectory D:\JDBC\File_Encrypter\src\main\resources
2025-04-22 15:22:50,341 [Worker-55: Building] INFO  o.a.m.s.f.DefaultMavenResourcesFiltering - skip non existing resourceDirectory D:\JDBC\File_Encrypter\src\test\resources
2025-04-22 15:22:55,950 [Worker-56: Building] INFO  o.a.m.s.f.DefaultMavenResourcesFiltering - skip non existing resourceDirectory D:\JDBC\File_Encrypter\src\main\resources
2025-04-22 15:22:55,951 [Worker-56: Building] INFO  o.a.m.s.f.DefaultMavenResourcesFiltering - skip non existing resourceDirectory D:\JDBC\File_Encrypter\src\test\resources
2025-04-22 15:23:39,587 [Worker-51: Building] INFO  o.a.m.s.f.DefaultMavenResourcesFiltering - skip non existing resourceDirectory D:\JDBC\File_Encrypter\src\main\resources
2025-04-22 15:23:39,589 [Worker-51: Building] INFO  o.a.m.s.f.DefaultMavenResourcesFiltering - skip non existing resourceDirectory D:\JDBC\File_Encrypter\src\test\resources
2025-04-22 15:23:47,480 [Worker-52: Building] INFO  o.a.m.s.f.DefaultMavenResourcesFiltering - skip non existing resourceDirectory D:\JDBC\File_Encrypter\src\main\resources
2025-04-22 15:23:47,482 [Worker-52: Building] INFO  o.a.m.s.f.DefaultMavenResourcesFiltering - skip non existing resourceDirectory D:\JDBC\File_Encrypter\src\test\resources
2025-04-22 15:23:49,576 [Worker-57: Building] INFO  o.a.m.s.f.DefaultMavenResourcesFiltering - skip non existing resourceDirectory D:\JDBC\File_Encrypter\src\main\resources
2025-04-22 15:23:49,577 [Worker-57: Building] INFO  o.a.m.s.f.DefaultMavenResourcesFiltering - skip non existing resourceDirectory D:\JDBC\File_Encrypter\src\test\resources
2025-04-22 15:24:01,872 [Worker-57: Building] INFO  o.a.m.s.f.DefaultMavenResourcesFiltering - skip non existing resourceDirectory D:\JDBC\File_Encrypter\src\main\resources
2025-04-22 15:24:01,873 [Worker-57: Building] INFO  o.a.m.s.f.DefaultMavenResourcesFiltering - skip non existing resourceDirectory D:\JDBC\File_Encrypter\src\test\resources
2025-04-22 15:24:11,730 [Worker-56: Building] INFO  o.a.m.s.f.DefaultMavenResourcesFiltering - skip non existing resourceDirectory D:\JDBC\File_Encrypter\src\main\resources
2025-04-22 15:24:11,732 [Worker-56: Building] INFO  o.a.m.s.f.DefaultMavenResourcesFiltering - skip non existing resourceDirectory D:\JDBC\File_Encrypter\src\test\resources
2025-04-22 15:24:17,653 [Worker-58: Building] INFO  o.a.m.s.f.DefaultMavenResourcesFiltering - skip non existing resourceDirectory D:\JDBC\File_Encrypter\src\main\resources
2025-04-22 15:24:17,655 [Worker-58: Building] INFO  o.a.m.s.f.DefaultMavenResourcesFiltering - skip non existing resourceDirectory D:\JDBC\File_Encrypter\src\test\resources
2025-04-22 15:24:24,732 [Worker-55: Building] INFO  o.a.m.s.f.DefaultMavenResourcesFiltering - skip non existing resourceDirectory D:\JDBC\File_Encrypter\src\main\resources
2025-04-22 15:24:24,734 [Worker-55: Building] INFO  o.a.m.s.f.DefaultMavenResourcesFiltering - skip non existing resourceDirectory D:\JDBC\File_Encrypter\src\test\resources
2025-04-22 15:24:31,571 [Worker-52: Building] INFO  o.a.m.s.f.DefaultMavenResourcesFiltering - skip non existing resourceDirectory D:\JDBC\File_Encrypter\src\main\resources
2025-04-22 15:24:31,573 [Worker-52: Building] INFO  o.a.m.s.f.DefaultMavenResourcesFiltering - skip non existing resourceDirectory D:\JDBC\File_Encrypter\src\test\resources
2025-04-22 15:24:34,084 [Worker-56: Building] INFO  o.a.m.s.f.DefaultMavenResourcesFiltering - skip non existing resourceDirectory D:\JDBC\File_Encrypter\src\main\resources
2025-04-22 15:24:34,086 [Worker-56: Building] INFO  o.a.m.s.f.DefaultMavenResourcesFiltering - skip non existing resourceDirectory D:\JDBC\File_Encrypter\src\test\resources
2025-04-22 15:24:42,670 [Worker-56: Building] INFO  o.a.m.s.f.DefaultMavenResourcesFiltering - skip non existing resourceDirectory D:\JDBC\File_Encrypter\src\main\resources
2025-04-22 15:24:42,671 [Worker-56: Building] INFO  o.a.m.s.f.DefaultMavenResourcesFiltering - skip non existing resourceDirectory D:\JDBC\File_Encrypter\src\test\resources
2025-04-22 15:24:51,307 [Worker-56: Building] INFO  o.a.m.s.f.DefaultMavenResourcesFiltering - skip non existing resourceDirectory D:\JDBC\File_Encrypter\src\main\resources
2025-04-22 15:24:51,309 [Worker-56: Building] INFO  o.a.m.s.f.DefaultMavenResourcesFiltering - skip non existing resourceDirectory D:\JDBC\File_Encrypter\src\test\resources
2025-04-22 15:25:12,038 [Worker-58: Building] INFO  o.a.m.s.f.DefaultMavenResourcesFiltering - skip non existing resourceDirectory D:\JDBC\File_Encrypter\src\main\resources
2025-04-22 15:25:12,040 [Worker-58: Building] INFO  o.a.m.s.f.DefaultMavenResourcesFiltering - skip non existing resourceDirectory D:\JDBC\File_Encrypter\src\test\resources
2025-04-22 15:25:18,373 [Worker-55: Building] INFO  o.a.m.s.f.DefaultMavenResourcesFiltering - skip non existing resourceDirectory D:\JDBC\File_Encrypter\src\main\resources
2025-04-22 15:25:18,375 [Worker-55: Building] INFO  o.a.m.s.f.DefaultMavenResourcesFiltering - skip non existing resourceDirectory D:\JDBC\File_Encrypter\src\test\resources
2025-04-22 15:25:21,667 [Worker-58: Building] INFO  o.a.m.s.f.DefaultMavenResourcesFiltering - skip non existing resourceDirectory D:\JDBC\File_Encrypter\src\main\resources
2025-04-22 15:25:21,669 [Worker-58: Building] INFO  o.a.m.s.f.DefaultMavenResourcesFiltering - skip non existing resourceDirectory D:\JDBC\File_Encrypter\src\test\resources
2025-04-22 15:26:00,225 [Worker-51: Building] INFO  o.a.m.s.f.DefaultMavenResourcesFiltering - skip non existing resourceDirectory D:\JDBC\File_Encrypter\src\main\resources
2025-04-22 15:26:00,227 [Worker-51: Building] INFO  o.a.m.s.f.DefaultMavenResourcesFiltering - skip non existing resourceDirectory D:\JDBC\File_Encrypter\src\test\resources
2025-04-22 15:26:03,863 [Worker-58: Building] INFO  o.a.m.s.f.DefaultMavenResourcesFiltering - skip non existing resourceDirectory D:\JDBC\File_Encrypter\src\main\resources
2025-04-22 15:26:03,866 [Worker-58: Building] INFO  o.a.m.s.f.DefaultMavenResourcesFiltering - skip non existing resourceDirectory D:\JDBC\File_Encrypter\src\test\resources
2025-04-22 15:26:07,119 [Worker-51: Building] INFO  o.a.m.s.f.DefaultMavenResourcesFiltering - skip non existing resourceDirectory D:\JDBC\File_Encrypter\src\main\resources
2025-04-22 15:26:07,121 [Worker-51: Building] INFO  o.a.m.s.f.DefaultMavenResourcesFiltering - skip non existing resourceDirectory D:\JDBC\File_Encrypter\src\test\resources
2025-04-22 15:26:11,496 [Worker-58: Building] INFO  o.a.m.s.f.DefaultMavenResourcesFiltering - skip non existing resourceDirectory D:\JDBC\File_Encrypter\src\main\resources
2025-04-22 15:26:11,498 [Worker-58: Building] INFO  o.a.m.s.f.DefaultMavenResourcesFiltering - skip non existing resourceDirectory D:\JDBC\File_Encrypter\src\test\resources
2025-04-22 15:26:13,176 [Worker-57: Building] INFO  o.a.m.s.f.DefaultMavenResourcesFiltering - skip non existing resourceDirectory D:\JDBC\File_Encrypter\src\main\resources
2025-04-22 15:26:13,179 [Worker-57: Building] INFO  o.a.m.s.f.DefaultMavenResourcesFiltering - skip non existing resourceDirectory D:\JDBC\File_Encrypter\src\test\resources
2025-04-22 15:26:17,498 [Worker-56: Building] INFO  o.a.m.s.f.DefaultMavenResourcesFiltering - skip non existing resourceDirectory D:\JDBC\File_Encrypter\src\main\resources
2025-04-22 15:26:17,500 [Worker-56: Building] INFO  o.a.m.s.f.DefaultMavenResourcesFiltering - skip non existing resourceDirectory D:\JDBC\File_Encrypter\src\test\resources
2025-04-22 15:26:21,417 [Worker-56: Building] INFO  o.a.m.s.f.DefaultMavenResourcesFiltering - skip non existing resourceDirectory D:\JDBC\File_Encrypter\src\main\resources
2025-04-22 15:26:21,419 [Worker-56: Building] INFO  o.a.m.s.f.DefaultMavenResourcesFiltering - skip non existing resourceDirectory D:\JDBC\File_Encrypter\src\test\resources
2025-04-22 15:26:43,163 [Worker-56: Building] INFO  o.a.m.s.f.DefaultMavenResourcesFiltering - skip non existing resourceDirectory D:\JDBC\File_Encrypter\src\main\resources
2025-04-22 15:26:43,165 [Worker-56: Building] INFO  o.a.m.s.f.DefaultMavenResourcesFiltering - skip non existing resourceDirectory D:\JDBC\File_Encrypter\src\test\resources
2025-04-22 15:26:47,182 [Worker-58: Building] INFO  o.a.m.s.f.DefaultMavenResourcesFiltering - skip non existing resourceDirectory D:\JDBC\File_Encrypter\src\main\resources
2025-04-22 15:26:47,186 [Worker-58: Building] INFO  o.a.m.s.f.DefaultMavenResourcesFiltering - skip non existing resourceDirectory D:\JDBC\File_Encrypter\src\test\resources
2025-04-22 15:26:49,196 [Worker-51: Building] INFO  o.a.m.s.f.DefaultMavenResourcesFiltering - skip non existing resourceDirectory D:\JDBC\File_Encrypter\src\main\resources
2025-04-22 15:26:49,197 [Worker-51: Building] INFO  o.a.m.s.f.DefaultMavenResourcesFiltering - skip non existing resourceDirectory D:\JDBC\File_Encrypter\src\test\resources
2025-04-22 15:26:56,967 [Worker-57: Building] INFO  o.a.m.s.f.DefaultMavenResourcesFiltering - skip non existing resourceDirectory D:\JDBC\File_Encrypter\src\main\resources
2025-04-22 15:26:56,969 [Worker-57: Building] INFO  o.a.m.s.f.DefaultMavenResourcesFiltering - skip non existing resourceDirectory D:\JDBC\File_Encrypter\src\test\resources
2025-04-22 15:26:58,352 [Worker-51: Building] INFO  o.a.m.s.f.DefaultMavenResourcesFiltering - skip non existing resourceDirectory D:\JDBC\File_Encrypter\src\main\resources
2025-04-22 15:26:58,353 [Worker-51: Building] INFO  o.a.m.s.f.DefaultMavenResourcesFiltering - skip non existing resourceDirectory D:\JDBC\File_Encrypter\src\test\resources
2025-04-22 15:27:34,461 [Worker-57: Building] INFO  o.a.m.s.f.DefaultMavenResourcesFiltering - skip non existing resourceDirectory D:\JDBC\File_Encrypter\src\main\resources
2025-04-22 15:27:34,463 [Worker-57: Building] INFO  o.a.m.s.f.DefaultMavenResourcesFiltering - skip non existing resourceDirectory D:\JDBC\File_Encrypter\src\test\resources
2025-04-22 15:27:49,697 [Worker-55: Building] INFO  o.a.m.s.f.DefaultMavenResourcesFiltering - skip non existing resourceDirectory D:\JDBC\File_Encrypter\src\main\resources
2025-04-22 15:27:49,698 [Worker-55: Building] INFO  o.a.m.s.f.DefaultMavenResourcesFiltering - skip non existing resourceDirectory D:\JDBC\File_Encrypter\src\test\resources
2025-04-22 15:27:54,904 [Worker-56: Building] INFO  o.a.m.s.f.DefaultMavenResourcesFiltering - skip non existing resourceDirectory D:\JDBC\File_Encrypter\src\main\resources
2025-04-22 15:27:54,906 [Worker-56: Building] INFO  o.a.m.s.f.DefaultMavenResourcesFiltering - skip non existing resourceDirectory D:\JDBC\File_Encrypter\src\test\resources
2025-04-22 15:27:55,954 [Worker-52: Building] INFO  o.a.m.s.f.DefaultMavenResourcesFiltering - skip non existing resourceDirectory D:\JDBC\File_Encrypter\src\main\resources
2025-04-22 15:27:55,956 [Worker-52: Building] INFO  o.a.m.s.f.DefaultMavenResourcesFiltering - skip non existing resourceDirectory D:\JDBC\File_Encrypter\src\test\resources
2025-04-22 15:28:02,490 [Worker-58: Building] INFO  o.a.m.s.f.DefaultMavenResourcesFiltering - skip non existing resourceDirectory D:\JDBC\File_Encrypter\src\main\resources
2025-04-22 15:28:02,491 [Worker-58: Building] INFO  o.a.m.s.f.DefaultMavenResourcesFiltering - skip non existing resourceDirectory D:\JDBC\File_Encrypter\src\test\resources
2025-04-22 15:28:38,054 [Worker-55: Building] INFO  o.a.m.s.f.DefaultMavenResourcesFiltering - skip non existing resourceDirectory D:\JDBC\File_Encrypter\src\main\resources
2025-04-22 15:28:38,056 [Worker-55: Building] INFO  o.a.m.s.f.DefaultMavenResourcesFiltering - skip non existing resourceDirectory D:\JDBC\File_Encrypter\src\test\resources
2025-04-22 15:28:45,949 [Worker-56: Building] INFO  o.a.m.s.f.DefaultMavenResourcesFiltering - skip non existing resourceDirectory D:\JDBC\File_Encrypter\src\main\resources
2025-04-22 15:28:45,951 [Worker-56: Building] INFO  o.a.m.s.f.DefaultMavenResourcesFiltering - skip non existing resourceDirectory D:\JDBC\File_Encrypter\src\test\resources
2025-04-22 15:28:49,185 [Worker-59: Building] INFO  o.a.m.s.f.DefaultMavenResourcesFiltering - skip non existing resourceDirectory D:\JDBC\File_Encrypter\src\main\resources
2025-04-22 15:28:49,187 [Worker-59: Building] INFO  o.a.m.s.f.DefaultMavenResourcesFiltering - skip non existing resourceDirectory D:\JDBC\File_Encrypter\src\test\resources
2025-04-22 15:28:52,658 [Worker-52: Building] INFO  o.a.m.s.f.DefaultMavenResourcesFiltering - skip non existing resourceDirectory D:\JDBC\File_Encrypter\src\main\resources
2025-04-22 15:28:52,659 [Worker-52: Building] INFO  o.a.m.s.f.DefaultMavenResourcesFiltering - skip non existing resourceDirectory D:\JDBC\File_Encrypter\src\test\resources
2025-04-22 15:28:58,843 [Worker-59: Building] INFO  o.a.m.s.f.DefaultMavenResourcesFiltering - skip non existing resourceDirectory D:\JDBC\File_Encrypter\src\main\resources
2025-04-22 15:28:58,845 [Worker-59: Building] INFO  o.a.m.s.f.DefaultMavenResourcesFiltering - skip non existing resourceDirectory D:\JDBC\File_Encrypter\src\test\resources
2025-04-22 15:29:00,276 [Worker-57: Building] INFO  o.a.m.s.f.DefaultMavenResourcesFiltering - skip non existing resourceDirectory D:\JDBC\File_Encrypter\src\main\resources
2025-04-22 15:29:00,278 [Worker-57: Building] INFO  o.a.m.s.f.DefaultMavenResourcesFiltering - skip non existing resourceDirectory D:\JDBC\File_Encrypter\src\test\resources
2025-04-22 15:29:08,990 [Worker-58: Building] INFO  o.a.m.s.f.DefaultMavenResourcesFiltering - skip non existing resourceDirectory D:\JDBC\File_Encrypter\src\main\resources
2025-04-22 15:29:08,991 [Worker-58: Building] INFO  o.a.m.s.f.DefaultMavenResourcesFiltering - skip non existing resourceDirectory D:\JDBC\File_Encrypter\src\test\resources
2025-04-22 15:29:12,320 [Worker-52: Building] INFO  o.a.m.s.f.DefaultMavenResourcesFiltering - skip non existing resourceDirectory D:\JDBC\File_Encrypter\src\main\resources
2025-04-22 15:29:12,322 [Worker-52: Building] INFO  o.a.m.s.f.DefaultMavenResourcesFiltering - skip non existing resourceDirectory D:\JDBC\File_Encrypter\src\test\resources
2025-04-22 15:29:16,125 [Worker-55: Building] INFO  o.a.m.s.f.DefaultMavenResourcesFiltering - skip non existing resourceDirectory D:\JDBC\File_Encrypter\src\main\resources
2025-04-22 15:29:16,127 [Worker-55: Building] INFO  o.a.m.s.f.DefaultMavenResourcesFiltering - skip non existing resourceDirectory D:\JDBC\File_Encrypter\src\test\resources
2025-04-22 15:29:21,909 [Worker-55: Building] INFO  o.a.m.s.f.DefaultMavenResourcesFiltering - skip non existing resourceDirectory D:\JDBC\File_Encrypter\src\main\resources
2025-04-22 15:29:21,910 [Worker-55: Building] INFO  o.a.m.s.f.DefaultMavenResourcesFiltering - skip non existing resourceDirectory D:\JDBC\File_Encrypter\src\test\resources
2025-04-22 15:29:23,334 [Worker-56: Building] INFO  o.a.m.s.f.DefaultMavenResourcesFiltering - skip non existing resourceDirectory D:\JDBC\File_Encrypter\src\main\resources
2025-04-22 15:29:23,337 [Worker-56: Building] INFO  o.a.m.s.f.DefaultMavenResourcesFiltering - skip non existing resourceDirectory D:\JDBC\File_Encrypter\src\test\resources
2025-04-22 15:29:31,441 [Worker-51: Building] INFO  o.a.m.s.f.DefaultMavenResourcesFiltering - skip non existing resourceDirectory D:\JDBC\File_Encrypter\src\main\resources
2025-04-22 15:29:31,443 [Worker-51: Building] INFO  o.a.m.s.f.DefaultMavenResourcesFiltering - skip non existing resourceDirectory D:\JDBC\File_Encrypter\src\test\resources
2025-04-22 15:29:40,126 [Worker-57: Building] INFO  o.a.m.s.f.DefaultMavenResourcesFiltering - skip non existing resourceDirectory D:\JDBC\File_Encrypter\src\main\resources
2025-04-22 15:29:40,128 [Worker-57: Building] INFO  o.a.m.s.f.DefaultMavenResourcesFiltering - skip non existing resourceDirectory D:\JDBC\File_Encrypter\src\test\resources
2025-04-22 15:30:40,988 [Worker-52: Building] INFO  o.a.m.s.f.DefaultMavenResourcesFiltering - skip non existing resourceDirectory D:\JDBC\File_Encrypter\src\main\resources
2025-04-22 15:30:40,989 [Worker-52: Building] INFO  o.a.m.s.f.DefaultMavenResourcesFiltering - skip non existing resourceDirectory D:\JDBC\File_Encrypter\src\test\resources
2025-04-22 15:30:52,590 [Worker-52: Building] INFO  o.a.m.s.f.DefaultMavenResourcesFiltering - skip non existing resourceDirectory D:\JDBC\File_Encrypter\src\main\resources
2025-04-22 15:30:52,592 [Worker-52: Building] INFO  o.a.m.s.f.DefaultMavenResourcesFiltering - skip non existing resourceDirectory D:\JDBC\File_Encrypter\src\test\resources
2025-04-22 15:30:55,551 [Worker-56: Building] INFO  o.a.m.s.f.DefaultMavenResourcesFiltering - skip non existing resourceDirectory D:\JDBC\File_Encrypter\src\main\resources
2025-04-22 15:30:55,553 [Worker-56: Building] INFO  o.a.m.s.f.DefaultMavenResourcesFiltering - skip non existing resourceDirectory D:\JDBC\File_Encrypter\src\test\resources
2025-04-22 15:30:59,237 [Worker-56: Building] INFO  o.a.m.s.f.DefaultMavenResourcesFiltering - skip non existing resourceDirectory D:\JDBC\File_Encrypter\src\main\resources
2025-04-22 15:30:59,238 [Worker-56: Building] INFO  o.a.m.s.f.DefaultMavenResourcesFiltering - skip non existing resourceDirectory D:\JDBC\File_Encrypter\src\test\resources
2025-04-22 15:31:02,008 [Worker-55: Building] INFO  o.a.m.s.f.DefaultMavenResourcesFiltering - skip non existing resourceDirectory D:\JDBC\File_Encrypter\src\main\resources
2025-04-22 15:31:02,011 [Worker-55: Building] INFO  o.a.m.s.f.DefaultMavenResourcesFiltering - skip non existing resourceDirectory D:\JDBC\File_Encrypter\src\test\resources
2025-04-22 15:31:05,031 [Worker-58: Building] INFO  o.a.m.s.f.DefaultMavenResourcesFiltering - skip non existing resourceDirectory D:\JDBC\File_Encrypter\src\main\resources
2025-04-22 15:31:05,033 [Worker-58: Building] INFO  o.a.m.s.f.DefaultMavenResourcesFiltering - skip non existing resourceDirectory D:\JDBC\File_Encrypter\src\test\resources
2025-04-22 15:31:11,328 [Worker-55: Building] INFO  o.a.m.s.f.DefaultMavenResourcesFiltering - skip non existing resourceDirectory D:\JDBC\File_Encrypter\src\main\resources
2025-04-22 15:31:11,329 [Worker-55: Building] INFO  o.a.m.s.f.DefaultMavenResourcesFiltering - skip non existing resourceDirectory D:\JDBC\File_Encrypter\src\test\resources
2025-04-22 15:31:18,340 [Worker-52: Building] INFO  o.a.m.s.f.DefaultMavenResourcesFiltering - skip non existing resourceDirectory D:\JDBC\File_Encrypter\src\main\resources
2025-04-22 15:31:18,342 [Worker-52: Building] INFO  o.a.m.s.f.DefaultMavenResourcesFiltering - skip non existing resourceDirectory D:\JDBC\File_Encrypter\src\test\resources
2025-04-22 15:31:41,884 [Worker-59: Building] INFO  o.a.m.s.f.DefaultMavenResourcesFiltering - skip non existing resourceDirectory D:\JDBC\File_Encrypter\src\main\resources
2025-04-22 15:31:41,886 [Worker-59: Building] INFO  o.a.m.s.f.DefaultMavenResourcesFiltering - skip non existing resourceDirectory D:\JDBC\File_Encrypter\src\test\resources
2025-04-22 15:31:48,514 [Worker-52: Building] INFO  o.a.m.s.f.DefaultMavenResourcesFiltering - skip non existing resourceDirectory D:\JDBC\File_Encrypter\src\main\resources
2025-04-22 15:31:48,516 [Worker-52: Building] INFO  o.a.m.s.f.DefaultMavenResourcesFiltering - skip non existing resourceDirectory D:\JDBC\File_Encrypter\src\test\resources
2025-04-22 15:33:10,710 [Worker-52: Building] INFO  o.a.m.s.f.DefaultMavenResourcesFiltering - skip non existing resourceDirectory D:\JDBC\File_Encrypter\src\main\resources
2025-04-22 15:33:10,712 [Worker-52: Building] INFO  o.a.m.s.f.DefaultMavenResourcesFiltering - skip non existing resourceDirectory D:\JDBC\File_Encrypter\src\test\resources
2025-04-22 15:33:14,006 [Worker-56: Building] INFO  o.a.m.s.f.DefaultMavenResourcesFiltering - skip non existing resourceDirectory D:\JDBC\File_Encrypter\src\main\resources
2025-04-22 15:33:14,008 [Worker-56: Building] INFO  o.a.m.s.f.DefaultMavenResourcesFiltering - skip non existing resourceDirectory D:\JDBC\File_Encrypter\src\test\resources
2025-04-22 15:33:18,936 [Worker-58: Building] INFO  o.a.m.s.f.DefaultMavenResourcesFiltering - skip non existing resourceDirectory D:\JDBC\File_Encrypter\src\main\resources
2025-04-22 15:33:18,938 [Worker-58: Building] INFO  o.a.m.s.f.DefaultMavenResourcesFiltering - skip non existing resourceDirectory D:\JDBC\File_Encrypter\src\test\resources
2025-04-22 15:33:22,823 [Worker-59: Building] INFO  o.a.m.s.f.DefaultMavenResourcesFiltering - skip non existing resourceDirectory D:\JDBC\File_Encrypter\src\main\resources
2025-04-22 15:33:22,824 [Worker-59: Building] INFO  o.a.m.s.f.DefaultMavenResourcesFiltering - skip non existing resourceDirectory D:\JDBC\File_Encrypter\src\test\resources
2025-04-22 15:33:27,965 [Worker-52: Building] INFO  o.a.m.s.f.DefaultMavenResourcesFiltering - skip non existing resourceDirectory D:\JDBC\File_Encrypter\src\main\resources
2025-04-22 15:33:27,966 [Worker-52: Building] INFO  o.a.m.s.f.DefaultMavenResourcesFiltering - skip non existing resourceDirectory D:\JDBC\File_Encrypter\src\test\resources
2025-04-22 15:33:30,832 [Worker-51: Building] INFO  o.a.m.s.f.DefaultMavenResourcesFiltering - skip non existing resourceDirectory D:\JDBC\File_Encrypter\src\main\resources
2025-04-22 15:33:30,833 [Worker-51: Building] INFO  o.a.m.s.f.DefaultMavenResourcesFiltering - skip non existing resourceDirectory D:\JDBC\File_Encrypter\src\test\resources
2025-04-22 15:33:37,992 [Worker-56: Building] INFO  o.a.m.s.f.DefaultMavenResourcesFiltering - skip non existing resourceDirectory D:\JDBC\File_Encrypter\src\main\resources
2025-04-22 15:33:37,993 [Worker-56: Building] INFO  o.a.m.s.f.DefaultMavenResourcesFiltering - skip non existing resourceDirectory D:\JDBC\File_Encrypter\src\test\resources
2025-04-22 15:33:40,248 [Worker-57: Building] INFO  o.a.m.s.f.DefaultMavenResourcesFiltering - skip non existing resourceDirectory D:\JDBC\File_Encrypter\src\main\resources
2025-04-22 15:33:40,249 [Worker-57: Building] INFO  o.a.m.s.f.DefaultMavenResourcesFiltering - skip non existing resourceDirectory D:\JDBC\File_Encrypter\src\test\resources
2025-04-22 15:33:49,922 [Worker-55: Building] INFO  o.a.m.s.f.DefaultMavenResourcesFiltering - skip non existing resourceDirectory D:\JDBC\File_Encrypter\src\main\resources
2025-04-22 15:33:49,924 [Worker-55: Building] INFO  o.a.m.s.f.DefaultMavenResourcesFiltering - skip non existing resourceDirectory D:\JDBC\File_Encrypter\src\test\resources
2025-04-22 15:34:02,002 [Worker-52: Building] INFO  o.a.m.s.f.DefaultMavenResourcesFiltering - skip non existing resourceDirectory D:\JDBC\File_Encrypter\src\main\resources
2025-04-22 15:34:02,004 [Worker-52: Building] INFO  o.a.m.s.f.DefaultMavenResourcesFiltering - skip non existing resourceDirectory D:\JDBC\File_Encrypter\src\test\resources
2025-04-22 15:34:05,302 [Worker-51: Building] INFO  o.a.m.s.f.DefaultMavenResourcesFiltering - skip non existing resourceDirectory D:\JDBC\File_Encrypter\src\main\resources
2025-04-22 15:34:05,304 [Worker-51: Building] INFO  o.a.m.s.f.DefaultMavenResourcesFiltering - skip non existing resourceDirectory D:\JDBC\File_Encrypter\src\test\resources
2025-04-22 15:41:15,298 [Worker-57: Building] INFO  o.a.m.s.f.DefaultMavenResourcesFiltering - skip non existing resourceDirectory D:\JDBC\File_Encrypter\src\main\resources
2025-04-22 15:41:15,299 [Worker-57: Building] INFO  o.a.m.s.f.DefaultMavenResourcesFiltering - skip non existing resourceDirectory D:\JDBC\File_Encrypter\src\test\resources
2025-04-22 15:41:19,647 [Worker-61: Building] INFO  o.a.m.s.f.DefaultMavenResourcesFiltering - skip non existing resourceDirectory D:\JDBC\File_Encrypter\src\main\resources
2025-04-22 15:41:19,649 [Worker-61: Building] INFO  o.a.m.s.f.DefaultMavenResourcesFiltering - skip non existing resourceDirectory D:\JDBC\File_Encrypter\src\test\resources
2025-04-22 15:41:30,905 [Worker-60: Building] INFO  o.a.m.s.f.DefaultMavenResourcesFiltering - skip non existing resourceDirectory D:\JDBC\File_Encrypter\src\main\resources
2025-04-22 15:41:30,906 [Worker-60: Building] INFO  o.a.m.s.f.DefaultMavenResourcesFiltering - skip non existing resourceDirectory D:\JDBC\File_Encrypter\src\test\resources
2025-04-22 15:41:35,705 [Worker-57: Building] INFO  o.a.m.s.f.DefaultMavenResourcesFiltering - skip non existing resourceDirectory D:\JDBC\File_Encrypter\src\main\resources
2025-04-22 15:41:35,706 [Worker-57: Building] INFO  o.a.m.s.f.DefaultMavenResourcesFiltering - skip non existing resourceDirectory D:\JDBC\File_Encrypter\src\test\resources
2025-04-22 15:41:40,129 [Worker-60: Building] INFO  o.a.m.s.f.DefaultMavenResourcesFiltering - skip non existing resourceDirectory D:\JDBC\File_Encrypter\src\main\resources
2025-04-22 15:41:40,131 [Worker-60: Building] INFO  o.a.m.s.f.DefaultMavenResourcesFiltering - skip non existing resourceDirectory D:\JDBC\File_Encrypter\src\test\resources
2025-04-22 15:41:46,955 [Worker-57: Building] INFO  o.a.m.s.f.DefaultMavenResourcesFiltering - skip non existing resourceDirectory D:\JDBC\File_Encrypter\src\main\resources
2025-04-22 15:41:46,957 [Worker-57: Building] INFO  o.a.m.s.f.DefaultMavenResourcesFiltering - skip non existing resourceDirectory D:\JDBC\File_Encrypter\src\test\resources
2025-04-22 15:41:50,372 [Worker-58: Building] INFO  o.a.m.s.f.DefaultMavenResourcesFiltering - skip non existing resourceDirectory D:\JDBC\File_Encrypter\src\main\resources
2025-04-22 15:41:50,373 [Worker-58: Building] INFO  o.a.m.s.f.DefaultMavenResourcesFiltering - skip non existing resourceDirectory D:\JDBC\File_Encrypter\src\test\resources
2025-04-22 15:42:02,596 [Worker-61: Building] INFO  o.a.m.s.f.DefaultMavenResourcesFiltering - skip non existing resourceDirectory D:\JDBC\File_Encrypter\src\main\resources
2025-04-22 15:42:02,598 [Worker-61: Building] INFO  o.a.m.s.f.DefaultMavenResourcesFiltering - skip non existing resourceDirectory D:\JDBC\File_Encrypter\src\test\resources
2025-04-22 15:42:09,246 [Worker-57: Building] INFO  o.a.m.s.f.DefaultMavenResourcesFiltering - skip non existing resourceDirectory D:\JDBC\File_Encrypter\src\main\resources
2025-04-22 15:42:09,247 [Worker-57: Building] INFO  o.a.m.s.f.DefaultMavenResourcesFiltering - skip non existing resourceDirectory D:\JDBC\File_Encrypter\src\test\resources
2025-04-22 15:42:31,526 [Worker-60: Building] INFO  o.a.m.s.f.DefaultMavenResourcesFiltering - skip non existing resourceDirectory D:\JDBC\File_Encrypter\src\main\resources
2025-04-22 15:42:31,528 [Worker-60: Building] INFO  o.a.m.s.f.DefaultMavenResourcesFiltering - skip non existing resourceDirectory D:\JDBC\File_Encrypter\src\test\resources
2025-04-22 15:42:34,527 [Worker-57: Building] INFO  o.a.m.s.f.DefaultMavenResourcesFiltering - skip non existing resourceDirectory D:\JDBC\File_Encrypter\src\main\resources
2025-04-22 15:42:34,529 [Worker-57: Building] INFO  o.a.m.s.f.DefaultMavenResourcesFiltering - skip non existing resourceDirectory D:\JDBC\File_Encrypter\src\test\resources
2025-04-22 15:42:55,809 [Worker-63: Building] INFO  o.a.m.s.f.DefaultMavenResourcesFiltering - skip non existing resourceDirectory D:\JDBC\File_Encrypter\src\main\resources
2025-04-22 15:42:55,811 [Worker-63: Building] INFO  o.a.m.s.f.DefaultMavenResourcesFiltering - skip non existing resourceDirectory D:\JDBC\File_Encrypter\src\test\resources
2025-04-22 15:43:05,081 [Worker-61: Building] INFO  o.a.m.s.f.DefaultMavenResourcesFiltering - skip non existing resourceDirectory D:\JDBC\File_Encrypter\src\main\resources
2025-04-22 15:43:05,083 [Worker-61: Building] INFO  o.a.m.s.f.DefaultMavenResourcesFiltering - skip non existing resourceDirectory D:\JDBC\File_Encrypter\src\test\resources
2025-04-22 15:43:16,921 [Worker-57: Building] INFO  o.a.m.s.f.DefaultMavenResourcesFiltering - skip non existing resourceDirectory D:\JDBC\File_Encrypter\src\main\resources
2025-04-22 15:43:16,923 [Worker-57: Building] INFO  o.a.m.s.f.DefaultMavenResourcesFiltering - skip non existing resourceDirectory D:\JDBC\File_Encrypter\src\test\resources
2025-04-22 15:43:19,389 [Worker-60: Building] INFO  o.a.m.s.f.DefaultMavenResourcesFiltering - skip non existing resourceDirectory D:\JDBC\File_Encrypter\src\main\resources
2025-04-22 15:43:19,391 [Worker-60: Building] INFO  o.a.m.s.f.DefaultMavenResourcesFiltering - skip non existing resourceDirectory D:\JDBC\File_Encrypter\src\test\resources
2025-04-22 15:43:29,150 [Worker-63: Building] INFO  o.a.m.s.f.DefaultMavenResourcesFiltering - skip non existing resourceDirectory D:\JDBC\File_Encrypter\src\main\resources
2025-04-22 15:43:29,151 [Worker-63: Building] INFO  o.a.m.s.f.DefaultMavenResourcesFiltering - skip non existing resourceDirectory D:\JDBC\File_Encrypter\src\test\resources
2025-04-22 15:45:35,673 [Worker-64: Building] INFO  o.a.m.s.f.DefaultMavenResourcesFiltering - skip non existing resourceDirectory D:\JDBC\File_Encrypter\src\main\resources
2025-04-22 15:45:35,675 [Worker-64: Building] INFO  o.a.m.s.f.DefaultMavenResourcesFiltering - skip non existing resourceDirectory D:\JDBC\File_Encrypter\src\test\resources
2025-04-22 15:45:41,246 [Worker-60: Building] INFO  o.a.m.s.f.DefaultMavenResourcesFiltering - skip non existing resourceDirectory D:\JDBC\File_Encrypter\src\main\resources
2025-04-22 15:45:41,248 [Worker-60: Building] INFO  o.a.m.s.f.DefaultMavenResourcesFiltering - skip non existing resourceDirectory D:\JDBC\File_Encrypter\src\test\resources
2025-04-22 15:45:46,130 [Worker-65: Building] INFO  o.a.m.s.f.DefaultMavenResourcesFiltering - skip non existing resourceDirectory D:\JDBC\File_Encrypter\src\main\resources
2025-04-22 15:45:46,132 [Worker-65: Building] INFO  o.a.m.s.f.DefaultMavenResourcesFiltering - skip non existing resourceDirectory D:\JDBC\File_Encrypter\src\test\resources
2025-04-22 15:46:06,393 [Worker-60: Building] INFO  o.a.m.s.f.DefaultMavenResourcesFiltering - skip non existing resourceDirectory D:\JDBC\File_Encrypter\src\main\resources
2025-04-22 15:46:06,395 [Worker-60: Building] INFO  o.a.m.s.f.DefaultMavenResourcesFiltering - skip non existing resourceDirectory D:\JDBC\File_Encrypter\src\test\resources
2025-04-22 15:46:16,786 [Worker-65: Building] INFO  o.a.m.s.f.DefaultMavenResourcesFiltering - skip non existing resourceDirectory D:\JDBC\File_Encrypter\src\main\resources
2025-04-22 15:46:16,788 [Worker-65: Building] INFO  o.a.m.s.f.DefaultMavenResourcesFiltering - skip non existing resourceDirectory D:\JDBC\File_Encrypter\src\test\resources
2025-04-22 15:46:19,661 [Worker-66: Building] INFO  o.a.m.s.f.DefaultMavenResourcesFiltering - skip non existing resourceDirectory D:\JDBC\File_Encrypter\src\main\resources
2025-04-22 15:46:19,662 [Worker-66: Building] INFO  o.a.m.s.f.DefaultMavenResourcesFiltering - skip non existing resourceDirectory D:\JDBC\File_Encrypter\src\test\resources
2025-04-22 15:46:26,138 [Worker-66: Building] INFO  o.a.m.s.f.DefaultMavenResourcesFiltering - skip non existing resourceDirectory D:\JDBC\File_Encrypter\src\main\resources
2025-04-22 15:46:26,139 [Worker-66: Building] INFO  o.a.m.s.f.DefaultMavenResourcesFiltering - skip non existing resourceDirectory D:\JDBC\File_Encrypter\src\test\resources
2025-04-22 15:46:29,580 [Worker-66: Building] INFO  o.a.m.s.f.DefaultMavenResourcesFiltering - skip non existing resourceDirectory D:\JDBC\File_Encrypter\src\main\resources
2025-04-22 15:46:29,582 [Worker-66: Building] INFO  o.a.m.s.f.DefaultMavenResourcesFiltering - skip non existing resourceDirectory D:\JDBC\File_Encrypter\src\test\resources
2025-04-22 15:46:39,857 [Worker-58: Building] INFO  o.a.m.s.f.DefaultMavenResourcesFiltering - skip non existing resourceDirectory D:\JDBC\File_Encrypter\src\main\resources
2025-04-22 15:46:39,859 [Worker-58: Building] INFO  o.a.m.s.f.DefaultMavenResourcesFiltering - skip non existing resourceDirectory D:\JDBC\File_Encrypter\src\test\resources
2025-04-22 15:46:47,320 [Worker-60: Building] INFO  o.a.m.s.f.DefaultMavenResourcesFiltering - skip non existing resourceDirectory D:\JDBC\File_Encrypter\src\main\resources
2025-04-22 15:46:47,321 [Worker-60: Building] INFO  o.a.m.s.f.DefaultMavenResourcesFiltering - skip non existing resourceDirectory D:\JDBC\File_Encrypter\src\test\resources
2025-04-22 15:47:02,243 [Worker-58: Building] INFO  o.a.m.s.f.DefaultMavenResourcesFiltering - skip non existing resourceDirectory D:\JDBC\File_Encrypter\src\main\resources
2025-04-22 15:47:02,245 [Worker-58: Building] INFO  o.a.m.s.f.DefaultMavenResourcesFiltering - skip non existing resourceDirectory D:\JDBC\File_Encrypter\src\test\resources
2025-04-22 15:47:41,878 [Worker-58: Building] INFO  o.a.m.s.f.DefaultMavenResourcesFiltering - skip non existing resourceDirectory D:\JDBC\File_Encrypter\src\main\resources
2025-04-22 15:47:41,879 [Worker-58: Building] INFO  o.a.m.s.f.DefaultMavenResourcesFiltering - skip non existing resourceDirectory D:\JDBC\File_Encrypter\src\test\resources
2025-04-22 15:47:55,813 [Worker-60: Building] INFO  o.a.m.s.f.DefaultMavenResourcesFiltering - skip non existing resourceDirectory D:\JDBC\File_Encrypter\src\main\resources
2025-04-22 15:47:55,815 [Worker-60: Building] INFO  o.a.m.s.f.DefaultMavenResourcesFiltering - skip non existing resourceDirectory D:\JDBC\File_Encrypter\src\test\resources
2025-04-22 15:48:00,301 [Worker-64: Building] INFO  o.a.m.s.f.DefaultMavenResourcesFiltering - skip non existing resourceDirectory D:\JDBC\File_Encrypter\src\main\resources
2025-04-22 15:48:00,302 [Worker-64: Building] INFO  o.a.m.s.f.DefaultMavenResourcesFiltering - skip non existing resourceDirectory D:\JDBC\File_Encrypter\src\test\resources
2025-04-22 15:48:05,043 [Worker-58: Building] INFO  o.a.m.s.f.DefaultMavenResourcesFiltering - skip non existing resourceDirectory D:\JDBC\File_Encrypter\src\main\resources
2025-04-22 15:48:05,045 [Worker-58: Building] INFO  o.a.m.s.f.DefaultMavenResourcesFiltering - skip non existing resourceDirectory D:\JDBC\File_Encrypter\src\test\resources
2025-04-22 15:48:06,894 [Worker-65: Building] INFO  o.a.m.s.f.DefaultMavenResourcesFiltering - skip non existing resourceDirectory D:\JDBC\File_Encrypter\src\main\resources
2025-04-22 15:48:06,896 [Worker-65: Building] INFO  o.a.m.s.f.DefaultMavenResourcesFiltering - skip non existing resourceDirectory D:\JDBC\File_Encrypter\src\test\resources
2025-04-22 15:48:15,557 [Worker-60: Building] INFO  o.a.m.s.f.DefaultMavenResourcesFiltering - skip non existing resourceDirectory D:\JDBC\File_Encrypter\src\main\resources
2025-04-22 15:48:15,559 [Worker-60: Building] INFO  o.a.m.s.f.DefaultMavenResourcesFiltering - skip non existing resourceDirectory D:\JDBC\File_Encrypter\src\test\resources
2025-04-22 15:48:21,617 [Worker-58: Building] INFO  o.a.m.s.f.DefaultMavenResourcesFiltering - skip non existing resourceDirectory D:\JDBC\File_Encrypter\src\main\resources
2025-04-22 15:48:21,618 [Worker-58: Building] INFO  o.a.m.s.f.DefaultMavenResourcesFiltering - skip non existing resourceDirectory D:\JDBC\File_Encrypter\src\test\resources
2025-04-22 15:48:25,091 [Worker-65: Building] INFO  o.a.m.s.f.DefaultMavenResourcesFiltering - skip non existing resourceDirectory D:\JDBC\File_Encrypter\src\main\resources
2025-04-22 15:48:25,093 [Worker-65: Building] INFO  o.a.m.s.f.DefaultMavenResourcesFiltering - skip non existing resourceDirectory D:\JDBC\File_Encrypter\src\test\resources
2025-04-22 15:48:30,978 [Worker-65: Building] INFO  o.a.m.s.f.DefaultMavenResourcesFiltering - skip non existing resourceDirectory D:\JDBC\File_Encrypter\src\main\resources
2025-04-22 15:48:30,979 [Worker-65: Building] INFO  o.a.m.s.f.DefaultMavenResourcesFiltering - skip non existing resourceDirectory D:\JDBC\File_Encrypter\src\test\resources
2025-04-22 15:48:42,083 [Worker-58: Building] INFO  o.a.m.s.f.DefaultMavenResourcesFiltering - skip non existing resourceDirectory D:\JDBC\File_Encrypter\src\main\resources
2025-04-22 15:48:42,085 [Worker-58: Building] INFO  o.a.m.s.f.DefaultMavenResourcesFiltering - skip non existing resourceDirectory D:\JDBC\File_Encrypter\src\test\resources
2025-04-22 15:48:49,425 [Worker-60: Building] INFO  o.a.m.s.f.DefaultMavenResourcesFiltering - skip non existing resourceDirectory D:\JDBC\File_Encrypter\src\main\resources
2025-04-22 15:48:49,427 [Worker-60: Building] INFO  o.a.m.s.f.DefaultMavenResourcesFiltering - skip non existing resourceDirectory D:\JDBC\File_Encrypter\src\test\resources
2025-04-22 15:49:07,459 [Worker-66: Building] INFO  o.a.m.s.f.DefaultMavenResourcesFiltering - skip non existing resourceDirectory D:\JDBC\File_Encrypter\src\main\resources
2025-04-22 15:49:07,461 [Worker-66: Building] INFO  o.a.m.s.f.DefaultMavenResourcesFiltering - skip non existing resourceDirectory D:\JDBC\File_Encrypter\src\test\resources
2025-04-22 15:49:20,090 [Worker-65: Building] INFO  o.a.m.s.f.DefaultMavenResourcesFiltering - skip non existing resourceDirectory D:\JDBC\File_Encrypter\src\main\resources
2025-04-22 15:49:20,093 [Worker-65: Building] INFO  o.a.m.s.f.DefaultMavenResourcesFiltering - skip non existing resourceDirectory D:\JDBC\File_Encrypter\src\test\resources
2025-04-22 15:49:27,830 [Worker-58: Building] INFO  o.a.m.s.f.DefaultMavenResourcesFiltering - skip non existing resourceDirectory D:\JDBC\File_Encrypter\src\main\resources
2025-04-22 15:49:27,831 [Worker-58: Building] INFO  o.a.m.s.f.DefaultMavenResourcesFiltering - skip non existing resourceDirectory D:\JDBC\File_Encrypter\src\test\resources
2025-04-22 15:49:30,790 [Worker-66: Building] INFO  o.a.m.s.f.DefaultMavenResourcesFiltering - skip non existing resourceDirectory D:\JDBC\File_Encrypter\src\main\resources
2025-04-22 15:49:30,791 [Worker-66: Building] INFO  o.a.m.s.f.DefaultMavenResourcesFiltering - skip non existing resourceDirectory D:\JDBC\File_Encrypter\src\test\resources
2025-04-22 15:49:38,029 [Worker-64: Building] INFO  o.a.m.s.f.DefaultMavenResourcesFiltering - skip non existing resourceDirectory D:\JDBC\File_Encrypter\src\main\resources
2025-04-22 15:49:38,031 [Worker-64: Building] INFO  o.a.m.s.f.DefaultMavenResourcesFiltering - skip non existing resourceDirectory D:\JDBC\File_Encrypter\src\test\resources
2025-04-22 15:49:51,395 [Worker-64: Building] INFO  o.a.m.s.f.DefaultMavenResourcesFiltering - skip non existing resourceDirectory D:\JDBC\File_Encrypter\src\main\resources
2025-04-22 15:49:51,397 [Worker-64: Building] INFO  o.a.m.s.f.DefaultMavenResourcesFiltering - skip non existing resourceDirectory D:\JDBC\File_Encrypter\src\test\resources
2025-04-22 15:49:53,068 [Worker-64: Building] INFO  o.a.m.s.f.DefaultMavenResourcesFiltering - skip non existing resourceDirectory D:\JDBC\File_Encrypter\src\main\resources
2025-04-22 15:49:53,070 [Worker-64: Building] INFO  o.a.m.s.f.DefaultMavenResourcesFiltering - skip non existing resourceDirectory D:\JDBC\File_Encrypter\src\test\resources
2025-04-22 15:50:22,972 [Worker-66: Building] INFO  o.a.m.s.f.DefaultMavenResourcesFiltering - skip non existing resourceDirectory D:\JDBC\File_Encrypter\src\main\resources
2025-04-22 15:50:22,973 [Worker-66: Building] INFO  o.a.m.s.f.DefaultMavenResourcesFiltering - skip non existing resourceDirectory D:\JDBC\File_Encrypter\src\test\resources
2025-04-22 15:50:43,848 [Worker-60: Building] INFO  o.a.m.s.f.DefaultMavenResourcesFiltering - skip non existing resourceDirectory D:\JDBC\File_Encrypter\src\main\resources
2025-04-22 15:50:43,849 [Worker-60: Building] INFO  o.a.m.s.f.DefaultMavenResourcesFiltering - skip non existing resourceDirectory D:\JDBC\File_Encrypter\src\test\resources
2025-04-22 15:50:49,457 [Worker-60: Building] INFO  o.a.m.s.f.DefaultMavenResourcesFiltering - skip non existing resourceDirectory D:\JDBC\File_Encrypter\src\main\resources
2025-04-22 15:50:49,460 [Worker-60: Building] INFO  o.a.m.s.f.DefaultMavenResourcesFiltering - skip non existing resourceDirectory D:\JDBC\File_Encrypter\src\test\resources
2025-04-22 15:50:53,690 [Worker-58: Building] INFO  o.a.m.s.f.DefaultMavenResourcesFiltering - skip non existing resourceDirectory D:\JDBC\File_Encrypter\src\main\resources
2025-04-22 15:50:53,691 [Worker-58: Building] INFO  o.a.m.s.f.DefaultMavenResourcesFiltering - skip non existing resourceDirectory D:\JDBC\File_Encrypter\src\test\resources
2025-04-22 15:51:19,574 [Worker-60: Building] INFO  o.a.m.s.f.DefaultMavenResourcesFiltering - skip non existing resourceDirectory D:\JDBC\File_Encrypter\src\main\resources
2025-04-22 15:51:19,575 [Worker-60: Building] INFO  o.a.m.s.f.DefaultMavenResourcesFiltering - skip non existing resourceDirectory D:\JDBC\File_Encrypter\src\test\resources
2025-04-22 15:51:34,107 [Worker-66: Building] INFO  o.a.m.s.f.DefaultMavenResourcesFiltering - skip non existing resourceDirectory D:\JDBC\File_Encrypter\src\main\resources
2025-04-22 15:51:34,108 [Worker-66: Building] INFO  o.a.m.s.f.DefaultMavenResourcesFiltering - skip non existing resourceDirectory D:\JDBC\File_Encrypter\src\test\resources
2025-04-22 15:51:54,603 [Worker-64: Building] INFO  o.a.m.s.f.DefaultMavenResourcesFiltering - skip non existing resourceDirectory D:\JDBC\File_Encrypter\src\main\resources
2025-04-22 15:51:54,605 [Worker-64: Building] INFO  o.a.m.s.f.DefaultMavenResourcesFiltering - skip non existing resourceDirectory D:\JDBC\File_Encrypter\src\test\resources
2025-04-22 15:51:57,574 [Worker-65: Building] INFO  o.a.m.s.f.DefaultMavenResourcesFiltering - skip non existing resourceDirectory D:\JDBC\File_Encrypter\src\main\resources
2025-04-22 15:51:57,576 [Worker-65: Building] INFO  o.a.m.s.f.DefaultMavenResourcesFiltering - skip non existing resourceDirectory D:\JDBC\File_Encrypter\src\test\resources
2025-04-22 15:52:00,731 [Worker-58: Building] INFO  o.a.m.s.f.DefaultMavenResourcesFiltering - skip non existing resourceDirectory D:\JDBC\File_Encrypter\src\main\resources
2025-04-22 15:52:00,733 [Worker-58: Building] INFO  o.a.m.s.f.DefaultMavenResourcesFiltering - skip non existing resourceDirectory D:\JDBC\File_Encrypter\src\test\resources
2025-04-22 15:52:12,575 [Worker-58: Building] INFO  o.a.m.s.f.DefaultMavenResourcesFiltering - skip non existing resourceDirectory D:\JDBC\File_Encrypter\src\main\resources
2025-04-22 15:52:12,577 [Worker-58: Building] INFO  o.a.m.s.f.DefaultMavenResourcesFiltering - skip non existing resourceDirectory D:\JDBC\File_Encrypter\src\test\resources
2025-04-22 15:52:16,763 [Worker-64: Building] INFO  o.a.m.s.f.DefaultMavenResourcesFiltering - skip non existing resourceDirectory D:\JDBC\File_Encrypter\src\main\resources
2025-04-22 15:52:16,765 [Worker-64: Building] INFO  o.a.m.s.f.DefaultMavenResourcesFiltering - skip non existing resourceDirectory D:\JDBC\File_Encrypter\src\test\resources
2025-04-22 15:52:28,912 [Worker-65: Building] INFO  o.a.m.s.f.DefaultMavenResourcesFiltering - skip non existing resourceDirectory D:\JDBC\File_Encrypter\src\main\resources
2025-04-22 15:52:28,914 [Worker-65: Building] INFO  o.a.m.s.f.DefaultMavenResourcesFiltering - skip non existing resourceDirectory D:\JDBC\File_Encrypter\src\test\resources
2025-04-22 15:52:34,095 [Worker-60: Building] INFO  o.a.m.s.f.DefaultMavenResourcesFiltering - skip non existing resourceDirectory D:\JDBC\File_Encrypter\src\main\resources
2025-04-22 15:52:34,096 [Worker-60: Building] INFO  o.a.m.s.f.DefaultMavenResourcesFiltering - skip non existing resourceDirectory D:\JDBC\File_Encrypter\src\test\resources
2025-04-22 15:52:36,045 [Worker-66: Building] INFO  o.a.m.s.f.DefaultMavenResourcesFiltering - skip non existing resourceDirectory D:\JDBC\File_Encrypter\src\main\resources
2025-04-22 15:52:36,046 [Worker-66: Building] INFO  o.a.m.s.f.DefaultMavenResourcesFiltering - skip non existing resourceDirectory D:\JDBC\File_Encrypter\src\test\resources
2025-04-22 15:52:37,968 [Worker-58: Building] INFO  o.a.m.s.f.DefaultMavenResourcesFiltering - skip non existing resourceDirectory D:\JDBC\File_Encrypter\src\main\resources
2025-04-22 15:52:37,970 [Worker-58: Building] INFO  o.a.m.s.f.DefaultMavenResourcesFiltering - skip non existing resourceDirectory D:\JDBC\File_Encrypter\src\test\resources
2025-04-22 15:53:30,551 [Worker-60: Building] INFO  o.a.m.s.f.DefaultMavenResourcesFiltering - skip non existing resourceDirectory D:\JDBC\File_Encrypter\src\main\resources
2025-04-22 15:53:30,552 [Worker-60: Building] INFO  o.a.m.s.f.DefaultMavenResourcesFiltering - skip non existing resourceDirectory D:\JDBC\File_Encrypter\src\test\resources
2025-04-22 15:53:32,164 [Worker-60: Building] INFO  o.a.m.s.f.DefaultMavenResourcesFiltering - skip non existing resourceDirectory D:\JDBC\File_Encrypter\src\main\resources
2025-04-22 15:53:32,166 [Worker-60: Building] INFO  o.a.m.s.f.DefaultMavenResourcesFiltering - skip non existing resourceDirectory D:\JDBC\File_Encrypter\src\test\resources
2025-04-22 15:53:44,321 [Worker-66: Building] INFO  o.a.m.s.f.DefaultMavenResourcesFiltering - skip non existing resourceDirectory D:\JDBC\File_Encrypter\src\main\resources
2025-04-22 15:53:44,324 [Worker-66: Building] INFO  o.a.m.s.f.DefaultMavenResourcesFiltering - skip non existing resourceDirectory D:\JDBC\File_Encrypter\src\test\resources
2025-04-22 15:55:18,455 [Worker-60: Building] INFO  o.a.m.s.f.DefaultMavenResourcesFiltering - skip non existing resourceDirectory D:\JDBC\File_Encrypter\src\main\resources
2025-04-22 15:55:18,457 [Worker-60: Building] INFO  o.a.m.s.f.DefaultMavenResourcesFiltering - skip non existing resourceDirectory D:\JDBC\File_Encrypter\src\test\resources
2025-04-22 15:55:23,407 [Worker-58: Building] INFO  o.a.m.s.f.DefaultMavenResourcesFiltering - skip non existing resourceDirectory D:\JDBC\File_Encrypter\src\main\resources
2025-04-22 15:55:23,408 [Worker-58: Building] INFO  o.a.m.s.f.DefaultMavenResourcesFiltering - skip non existing resourceDirectory D:\JDBC\File_Encrypter\src\test\resources
2025-04-22 15:55:28,801 [Worker-58: Building] INFO  o.a.m.s.f.DefaultMavenResourcesFiltering - skip non existing resourceDirectory D:\JDBC\File_Encrypter\src\main\resources
2025-04-22 15:55:28,802 [Worker-58: Building] INFO  o.a.m.s.f.DefaultMavenResourcesFiltering - skip non existing resourceDirectory D:\JDBC\File_Encrypter\src\test\resources
2025-04-22 15:55:46,628 [Worker-67: Building] INFO  o.a.m.s.f.DefaultMavenResourcesFiltering - skip non existing resourceDirectory D:\JDBC\File_Encrypter\src\main\resources
2025-04-22 15:55:46,629 [Worker-67: Building] INFO  o.a.m.s.f.DefaultMavenResourcesFiltering - skip non existing resourceDirectory D:\JDBC\File_Encrypter\src\test\resources
2025-04-22 15:55:50,546 [Worker-64: Building] INFO  o.a.m.s.f.DefaultMavenResourcesFiltering - skip non existing resourceDirectory D:\JDBC\File_Encrypter\src\main\resources
2025-04-22 15:55:50,548 [Worker-64: Building] INFO  o.a.m.s.f.DefaultMavenResourcesFiltering - skip non existing resourceDirectory D:\JDBC\File_Encrypter\src\test\resources
2025-04-22 15:55:56,163 [Worker-68: Building] INFO  o.a.m.s.f.DefaultMavenResourcesFiltering - skip non existing resourceDirectory D:\JDBC\File_Encrypter\src\main\resources
2025-04-22 15:55:56,164 [Worker-68: Building] INFO  o.a.m.s.f.DefaultMavenResourcesFiltering - skip non existing resourceDirectory D:\JDBC\File_Encrypter\src\test\resources
2025-04-22 15:56:08,145 [Worker-68: Building] INFO  o.a.m.s.f.DefaultMavenResourcesFiltering - skip non existing resourceDirectory D:\JDBC\File_Encrypter\src\main\resources
2025-04-22 15:56:08,147 [Worker-68: Building] INFO  o.a.m.s.f.DefaultMavenResourcesFiltering - skip non existing resourceDirectory D:\JDBC\File_Encrypter\src\test\resources
2025-04-22 15:56:15,152 [Worker-60: Building] INFO  o.a.m.s.f.DefaultMavenResourcesFiltering - skip non existing resourceDirectory D:\JDBC\File_Encrypter\src\main\resources
2025-04-22 15:56:15,153 [Worker-60: Building] INFO  o.a.m.s.f.DefaultMavenResourcesFiltering - skip non existing resourceDirectory D:\JDBC\File_Encrypter\src\test\resources
2025-04-22 15:56:19,009 [Worker-64: Building] INFO  o.a.m.s.f.DefaultMavenResourcesFiltering - skip non existing resourceDirectory D:\JDBC\File_Encrypter\src\main\resources
2025-04-22 15:56:19,010 [Worker-64: Building] INFO  o.a.m.s.f.DefaultMavenResourcesFiltering - skip non existing resourceDirectory D:\JDBC\File_Encrypter\src\test\resources
2025-04-22 15:56:21,085 [Worker-64: Building] INFO  o.a.m.s.f.DefaultMavenResourcesFiltering - skip non existing resourceDirectory D:\JDBC\File_Encrypter\src\main\resources
2025-04-22 15:56:21,086 [Worker-64: Building] INFO  o.a.m.s.f.DefaultMavenResourcesFiltering - skip non existing resourceDirectory D:\JDBC\File_Encrypter\src\test\resources
2025-04-22 15:56:23,348 [Worker-58: Building] INFO  o.a.m.s.f.DefaultMavenResourcesFiltering - skip non existing resourceDirectory D:\JDBC\File_Encrypter\src\main\resources
2025-04-22 15:56:23,349 [Worker-58: Building] INFO  o.a.m.s.f.DefaultMavenResourcesFiltering - skip non existing resourceDirectory D:\JDBC\File_Encrypter\src\test\resources
2025-04-22 15:56:31,484 [Worker-58: Building] INFO  o.a.m.s.f.DefaultMavenResourcesFiltering - skip non existing resourceDirectory D:\JDBC\File_Encrypter\src\main\resources
2025-04-22 15:56:31,486 [Worker-58: Building] INFO  o.a.m.s.f.DefaultMavenResourcesFiltering - skip non existing resourceDirectory D:\JDBC\File_Encrypter\src\test\resources
2025-04-22 15:56:36,423 [Worker-60: Building] INFO  o.a.m.s.f.DefaultMavenResourcesFiltering - skip non existing resourceDirectory D:\JDBC\File_Encrypter\src\main\resources
2025-04-22 15:56:36,425 [Worker-60: Building] INFO  o.a.m.s.f.DefaultMavenResourcesFiltering - skip non existing resourceDirectory D:\JDBC\File_Encrypter\src\test\resources
2025-04-22 15:56:48,102 [Worker-68: Building] INFO  o.a.m.s.f.DefaultMavenResourcesFiltering - skip non existing resourceDirectory D:\JDBC\File_Encrypter\src\main\resources
2025-04-22 15:56:48,103 [Worker-68: Building] INFO  o.a.m.s.f.DefaultMavenResourcesFiltering - skip non existing resourceDirectory D:\JDBC\File_Encrypter\src\test\resources
2025-04-22 15:57:01,654 [Worker-60: Building] INFO  o.a.m.s.f.DefaultMavenResourcesFiltering - skip non existing resourceDirectory D:\JDBC\File_Encrypter\src\main\resources
2025-04-22 15:57:01,656 [Worker-60: Building] INFO  o.a.m.s.f.DefaultMavenResourcesFiltering - skip non existing resourceDirectory D:\JDBC\File_Encrypter\src\test\resources
2025-04-22 15:57:04,418 [Worker-67: Building] INFO  o.a.m.s.f.DefaultMavenResourcesFiltering - skip non existing resourceDirectory D:\JDBC\File_Encrypter\src\main\resources
2025-04-22 15:57:04,419 [Worker-67: Building] INFO  o.a.m.s.f.DefaultMavenResourcesFiltering - skip non existing resourceDirectory D:\JDBC\File_Encrypter\src\test\resources
2025-04-22 15:57:20,665 [Worker-67: Building] INFO  o.a.m.s.f.DefaultMavenResourcesFiltering - skip non existing resourceDirectory D:\JDBC\File_Encrypter\src\main\resources
2025-04-22 15:57:20,666 [Worker-67: Building] INFO  o.a.m.s.f.DefaultMavenResourcesFiltering - skip non existing resourceDirectory D:\JDBC\File_Encrypter\src\test\resources
2025-04-22 15:57:23,716 [Worker-67: Building] INFO  o.a.m.s.f.DefaultMavenResourcesFiltering - skip non existing resourceDirectory D:\JDBC\File_Encrypter\src\main\resources
2025-04-22 15:57:23,717 [Worker-67: Building] INFO  o.a.m.s.f.DefaultMavenResourcesFiltering - skip non existing resourceDirectory D:\JDBC\File_Encrypter\src\test\resources
2025-04-22 15:57:36,781 [Worker-64: Building] INFO  o.a.m.s.f.DefaultMavenResourcesFiltering - skip non existing resourceDirectory D:\JDBC\File_Encrypter\src\main\resources
2025-04-22 15:57:36,784 [Worker-64: Building] INFO  o.a.m.s.f.DefaultMavenResourcesFiltering - skip non existing resourceDirectory D:\JDBC\File_Encrypter\src\test\resources
2025-04-22 15:58:19,329 [Worker-60: Building] INFO  o.a.m.s.f.DefaultMavenResourcesFiltering - skip non existing resourceDirectory D:\JDBC\File_Encrypter\src\main\resources
2025-04-22 15:58:19,330 [Worker-60: Building] INFO  o.a.m.s.f.DefaultMavenResourcesFiltering - skip non existing resourceDirectory D:\JDBC\File_Encrypter\src\test\resources
2025-04-22 15:59:26,093 [Worker-64: Building] INFO  o.a.m.s.f.DefaultMavenResourcesFiltering - skip non existing resourceDirectory D:\JDBC\File_Encrypter\src\main\resources
2025-04-22 15:59:26,095 [Worker-64: Building] INFO  o.a.m.s.f.DefaultMavenResourcesFiltering - skip non existing resourceDirectory D:\JDBC\File_Encrypter\src\test\resources
2025-04-22 15:59:44,020 [Worker-67: Building] INFO  o.a.m.s.f.DefaultMavenResourcesFiltering - skip non existing resourceDirectory D:\JDBC\File_Encrypter\src\main\resources
2025-04-22 15:59:44,023 [Worker-67: Building] INFO  o.a.m.s.f.DefaultMavenResourcesFiltering - skip non existing resourceDirectory D:\JDBC\File_Encrypter\src\test\resources
2025-04-22 15:59:50,706 [Worker-67: Building] INFO  o.a.m.s.f.DefaultMavenResourcesFiltering - skip non existing resourceDirectory D:\JDBC\File_Encrypter\src\main\resources
2025-04-22 15:59:50,708 [Worker-67: Building] INFO  o.a.m.s.f.DefaultMavenResourcesFiltering - skip non existing resourceDirectory D:\JDBC\File_Encrypter\src\test\resources
2025-04-22 15:59:59,103 [Worker-60: Building] INFO  o.a.m.s.f.DefaultMavenResourcesFiltering - skip non existing resourceDirectory D:\JDBC\File_Encrypter\src\main\resources
2025-04-22 15:59:59,104 [Worker-60: Building] INFO  o.a.m.s.f.DefaultMavenResourcesFiltering - skip non existing resourceDirectory D:\JDBC\File_Encrypter\src\test\resources
2025-04-22 16:00:07,270 [Worker-69: Building] INFO  o.a.m.s.f.DefaultMavenResourcesFiltering - skip non existing resourceDirectory D:\JDBC\File_Encrypter\src\main\resources
2025-04-22 16:00:07,271 [Worker-69: Building] INFO  o.a.m.s.f.DefaultMavenResourcesFiltering - skip non existing resourceDirectory D:\JDBC\File_Encrypter\src\test\resources
2025-04-22 16:00:13,678 [Worker-64: Building] INFO  o.a.m.s.f.DefaultMavenResourcesFiltering - skip non existing resourceDirectory D:\JDBC\File_Encrypter\src\main\resources
2025-04-22 16:00:13,679 [Worker-64: Building] INFO  o.a.m.s.f.DefaultMavenResourcesFiltering - skip non existing resourceDirectory D:\JDBC\File_Encrypter\src\test\resources
2025-04-22 16:01:15,664 [Worker-58: Building] INFO  o.a.m.s.f.DefaultMavenResourcesFiltering - skip non existing resourceDirectory D:\JDBC\File_Encrypter\src\main\resources
2025-04-22 16:01:15,666 [Worker-58: Building] INFO  o.a.m.s.f.DefaultMavenResourcesFiltering - skip non existing resourceDirectory D:\JDBC\File_Encrypter\src\test\resources
2025-04-22 16:01:18,595 [Worker-69: Building] INFO  o.a.m.s.f.DefaultMavenResourcesFiltering - skip non existing resourceDirectory D:\JDBC\File_Encrypter\src\main\resources
2025-04-22 16:01:18,596 [Worker-69: Building] INFO  o.a.m.s.f.DefaultMavenResourcesFiltering - skip non existing resourceDirectory D:\JDBC\File_Encrypter\src\test\resources
2025-04-22 16:01:23,816 [Worker-69: Building] INFO  o.a.m.s.f.DefaultMavenResourcesFiltering - skip non existing resourceDirectory D:\JDBC\File_Encrypter\src\main\resources
2025-04-22 16:01:23,817 [Worker-69: Building] INFO  o.a.m.s.f.DefaultMavenResourcesFiltering - skip non existing resourceDirectory D:\JDBC\File_Encrypter\src\test\resources
2025-04-22 16:01:26,825 [Worker-64: Building] INFO  o.a.m.s.f.DefaultMavenResourcesFiltering - skip non existing resourceDirectory D:\JDBC\File_Encrypter\src\main\resources
2025-04-22 16:01:26,827 [Worker-64: Building] INFO  o.a.m.s.f.DefaultMavenResourcesFiltering - skip non existing resourceDirectory D:\JDBC\File_Encrypter\src\test\resources
2025-04-22 16:01:34,459 [Worker-69: Building] INFO  o.a.m.s.f.DefaultMavenResourcesFiltering - skip non existing resourceDirectory D:\JDBC\File_Encrypter\src\main\resources
2025-04-22 16:01:34,460 [Worker-69: Building] INFO  o.a.m.s.f.DefaultMavenResourcesFiltering - skip non existing resourceDirectory D:\JDBC\File_Encrypter\src\test\resources
2025-04-22 16:02:01,836 [Worker-60: Building] INFO  o.a.m.s.f.DefaultMavenResourcesFiltering - skip non existing resourceDirectory D:\JDBC\File_Encrypter\src\main\resources
2025-04-22 16:02:01,837 [Worker-60: Building] INFO  o.a.m.s.f.DefaultMavenResourcesFiltering - skip non existing resourceDirectory D:\JDBC\File_Encrypter\src\test\resources
2025-04-22 16:02:06,080 [Worker-60: Building] INFO  o.a.m.s.f.DefaultMavenResourcesFiltering - skip non existing resourceDirectory D:\JDBC\File_Encrypter\src\main\resources
2025-04-22 16:02:06,081 [Worker-60: Building] INFO  o.a.m.s.f.DefaultMavenResourcesFiltering - skip non existing resourceDirectory D:\JDBC\File_Encrypter\src\test\resources
2025-04-22 16:02:09,425 [Worker-64: Building] INFO  o.a.m.s.f.DefaultMavenResourcesFiltering - skip non existing resourceDirectory D:\JDBC\File_Encrypter\src\main\resources
2025-04-22 16:02:09,426 [Worker-64: Building] INFO  o.a.m.s.f.DefaultMavenResourcesFiltering - skip non existing resourceDirectory D:\JDBC\File_Encrypter\src\test\resources
2025-04-22 16:02:13,141 [Worker-64: Building] INFO  o.a.m.s.f.DefaultMavenResourcesFiltering - skip non existing resourceDirectory D:\JDBC\File_Encrypter\src\main\resources
2025-04-22 16:02:13,143 [Worker-64: Building] INFO  o.a.m.s.f.DefaultMavenResourcesFiltering - skip non existing resourceDirectory D:\JDBC\File_Encrypter\src\test\resources
2025-04-22 16:02:14,857 [Worker-60: Building] INFO  o.a.m.s.f.DefaultMavenResourcesFiltering - skip non existing resourceDirectory D:\JDBC\File_Encrypter\src\main\resources
2025-04-22 16:02:14,858 [Worker-60: Building] INFO  o.a.m.s.f.DefaultMavenResourcesFiltering - skip non existing resourceDirectory D:\JDBC\File_Encrypter\src\test\resources
2025-04-22 16:02:24,302 [Worker-60: Building] INFO  o.a.m.s.f.DefaultMavenResourcesFiltering - skip non existing resourceDirectory D:\JDBC\File_Encrypter\src\main\resources
2025-04-22 16:02:24,304 [Worker-60: Building] INFO  o.a.m.s.f.DefaultMavenResourcesFiltering - skip non existing resourceDirectory D:\JDBC\File_Encrypter\src\test\resources
2025-04-22 16:02:51,815 [Worker-58: Building] INFO  o.a.m.s.f.DefaultMavenResourcesFiltering - skip non existing resourceDirectory D:\JDBC\File_Encrypter\src\main\resources
2025-04-22 16:02:51,816 [Worker-58: Building] INFO  o.a.m.s.f.DefaultMavenResourcesFiltering - skip non existing resourceDirectory D:\JDBC\File_Encrypter\src\test\resources
2025-04-22 16:03:07,626 [Worker-64: Building] INFO  o.a.m.s.f.DefaultMavenResourcesFiltering - skip non existing resourceDirectory D:\JDBC\File_Encrypter\src\main\resources
2025-04-22 16:03:07,627 [Worker-64: Building] INFO  o.a.m.s.f.DefaultMavenResourcesFiltering - skip non existing resourceDirectory D:\JDBC\File_Encrypter\src\test\resources
2025-04-22 16:03:12,764 [Worker-69: Building] INFO  o.a.m.s.f.DefaultMavenResourcesFiltering - skip non existing resourceDirectory D:\JDBC\File_Encrypter\src\main\resources
2025-04-22 16:03:12,765 [Worker-69: Building] INFO  o.a.m.s.f.DefaultMavenResourcesFiltering - skip non existing resourceDirectory D:\JDBC\File_Encrypter\src\test\resources
2025-04-22 16:03:14,620 [Worker-69: Building] INFO  o.a.m.s.f.DefaultMavenResourcesFiltering - skip non existing resourceDirectory D:\JDBC\File_Encrypter\src\main\resources
2025-04-22 16:03:14,620 [Worker-69: Building] INFO  o.a.m.s.f.DefaultMavenResourcesFiltering - skip non existing resourceDirectory D:\JDBC\File_Encrypter\src\test\resources
2025-04-22 16:03:16,607 [Worker-60: Building] INFO  o.a.m.s.f.DefaultMavenResourcesFiltering - skip non existing resourceDirectory D:\JDBC\File_Encrypter\src\main\resources
2025-04-22 16:03:16,608 [Worker-60: Building] INFO  o.a.m.s.f.DefaultMavenResourcesFiltering - skip non existing resourceDirectory D:\JDBC\File_Encrypter\src\test\resources
2025-04-22 16:03:26,069 [Worker-58: Building] INFO  o.a.m.s.f.DefaultMavenResourcesFiltering - skip non existing resourceDirectory D:\JDBC\File_Encrypter\src\main\resources
2025-04-22 16:03:26,070 [Worker-58: Building] INFO  o.a.m.s.f.DefaultMavenResourcesFiltering - skip non existing resourceDirectory D:\JDBC\File_Encrypter\src\test\resources
2025-04-22 16:03:41,004 [Worker-69: Building] INFO  o.a.m.s.f.DefaultMavenResourcesFiltering - skip non existing resourceDirectory D:\JDBC\File_Encrypter\src\main\resources
2025-04-22 16:03:41,005 [Worker-69: Building] INFO  o.a.m.s.f.DefaultMavenResourcesFiltering - skip non existing resourceDirectory D:\JDBC\File_Encrypter\src\test\resources
2025-04-22 16:03:44,424 [Worker-69: Building] INFO  o.a.m.s.f.DefaultMavenResourcesFiltering - skip non existing resourceDirectory D:\JDBC\File_Encrypter\src\main\resources
2025-04-22 16:03:44,425 [Worker-69: Building] INFO  o.a.m.s.f.DefaultMavenResourcesFiltering - skip non existing resourceDirectory D:\JDBC\File_Encrypter\src\test\resources
2025-04-22 16:04:35,180 [Worker-60: Building] INFO  o.a.m.s.f.DefaultMavenResourcesFiltering - skip non existing resourceDirectory D:\JDBC\File_Encrypter\src\main\resources
2025-04-22 16:04:35,181 [Worker-60: Building] INFO  o.a.m.s.f.DefaultMavenResourcesFiltering - skip non existing resourceDirectory D:\JDBC\File_Encrypter\src\test\resources
2025-04-22 16:04:45,708 [Worker-68: Building] INFO  o.a.m.s.f.DefaultMavenResourcesFiltering - skip non existing resourceDirectory D:\JDBC\File_Encrypter\src\main\resources
2025-04-22 16:04:45,710 [Worker-68: Building] INFO  o.a.m.s.f.DefaultMavenResourcesFiltering - skip non existing resourceDirectory D:\JDBC\File_Encrypter\src\test\resources
2025-04-22 16:04:46,735 [Worker-68: Building] INFO  o.a.m.s.f.DefaultMavenResourcesFiltering - skip non existing resourceDirectory D:\JDBC\File_Encrypter\src\main\resources
2025-04-22 16:04:46,737 [Worker-68: Building] INFO  o.a.m.s.f.DefaultMavenResourcesFiltering - skip non existing resourceDirectory D:\JDBC\File_Encrypter\src\test\resources
2025-04-22 16:04:50,391 [Worker-69: Building] INFO  o.a.m.s.f.DefaultMavenResourcesFiltering - skip non existing resourceDirectory D:\JDBC\File_Encrypter\src\main\resources
2025-04-22 16:04:50,393 [Worker-69: Building] INFO  o.a.m.s.f.DefaultMavenResourcesFiltering - skip non existing resourceDirectory D:\JDBC\File_Encrypter\src\test\resources
2025-04-22 16:05:14,737 [Worker-69: Building] INFO  o.a.m.s.f.DefaultMavenResourcesFiltering - skip non existing resourceDirectory D:\JDBC\File_Encrypter\src\main\resources
2025-04-22 16:05:14,738 [Worker-69: Building] INFO  o.a.m.s.f.DefaultMavenResourcesFiltering - skip non existing resourceDirectory D:\JDBC\File_Encrypter\src\test\resources
2025-04-22 16:05:22,023 [Worker-60: Building] INFO  o.a.m.s.f.DefaultMavenResourcesFiltering - skip non existing resourceDirectory D:\JDBC\File_Encrypter\src\main\resources
2025-04-22 16:05:22,024 [Worker-60: Building] INFO  o.a.m.s.f.DefaultMavenResourcesFiltering - skip non existing resourceDirectory D:\JDBC\File_Encrypter\src\test\resources
2025-04-22 16:05:26,807 [Worker-58: Building] INFO  o.a.m.s.f.DefaultMavenResourcesFiltering - skip non existing resourceDirectory D:\JDBC\File_Encrypter\src\main\resources
2025-04-22 16:05:26,809 [Worker-58: Building] INFO  o.a.m.s.f.DefaultMavenResourcesFiltering - skip non existing resourceDirectory D:\JDBC\File_Encrypter\src\test\resources
2025-04-22 16:05:36,947 [Worker-58: Building] INFO  o.a.m.s.f.DefaultMavenResourcesFiltering - skip non existing resourceDirectory D:\JDBC\File_Encrypter\src\main\resources
2025-04-22 16:05:36,948 [Worker-58: Building] INFO  o.a.m.s.f.DefaultMavenResourcesFiltering - skip non existing resourceDirectory D:\JDBC\File_Encrypter\src\test\resources
2025-04-22 16:05:38,937 [Worker-69: Building] INFO  o.a.m.s.f.DefaultMavenResourcesFiltering - skip non existing resourceDirectory D:\JDBC\File_Encrypter\src\main\resources
2025-04-22 16:05:38,939 [Worker-69: Building] INFO  o.a.m.s.f.DefaultMavenResourcesFiltering - skip non existing resourceDirectory D:\JDBC\File_Encrypter\src\test\resources
2025-04-22 16:05:53,672 [Worker-58: Building] INFO  o.a.m.s.f.DefaultMavenResourcesFiltering - skip non existing resourceDirectory D:\JDBC\File_Encrypter\src\main\resources
2025-04-22 16:05:53,673 [Worker-58: Building] INFO  o.a.m.s.f.DefaultMavenResourcesFiltering - skip non existing resourceDirectory D:\JDBC\File_Encrypter\src\test\resources
2025-04-22 16:06:02,806 [Worker-60: Building] INFO  o.a.m.s.f.DefaultMavenResourcesFiltering - skip non existing resourceDirectory D:\JDBC\File_Encrypter\src\main\resources
2025-04-22 16:06:02,807 [Worker-60: Building] INFO  o.a.m.s.f.DefaultMavenResourcesFiltering - skip non existing resourceDirectory D:\JDBC\File_Encrypter\src\test\resources
2025-04-22 16:06:04,991 [Worker-68: Building] INFO  o.a.m.s.f.DefaultMavenResourcesFiltering - skip non existing resourceDirectory D:\JDBC\File_Encrypter\src\main\resources
2025-04-22 16:06:04,992 [Worker-68: Building] INFO  o.a.m.s.f.DefaultMavenResourcesFiltering - skip non existing resourceDirectory D:\JDBC\File_Encrypter\src\test\resources
2025-04-22 16:06:08,431 [Worker-58: Building] INFO  o.a.m.s.f.DefaultMavenResourcesFiltering - skip non existing resourceDirectory D:\JDBC\File_Encrypter\src\main\resources
2025-04-22 16:06:08,432 [Worker-58: Building] INFO  o.a.m.s.f.DefaultMavenResourcesFiltering - skip non existing resourceDirectory D:\JDBC\File_Encrypter\src\test\resources
2025-04-22 16:06:10,251 [Worker-58: Building] INFO  o.a.m.s.f.DefaultMavenResourcesFiltering - skip non existing resourceDirectory D:\JDBC\File_Encrypter\src\main\resources
2025-04-22 16:06:10,253 [Worker-58: Building] INFO  o.a.m.s.f.DefaultMavenResourcesFiltering - skip non existing resourceDirectory D:\JDBC\File_Encrypter\src\test\resources
2025-04-22 16:06:35,716 [Worker-60: Building] INFO  o.a.m.s.f.DefaultMavenResourcesFiltering - skip non existing resourceDirectory D:\JDBC\File_Encrypter\src\main\resources
2025-04-22 16:06:35,718 [Worker-60: Building] INFO  o.a.m.s.f.DefaultMavenResourcesFiltering - skip non existing resourceDirectory D:\JDBC\File_Encrypter\src\test\resources
2025-04-22 16:06:41,218 [Worker-58: Building] INFO  o.a.m.s.f.DefaultMavenResourcesFiltering - skip non existing resourceDirectory D:\JDBC\File_Encrypter\src\main\resources
2025-04-22 16:06:41,219 [Worker-58: Building] INFO  o.a.m.s.f.DefaultMavenResourcesFiltering - skip non existing resourceDirectory D:\JDBC\File_Encrypter\src\test\resources
2025-04-22 16:06:59,738 [Worker-68: Building] INFO  o.a.m.s.f.DefaultMavenResourcesFiltering - skip non existing resourceDirectory D:\JDBC\File_Encrypter\src\main\resources
2025-04-22 16:06:59,739 [Worker-68: Building] INFO  o.a.m.s.f.DefaultMavenResourcesFiltering - skip non existing resourceDirectory D:\JDBC\File_Encrypter\src\test\resources
2025-04-22 16:18:20,945 [Worker-64: Building] INFO  o.a.m.s.f.DefaultMavenResourcesFiltering - skip non existing resourceDirectory D:\JDBC\File_Encrypter\src\main\resources
2025-04-22 16:18:20,946 [Worker-64: Building] INFO  o.a.m.s.f.DefaultMavenResourcesFiltering - skip non existing resourceDirectory D:\JDBC\File_Encrypter\src\test\resources
2025-04-22 16:22:52,819 [Worker-73: Building] INFO  o.e.m.c.i.l.LifecycleMappingFactory - Using org.eclipse.m2e.jdt.JarLifecycleMapping lifecycle mapping for MavenProject: com.otp.sender:File_Encrypter:0.0.1-SNAPSHOT @ D:\JDBC\File_Encrypter\pom.xml.
2025-04-22 16:22:53,422 [Worker-73: Building] INFO  o.e.m.c.i.e.AbstractTransferListenerAdapter - Downloading https://repo.maven.apache.org/maven2/javax/mail/mail/1.4.7/mail-1.4.7.pom
2025-04-22 16:22:53,485 [Worker-73: Building] INFO  o.e.m.c.i.e.AbstractTransferListenerAdapter - Downloaded https://repo.maven.apache.org/maven2/javax/mail/mail/1.4.7/mail-1.4.7.pom
2025-04-22 16:22:53,673 [Worker-73: Building] INFO  o.e.m.c.i.e.AbstractTransferListenerAdapter - Downloading https://repo.maven.apache.org/maven2/com/sun/mail/all/1.4.7/all-1.4.7.pom
2025-04-22 16:22:53,804 [Worker-73: Building] INFO  o.e.m.c.i.e.AbstractTransferListenerAdapter - Downloaded https://repo.maven.apache.org/maven2/com/sun/mail/all/1.4.7/all-1.4.7.pom
2025-04-22 16:22:54,061 [Worker-73: Building] INFO  o.e.m.c.i.e.AbstractTransferListenerAdapter - Downloading https://repo.maven.apache.org/maven2/javax/mail/mail/1.4.7/mail-1.4.7.jar
2025-04-22 16:23:03,297 [Worker-73: Building] INFO  o.e.m.c.i.e.AbstractTransferListenerAdapter - Downloaded https://repo.maven.apache.org/maven2/javax/mail/mail/1.4.7/mail-1.4.7.jar
2025-04-22 16:23:03,394 [Worker-73: Building] INFO  o.a.m.s.f.DefaultMavenResourcesFiltering - skip non existing resourceDirectory D:\JDBC\File_Encrypter\src\main\resources
2025-04-22 16:23:03,395 [Worker-73: Building] INFO  o.a.m.s.f.DefaultMavenResourcesFiltering - skip non existing resourceDirectory D:\JDBC\File_Encrypter\src\test\resources
2025-04-22 16:23:03,882 [Worker-71: Building] INFO  o.a.m.s.f.DefaultMavenResourcesFiltering - skip non existing resourceDirectory D:\JDBC\File_Encrypter\src\main\resources
2025-04-22 16:23:03,883 [Worker-71: Building] INFO  o.a.m.s.f.DefaultMavenResourcesFiltering - skip non existing resourceDirectory D:\JDBC\File_Encrypter\src\test\resources
2025-04-22 16:23:04,614 [Worker-70: Download sources and javadoc] INFO  o.e.m.c.i.e.AbstractTransferListenerAdapter - Downloading https://repo.maven.apache.org/maven2/javax/mail/mail/1.4.7/mail-1.4.7-sources.jar
2025-04-22 16:23:05,661 [Worker-70: Download sources and javadoc] INFO  o.e.m.c.i.e.AbstractTransferListenerAdapter - Downloaded https://repo.maven.apache.org/maven2/javax/mail/mail/1.4.7/mail-1.4.7-sources.jar
2025-04-22 16:23:05,685 [Worker-70: Download sources and javadoc] INFO  o.e.m.j.internal.DownloadSourcesJob - Downloaded sources for javax.mail:mail:1.4.7
2025-04-22 16:23:10,262 [Worker-64: Building] INFO  o.e.m.c.i.l.LifecycleMappingFactory - Using org.eclipse.m2e.jdt.JarLifecycleMapping lifecycle mapping for MavenProject: com.otp.sender:File_Encrypter:0.0.1-SNAPSHOT @ D:\JDBC\File_Encrypter\pom.xml.
2025-04-22 16:23:10,347 [Worker-64: Building] INFO  o.a.m.s.f.DefaultMavenResourcesFiltering - skip non existing resourceDirectory D:\JDBC\File_Encrypter\src\main\resources
2025-04-22 16:23:10,349 [Worker-64: Building] INFO  o.a.m.s.f.DefaultMavenResourcesFiltering - skip non existing resourceDirectory D:\JDBC\File_Encrypter\src\test\resources
2025-04-22 16:24:24,075 [Worker-71: Updating Maven Project] INFO  o.e.m.c.i.p.ProjectConfigurationManager - Update started
2025-04-22 16:24:24,387 [Worker-71: Updating Maven Project] INFO  o.e.m.c.i.l.LifecycleMappingFactory - Using org.eclipse.m2e.jdt.JarLifecycleMapping lifecycle mapping for MavenProject: com.otp.sender:File_Encrypter:0.0.1-SNAPSHOT @ D:\JDBC\File_Encrypter\pom.xml.
2025-04-22 16:24:24,468 [Worker-71: Updating Maven Project] INFO  o.e.m.c.i.l.LifecycleMappingFactory - Using org.eclipse.m2e.jdt.JarLifecycleMapping lifecycle mapping for MavenProject: com.mongo.db:Java_MongoDB_Connection:0.0.1-SNAPSHOT @ D:\JDBC\Java_MongoDB_Connection\pom.xml.
2025-04-22 16:24:24,729 [Worker-71: Updating Maven Project] INFO  o.e.m.j.i.AbstractJavaProjectConfigurator - Adding source folder /File_Encrypter/src/main/java
2025-04-22 16:24:24,730 [Worker-71: Updating Maven Project] INFO  o.e.m.j.i.AbstractJavaProjectConfigurator - Adding resource folder /File_Encrypter/src/main/resources
2025-04-22 16:24:24,731 [Worker-71: Updating Maven Project] INFO  o.e.m.j.i.AbstractJavaProjectConfigurator - Adding source folder /File_Encrypter/src/test/java
2025-04-22 16:24:24,731 [Worker-71: Updating Maven Project] INFO  o.e.m.j.i.AbstractJavaProjectConfigurator - Adding resource folder /File_Encrypter/src/test/resources
2025-04-22 16:24:24,816 [Worker-71: Updating Maven Project] INFO  o.e.m.c.i.p.ProjectConfigurationManager - Update completed for 1 poms: local refresh takes 0.00 sec, refresh facades takes 0.00 sec, update config takes 0.00 sec 
2025-04-22 16:24:25,045 [Worker-64: Building] INFO  o.a.m.s.f.DefaultMavenResourcesFiltering - skip non existing resourceDirectory D:\JDBC\File_Encrypter\src\main\resources
2025-04-22 16:24:25,050 [Worker-64: Building] INFO  o.a.m.s.f.DefaultMavenResourcesFiltering - skip non existing resourceDirectory D:\JDBC\File_Encrypter\src\test\resources
2025-04-22 16:26:39,909 [Worker-71: Building] INFO  o.e.m.c.i.l.LifecycleMappingFactory - Using org.eclipse.m2e.jdt.JarLifecycleMapping lifecycle mapping for MavenProject: com.org:Mail-API:0.0.1-SNAPSHOT @ D:\HIBERNATE\Mail-API\pom.xml.
2025-04-22 16:26:39,969 [Worker-71: Building] WARN  o.a.m.s.f.DefaultMavenResourcesFiltering - Using platform encoding (UTF-8 actually) to copy filtered resources, i.e. build is platform dependent!
2025-04-22 16:26:39,976 [Worker-71: Building] INFO  o.a.m.s.f.DefaultMavenResourcesFiltering - Copying 0 resource from src\main\resources to target\classes
2025-04-22 16:26:39,978 [Worker-71: Building] WARN  o.a.m.s.f.DefaultMavenResourcesFiltering - Using platform encoding (UTF-8 actually) to copy filtered resources, i.e. build is platform dependent!
2025-04-22 16:26:39,979 [Worker-71: Building] INFO  o.a.m.s.f.DefaultMavenResourcesFiltering - Copying 0 resource from src\test\resources to target\test-classes
2025-04-22 16:26:40,238 [Worker-76: Building] WARN  o.a.m.s.f.DefaultMavenResourcesFiltering - Using platform encoding (UTF-8 actually) to copy filtered resources, i.e. build is platform dependent!
2025-04-22 16:26:40,241 [Worker-76: Building] INFO  o.a.m.s.f.DefaultMavenResourcesFiltering - Copying 0 resource from src\main\resources to target\classes
2025-04-22 16:26:40,243 [Worker-76: Building] WARN  o.a.m.s.f.DefaultMavenResourcesFiltering - Using platform encoding (UTF-8 actually) to copy filtered resources, i.e. build is platform dependent!
2025-04-22 16:26:40,245 [Worker-76: Building] INFO  o.a.m.s.f.DefaultMavenResourcesFiltering - Copying 0 resource from src\test\resources to target\test-classes
2025-04-22 16:26:40,479 [Worker-70: Updating Maven Dependencies] INFO  o.e.m.c.i.l.LifecycleMappingFactory - Using org.eclipse.m2e.jdt.JarLifecycleMapping lifecycle mapping for MavenProject: com.org:Mail-API:0.0.1-SNAPSHOT @ D:\HIBERNATE\Mail-API\pom.xml.
2025-04-22 16:28:08,896 [Worker-70: Building] INFO  o.a.m.s.f.DefaultMavenResourcesFiltering - skip non existing resourceDirectory D:\JDBC\File_Encrypter\src\main\resources
2025-04-22 16:28:08,897 [Worker-70: Building] INFO  o.a.m.s.f.DefaultMavenResourcesFiltering - skip non existing resourceDirectory D:\JDBC\File_Encrypter\src\test\resources
2025-04-22 16:28:20,278 [Worker-76: Building] INFO  o.a.m.s.f.DefaultMavenResourcesFiltering - skip non existing resourceDirectory D:\JDBC\File_Encrypter\src\main\resources
2025-04-22 16:28:20,278 [Worker-76: Building] INFO  o.a.m.s.f.DefaultMavenResourcesFiltering - skip non existing resourceDirectory D:\JDBC\File_Encrypter\src\test\resources
2025-04-22 16:28:23,245 [Worker-70: Building] INFO  o.a.m.s.f.DefaultMavenResourcesFiltering - skip non existing resourceDirectory D:\JDBC\File_Encrypter\src\main\resources
2025-04-22 16:28:23,247 [Worker-70: Building] INFO  o.a.m.s.f.DefaultMavenResourcesFiltering - skip non existing resourceDirectory D:\JDBC\File_Encrypter\src\test\resources
2025-04-22 16:28:25,801 [Worker-75: Building] INFO  o.a.m.s.f.DefaultMavenResourcesFiltering - skip non existing resourceDirectory D:\JDBC\File_Encrypter\src\main\resources
2025-04-22 16:28:25,802 [Worker-75: Building] INFO  o.a.m.s.f.DefaultMavenResourcesFiltering - skip non existing resourceDirectory D:\JDBC\File_Encrypter\src\test\resources
2025-04-22 16:28:28,956 [Worker-75: Building] INFO  o.a.m.s.f.DefaultMavenResourcesFiltering - skip non existing resourceDirectory D:\JDBC\File_Encrypter\src\main\resources
2025-04-22 16:28:28,957 [Worker-75: Building] INFO  o.a.m.s.f.DefaultMavenResourcesFiltering - skip non existing resourceDirectory D:\JDBC\File_Encrypter\src\test\resources
2025-04-22 16:31:21,060 [Worker-75: Building] INFO  o.a.m.s.f.DefaultMavenResourcesFiltering - skip non existing resourceDirectory D:\JDBC\File_Encrypter\src\main\resources
2025-04-22 16:31:21,062 [Worker-75: Building] INFO  o.a.m.s.f.DefaultMavenResourcesFiltering - skip non existing resourceDirectory D:\JDBC\File_Encrypter\src\test\resources
2025-04-22 16:32:09,857 [Worker-76: Building] INFO  o.e.m.c.i.l.LifecycleMappingFactory - Using org.eclipse.m2e.jdt.JarLifecycleMapping lifecycle mapping for MavenProject: com.otp.sender:File_Encrypter:0.0.1-SNAPSHOT @ D:\JDBC\File_Encrypter\pom.xml.
2025-04-22 16:32:10,040 [Worker-76: Building] INFO  o.a.m.s.f.DefaultMavenResourcesFiltering - skip non existing resourceDirectory D:\JDBC\File_Encrypter\src\main\resources
2025-04-22 16:32:10,045 [Worker-76: Building] INFO  o.a.m.s.f.DefaultMavenResourcesFiltering - skip non existing resourceDirectory D:\JDBC\File_Encrypter\src\test\resources
2025-04-22 16:32:11,503 [Worker-74: Building] INFO  o.a.m.s.f.DefaultMavenResourcesFiltering - skip non existing resourceDirectory D:\JDBC\File_Encrypter\src\main\resources
2025-04-22 16:32:11,504 [Worker-74: Building] INFO  o.a.m.s.f.DefaultMavenResourcesFiltering - skip non existing resourceDirectory D:\JDBC\File_Encrypter\src\test\resources
2025-04-22 16:32:33,525 [Worker-77: Updating Maven Project] INFO  o.e.m.c.i.p.ProjectConfigurationManager - Update started
2025-04-22 16:32:33,754 [Worker-77: Updating Maven Project] INFO  o.e.m.c.i.l.LifecycleMappingFactory - Using org.eclipse.m2e.jdt.JarLifecycleMapping lifecycle mapping for MavenProject: com.otp.sender:File_Encrypter:0.0.1-SNAPSHOT @ D:\JDBC\File_Encrypter\pom.xml.
2025-04-22 16:32:33,822 [Worker-77: Updating Maven Project] INFO  o.e.m.c.i.l.LifecycleMappingFactory - Using org.eclipse.m2e.jdt.JarLifecycleMapping lifecycle mapping for MavenProject: com.mongo.db:Java_MongoDB_Connection:0.0.1-SNAPSHOT @ D:\JDBC\Java_MongoDB_Connection\pom.xml.
2025-04-22 16:32:33,894 [Worker-77: Updating Maven Project] INFO  o.e.m.c.i.l.LifecycleMappingFactory - Using org.eclipse.m2e.jdt.JarLifecycleMapping lifecycle mapping for MavenProject: com.org:Mail-API:0.0.1-SNAPSHOT @ D:\HIBERNATE\Mail-API\pom.xml.
2025-04-22 16:32:34,078 [Worker-77: Updating Maven Project] INFO  o.e.m.j.i.AbstractJavaProjectConfigurator - Adding source folder /File_Encrypter/src/main/java
2025-04-22 16:32:34,078 [Worker-77: Updating Maven Project] INFO  o.e.m.j.i.AbstractJavaProjectConfigurator - Adding resource folder /File_Encrypter/src/main/resources
2025-04-22 16:32:34,079 [Worker-77: Updating Maven Project] INFO  o.e.m.j.i.AbstractJavaProjectConfigurator - Adding source folder /File_Encrypter/src/test/java
2025-04-22 16:32:34,079 [Worker-77: Updating Maven Project] INFO  o.e.m.j.i.AbstractJavaProjectConfigurator - Adding resource folder /File_Encrypter/src/test/resources
2025-04-22 16:32:34,143 [Worker-77: Updating Maven Project] INFO  o.e.m.c.i.p.ProjectConfigurationManager - Update completed for 1 poms: local refresh takes 0.00 sec, refresh facades takes 0.00 sec, update config takes 0.00 sec 
2025-04-22 16:32:34,363 [Worker-77: Building] INFO  o.a.m.s.f.DefaultMavenResourcesFiltering - skip non existing resourceDirectory D:\JDBC\File_Encrypter\src\main\resources
2025-04-22 16:32:34,366 [Worker-77: Building] INFO  o.a.m.s.f.DefaultMavenResourcesFiltering - skip non existing resourceDirectory D:\JDBC\File_Encrypter\src\test\resources
2025-04-22 18:34:39,847 [Worker-9: Loading available Gradle versions] INFO  o.e.b.c.i.u.g.PublishedGradleVersions - Gradle version information cache is out-of-date. Trying to update.
2025-04-22 18:34:40,540 [Worker-9: Loading available Gradle versions] INFO  o.e.b.c.i.u.g.PublishedGradleVersions - Updating Gradle version information cache failed. Using outdated cache.
2025-04-22 18:39:01,859 [Worker-29: Building] WARN  o.a.m.s.f.DefaultMavenResourcesFiltering - Using platform encoding (UTF-8 actually) to copy filtered resources, i.e. build is platform dependent!
2025-04-22 18:39:01,870 [Worker-29: Building] INFO  o.a.m.s.f.DefaultMavenResourcesFiltering - Copying 0 resource from src\main\resources to target\classes
2025-04-22 18:39:01,876 [Worker-29: Building] WARN  o.a.m.s.f.DefaultMavenResourcesFiltering - Using platform encoding (UTF-8 actually) to copy filtered resources, i.e. build is platform dependent!
2025-04-22 18:39:01,878 [Worker-29: Building] INFO  o.a.m.s.f.DefaultMavenResourcesFiltering - Copying 0 resource from src\test\resources to target\test-classes
2025-04-22 18:39:06,619 [Worker-9: Building] WARN  o.a.m.s.f.DefaultMavenResourcesFiltering - Using platform encoding (UTF-8 actually) to copy filtered resources, i.e. build is platform dependent!
2025-04-22 18:39:06,626 [Worker-9: Building] INFO  o.a.m.s.f.DefaultMavenResourcesFiltering - Copying 0 resource from src\main\resources to target\classes
2025-04-22 18:39:06,634 [Worker-9: Building] WARN  o.a.m.s.f.DefaultMavenResourcesFiltering - Using platform encoding (UTF-8 actually) to copy filtered resources, i.e. build is platform dependent!
2025-04-22 18:39:06,636 [Worker-9: Building] INFO  o.a.m.s.f.DefaultMavenResourcesFiltering - Copying 0 resource from src\test\resources to target\test-classes
2025-04-22 18:46:27,575 [Worker-30: Building] WARN  o.a.m.s.f.DefaultMavenResourcesFiltering - Using platform encoding (UTF-8 actually) to copy filtered resources, i.e. build is platform dependent!
2025-04-22 18:46:27,577 [Worker-30: Building] INFO  o.a.m.s.f.DefaultMavenResourcesFiltering - Copying 0 resource from src\main\resources to target\classes
2025-04-22 18:46:27,582 [Worker-30: Building] WARN  o.a.m.s.f.DefaultMavenResourcesFiltering - Using platform encoding (UTF-8 actually) to copy filtered resources, i.e. build is platform dependent!
2025-04-22 18:46:27,583 [Worker-30: Building] INFO  o.a.m.s.f.DefaultMavenResourcesFiltering - Copying 0 resource from src\test\resources to target\test-classes
2025-04-22 18:46:31,589 [Worker-35: Building] WARN  o.a.m.s.f.DefaultMavenResourcesFiltering - Using platform encoding (UTF-8 actually) to copy filtered resources, i.e. build is platform dependent!
2025-04-22 18:46:31,591 [Worker-35: Building] INFO  o.a.m.s.f.DefaultMavenResourcesFiltering - Copying 0 resource from src\main\resources to target\classes
2025-04-22 18:46:31,594 [Worker-35: Building] WARN  o.a.m.s.f.DefaultMavenResourcesFiltering - Using platform encoding (UTF-8 actually) to copy filtered resources, i.e. build is platform dependent!
2025-04-22 18:46:31,595 [Worker-35: Building] INFO  o.a.m.s.f.DefaultMavenResourcesFiltering - Copying 0 resource from src\test\resources to target\test-classes
2025-04-22 18:47:05,965 [Worker-35: Building] WARN  o.a.m.s.f.DefaultMavenResourcesFiltering - Using platform encoding (UTF-8 actually) to copy filtered resources, i.e. build is platform dependent!
2025-04-22 18:47:05,968 [Worker-35: Building] INFO  o.a.m.s.f.DefaultMavenResourcesFiltering - Copying 0 resource from src\main\resources to target\classes
2025-04-22 18:47:05,971 [Worker-35: Building] WARN  o.a.m.s.f.DefaultMavenResourcesFiltering - Using platform encoding (UTF-8 actually) to copy filtered resources, i.e. build is platform dependent!
2025-04-22 18:47:05,973 [Worker-35: Building] INFO  o.a.m.s.f.DefaultMavenResourcesFiltering - Copying 0 resource from src\test\resources to target\test-classes
2025-04-22 18:47:12,345 [Worker-35: Building] WARN  o.a.m.s.f.DefaultMavenResourcesFiltering - Using platform encoding (UTF-8 actually) to copy filtered resources, i.e. build is platform dependent!
2025-04-22 18:47:12,347 [Worker-35: Building] INFO  o.a.m.s.f.DefaultMavenResourcesFiltering - Copying 0 resource from src\main\resources to target\classes
2025-04-22 18:47:12,352 [Worker-35: Building] WARN  o.a.m.s.f.DefaultMavenResourcesFiltering - Using platform encoding (UTF-8 actually) to copy filtered resources, i.e. build is platform dependent!
2025-04-22 18:47:12,354 [Worker-35: Building] INFO  o.a.m.s.f.DefaultMavenResourcesFiltering - Copying 0 resource from src\test\resources to target\test-classes
2025-04-22 18:47:30,069 [Worker-33: Building] WARN  o.a.m.s.f.DefaultMavenResourcesFiltering - Using platform encoding (UTF-8 actually) to copy filtered resources, i.e. build is platform dependent!
2025-04-22 18:47:30,071 [Worker-33: Building] INFO  o.a.m.s.f.DefaultMavenResourcesFiltering - Copying 0 resource from src\main\resources to target\classes
2025-04-22 18:47:30,074 [Worker-33: Building] WARN  o.a.m.s.f.DefaultMavenResourcesFiltering - Using platform encoding (UTF-8 actually) to copy filtered resources, i.e. build is platform dependent!
2025-04-22 18:47:30,075 [Worker-33: Building] INFO  o.a.m.s.f.DefaultMavenResourcesFiltering - Copying 0 resource from src\test\resources to target\test-classes
2025-04-22 18:47:38,409 [Worker-11: Building] WARN  o.a.m.s.f.DefaultMavenResourcesFiltering - Using platform encoding (UTF-8 actually) to copy filtered resources, i.e. build is platform dependent!
2025-04-22 18:47:38,411 [Worker-11: Building] INFO  o.a.m.s.f.DefaultMavenResourcesFiltering - Copying 0 resource from src\main\resources to target\classes
2025-04-22 18:47:38,415 [Worker-11: Building] WARN  o.a.m.s.f.DefaultMavenResourcesFiltering - Using platform encoding (UTF-8 actually) to copy filtered resources, i.e. build is platform dependent!
2025-04-22 18:47:38,418 [Worker-11: Building] INFO  o.a.m.s.f.DefaultMavenResourcesFiltering - Copying 0 resource from src\test\resources to target\test-classes
2025-04-22 18:47:47,704 [Worker-11: Building] WARN  o.a.m.s.f.DefaultMavenResourcesFiltering - Using platform encoding (UTF-8 actually) to copy filtered resources, i.e. build is platform dependent!
2025-04-22 18:47:47,706 [Worker-11: Building] INFO  o.a.m.s.f.DefaultMavenResourcesFiltering - Copying 0 resource from src\main\resources to target\classes
2025-04-22 18:47:47,712 [Worker-11: Building] WARN  o.a.m.s.f.DefaultMavenResourcesFiltering - Using platform encoding (UTF-8 actually) to copy filtered resources, i.e. build is platform dependent!
2025-04-22 18:47:47,716 [Worker-11: Building] INFO  o.a.m.s.f.DefaultMavenResourcesFiltering - Copying 0 resource from src\test\resources to target\test-classes
2025-04-22 18:48:56,167 [Worker-37: Building] WARN  o.a.m.s.f.DefaultMavenResourcesFiltering - Using platform encoding (UTF-8 actually) to copy filtered resources, i.e. build is platform dependent!
2025-04-22 18:48:56,169 [Worker-37: Building] INFO  o.a.m.s.f.DefaultMavenResourcesFiltering - Copying 0 resource from src\main\resources to target\classes
2025-04-22 18:48:56,173 [Worker-37: Building] WARN  o.a.m.s.f.DefaultMavenResourcesFiltering - Using platform encoding (UTF-8 actually) to copy filtered resources, i.e. build is platform dependent!
2025-04-22 18:48:56,174 [Worker-37: Building] INFO  o.a.m.s.f.DefaultMavenResourcesFiltering - Copying 0 resource from src\test\resources to target\test-classes
2025-04-22 18:49:16,094 [Worker-34: Building] WARN  o.a.m.s.f.DefaultMavenResourcesFiltering - Using platform encoding (UTF-8 actually) to copy filtered resources, i.e. build is platform dependent!
2025-04-22 18:49:16,096 [Worker-34: Building] INFO  o.a.m.s.f.DefaultMavenResourcesFiltering - Copying 0 resource from src\main\resources to target\classes
2025-04-22 18:49:16,100 [Worker-34: Building] WARN  o.a.m.s.f.DefaultMavenResourcesFiltering - Using platform encoding (UTF-8 actually) to copy filtered resources, i.e. build is platform dependent!
2025-04-22 18:49:16,101 [Worker-34: Building] INFO  o.a.m.s.f.DefaultMavenResourcesFiltering - Copying 0 resource from src\test\resources to target\test-classes
2025-04-22 18:50:58,070 [Worker-30: Building] WARN  o.a.m.s.f.DefaultMavenResourcesFiltering - Using platform encoding (UTF-8 actually) to copy filtered resources, i.e. build is platform dependent!
2025-04-22 18:50:58,071 [Worker-30: Building] INFO  o.a.m.s.f.DefaultMavenResourcesFiltering - Copying 0 resource from src\main\resources to target\classes
2025-04-22 18:50:58,077 [Worker-30: Building] WARN  o.a.m.s.f.DefaultMavenResourcesFiltering - Using platform encoding (UTF-8 actually) to copy filtered resources, i.e. build is platform dependent!
2025-04-22 18:50:58,078 [Worker-30: Building] INFO  o.a.m.s.f.DefaultMavenResourcesFiltering - Copying 0 resource from src\test\resources to target\test-classes
2025-04-22 18:50:59,698 [Worker-33: Building] WARN  o.a.m.s.f.DefaultMavenResourcesFiltering - Using platform encoding (UTF-8 actually) to copy filtered resources, i.e. build is platform dependent!
2025-04-22 18:50:59,700 [Worker-33: Building] INFO  o.a.m.s.f.DefaultMavenResourcesFiltering - Copying 0 resource from src\main\resources to target\classes
2025-04-22 18:50:59,702 [Worker-33: Building] WARN  o.a.m.s.f.DefaultMavenResourcesFiltering - Using platform encoding (UTF-8 actually) to copy filtered resources, i.e. build is platform dependent!
2025-04-22 18:50:59,704 [Worker-33: Building] INFO  o.a.m.s.f.DefaultMavenResourcesFiltering - Copying 0 resource from src\test\resources to target\test-classes
2025-04-22 18:51:17,372 [Worker-35: Building] WARN  o.a.m.s.f.DefaultMavenResourcesFiltering - Using platform encoding (UTF-8 actually) to copy filtered resources, i.e. build is platform dependent!
2025-04-22 18:51:17,374 [Worker-35: Building] INFO  o.a.m.s.f.DefaultMavenResourcesFiltering - Copying 0 resource from src\main\resources to target\classes
2025-04-22 18:51:17,377 [Worker-35: Building] WARN  o.a.m.s.f.DefaultMavenResourcesFiltering - Using platform encoding (UTF-8 actually) to copy filtered resources, i.e. build is platform dependent!
2025-04-22 18:51:17,379 [Worker-35: Building] INFO  o.a.m.s.f.DefaultMavenResourcesFiltering - Copying 0 resource from src\test\resources to target\test-classes
2025-04-22 18:51:28,615 [Worker-35: Building] WARN  o.a.m.s.f.DefaultMavenResourcesFiltering - Using platform encoding (UTF-8 actually) to copy filtered resources, i.e. build is platform dependent!
2025-04-22 18:51:28,616 [Worker-35: Building] INFO  o.a.m.s.f.DefaultMavenResourcesFiltering - Copying 0 resource from src\main\resources to target\classes
2025-04-22 18:51:28,619 [Worker-35: Building] WARN  o.a.m.s.f.DefaultMavenResourcesFiltering - Using platform encoding (UTF-8 actually) to copy filtered resources, i.e. build is platform dependent!
2025-04-22 18:51:28,621 [Worker-35: Building] INFO  o.a.m.s.f.DefaultMavenResourcesFiltering - Copying 0 resource from src\test\resources to target\test-classes
2025-04-22 18:51:29,938 [Worker-38: Building] WARN  o.a.m.s.f.DefaultMavenResourcesFiltering - Using platform encoding (UTF-8 actually) to copy filtered resources, i.e. build is platform dependent!
2025-04-22 18:51:29,939 [Worker-38: Building] INFO  o.a.m.s.f.DefaultMavenResourcesFiltering - Copying 0 resource from src\main\resources to target\classes
2025-04-22 18:51:29,941 [Worker-38: Building] WARN  o.a.m.s.f.DefaultMavenResourcesFiltering - Using platform encoding (UTF-8 actually) to copy filtered resources, i.e. build is platform dependent!
2025-04-22 18:51:29,942 [Worker-38: Building] INFO  o.a.m.s.f.DefaultMavenResourcesFiltering - Copying 0 resource from src\test\resources to target\test-classes
2025-04-22 18:52:17,131 [Worker-30: Building] WARN  o.a.m.s.f.DefaultMavenResourcesFiltering - Using platform encoding (UTF-8 actually) to copy filtered resources, i.e. build is platform dependent!
2025-04-22 18:52:17,133 [Worker-30: Building] INFO  o.a.m.s.f.DefaultMavenResourcesFiltering - Copying 0 resource from src\main\resources to target\classes
2025-04-22 18:52:17,137 [Worker-30: Building] WARN  o.a.m.s.f.DefaultMavenResourcesFiltering - Using platform encoding (UTF-8 actually) to copy filtered resources, i.e. build is platform dependent!
2025-04-22 18:52:17,140 [Worker-30: Building] INFO  o.a.m.s.f.DefaultMavenResourcesFiltering - Copying 0 resource from src\test\resources to target\test-classes
2025-04-22 18:52:25,569 [Worker-37: Building] WARN  o.a.m.s.f.DefaultMavenResourcesFiltering - Using platform encoding (UTF-8 actually) to copy filtered resources, i.e. build is platform dependent!
2025-04-22 18:52:25,572 [Worker-37: Building] INFO  o.a.m.s.f.DefaultMavenResourcesFiltering - Copying 0 resource from src\main\resources to target\classes
2025-04-22 18:52:25,575 [Worker-37: Building] WARN  o.a.m.s.f.DefaultMavenResourcesFiltering - Using platform encoding (UTF-8 actually) to copy filtered resources, i.e. build is platform dependent!
2025-04-22 18:52:25,577 [Worker-37: Building] INFO  o.a.m.s.f.DefaultMavenResourcesFiltering - Copying 0 resource from src\test\resources to target\test-classes
2025-04-22 18:52:28,166 [Worker-38: Building] WARN  o.a.m.s.f.DefaultMavenResourcesFiltering - Using platform encoding (UTF-8 actually) to copy filtered resources, i.e. build is platform dependent!
2025-04-22 18:52:28,168 [Worker-38: Building] INFO  o.a.m.s.f.DefaultMavenResourcesFiltering - Copying 0 resource from src\main\resources to target\classes
2025-04-22 18:52:28,171 [Worker-38: Building] WARN  o.a.m.s.f.DefaultMavenResourcesFiltering - Using platform encoding (UTF-8 actually) to copy filtered resources, i.e. build is platform dependent!
2025-04-22 18:52:28,173 [Worker-38: Building] INFO  o.a.m.s.f.DefaultMavenResourcesFiltering - Copying 0 resource from src\test\resources to target\test-classes
2025-04-22 18:52:52,365 [Worker-30: Building] WARN  o.a.m.s.f.DefaultMavenResourcesFiltering - Using platform encoding (UTF-8 actually) to copy filtered resources, i.e. build is platform dependent!
2025-04-22 18:52:52,366 [Worker-30: Building] INFO  o.a.m.s.f.DefaultMavenResourcesFiltering - Copying 0 resource from src\main\resources to target\classes
2025-04-22 18:52:52,369 [Worker-30: Building] WARN  o.a.m.s.f.DefaultMavenResourcesFiltering - Using platform encoding (UTF-8 actually) to copy filtered resources, i.e. build is platform dependent!
2025-04-22 18:52:52,369 [Worker-30: Building] INFO  o.a.m.s.f.DefaultMavenResourcesFiltering - Copying 0 resource from src\test\resources to target\test-classes
2025-04-22 18:53:09,633 [Worker-33: Building] WARN  o.a.m.s.f.DefaultMavenResourcesFiltering - Using platform encoding (UTF-8 actually) to copy filtered resources, i.e. build is platform dependent!
2025-04-22 18:53:09,635 [Worker-33: Building] INFO  o.a.m.s.f.DefaultMavenResourcesFiltering - Copying 0 resource from src\main\resources to target\classes
2025-04-22 18:53:09,638 [Worker-33: Building] WARN  o.a.m.s.f.DefaultMavenResourcesFiltering - Using platform encoding (UTF-8 actually) to copy filtered resources, i.e. build is platform dependent!
2025-04-22 18:53:09,638 [Worker-33: Building] INFO  o.a.m.s.f.DefaultMavenResourcesFiltering - Copying 0 resource from src\test\resources to target\test-classes
2025-04-22 18:53:11,301 [Worker-37: Building] WARN  o.a.m.s.f.DefaultMavenResourcesFiltering - Using platform encoding (UTF-8 actually) to copy filtered resources, i.e. build is platform dependent!
2025-04-22 18:53:11,303 [Worker-37: Building] INFO  o.a.m.s.f.DefaultMavenResourcesFiltering - Copying 0 resource from src\main\resources to target\classes
2025-04-22 18:53:11,306 [Worker-37: Building] WARN  o.a.m.s.f.DefaultMavenResourcesFiltering - Using platform encoding (UTF-8 actually) to copy filtered resources, i.e. build is platform dependent!
2025-04-22 18:53:11,308 [Worker-37: Building] INFO  o.a.m.s.f.DefaultMavenResourcesFiltering - Copying 0 resource from src\test\resources to target\test-classes
2025-04-22 18:53:12,811 [Worker-33: Building] WARN  o.a.m.s.f.DefaultMavenResourcesFiltering - Using platform encoding (UTF-8 actually) to copy filtered resources, i.e. build is platform dependent!
2025-04-22 18:53:12,813 [Worker-33: Building] INFO  o.a.m.s.f.DefaultMavenResourcesFiltering - Copying 0 resource from src\main\resources to target\classes
2025-04-22 18:53:12,814 [Worker-33: Building] WARN  o.a.m.s.f.DefaultMavenResourcesFiltering - Using platform encoding (UTF-8 actually) to copy filtered resources, i.e. build is platform dependent!
2025-04-22 18:53:12,815 [Worker-33: Building] INFO  o.a.m.s.f.DefaultMavenResourcesFiltering - Copying 0 resource from src\test\resources to target\test-classes
2025-04-22 18:53:14,709 [Worker-30: Building] WARN  o.a.m.s.f.DefaultMavenResourcesFiltering - Using platform encoding (UTF-8 actually) to copy filtered resources, i.e. build is platform dependent!
2025-04-22 18:53:14,710 [Worker-30: Building] INFO  o.a.m.s.f.DefaultMavenResourcesFiltering - Copying 0 resource from src\main\resources to target\classes
2025-04-22 18:53:14,713 [Worker-30: Building] WARN  o.a.m.s.f.DefaultMavenResourcesFiltering - Using platform encoding (UTF-8 actually) to copy filtered resources, i.e. build is platform dependent!
2025-04-22 18:53:14,714 [Worker-30: Building] INFO  o.a.m.s.f.DefaultMavenResourcesFiltering - Copying 0 resource from src\test\resources to target\test-classes
2025-04-22 18:53:16,357 [Worker-35: Building] WARN  o.a.m.s.f.DefaultMavenResourcesFiltering - Using platform encoding (UTF-8 actually) to copy filtered resources, i.e. build is platform dependent!
2025-04-22 18:53:16,369 [Worker-35: Building] INFO  o.a.m.s.f.DefaultMavenResourcesFiltering - Copying 0 resource from src\main\resources to target\classes
2025-04-22 18:53:16,371 [Worker-35: Building] WARN  o.a.m.s.f.DefaultMavenResourcesFiltering - Using platform encoding (UTF-8 actually) to copy filtered resources, i.e. build is platform dependent!
2025-04-22 18:53:16,373 [Worker-35: Building] INFO  o.a.m.s.f.DefaultMavenResourcesFiltering - Copying 0 resource from src\test\resources to target\test-classes
2025-04-22 18:53:23,303 [Worker-38: Building] WARN  o.a.m.s.f.DefaultMavenResourcesFiltering - Using platform encoding (UTF-8 actually) to copy filtered resources, i.e. build is platform dependent!
2025-04-22 18:53:23,304 [Worker-38: Building] INFO  o.a.m.s.f.DefaultMavenResourcesFiltering - Copying 0 resource from src\main\resources to target\classes
2025-04-22 18:53:23,307 [Worker-38: Building] WARN  o.a.m.s.f.DefaultMavenResourcesFiltering - Using platform encoding (UTF-8 actually) to copy filtered resources, i.e. build is platform dependent!
2025-04-22 18:53:23,308 [Worker-38: Building] INFO  o.a.m.s.f.DefaultMavenResourcesFiltering - Copying 0 resource from src\test\resources to target\test-classes
2025-04-22 18:53:26,621 [Worker-30: Building] WARN  o.a.m.s.f.DefaultMavenResourcesFiltering - Using platform encoding (UTF-8 actually) to copy filtered resources, i.e. build is platform dependent!
2025-04-22 18:53:26,623 [Worker-30: Building] INFO  o.a.m.s.f.DefaultMavenResourcesFiltering - Copying 0 resource from src\main\resources to target\classes
2025-04-22 18:53:26,626 [Worker-30: Building] WARN  o.a.m.s.f.DefaultMavenResourcesFiltering - Using platform encoding (UTF-8 actually) to copy filtered resources, i.e. build is platform dependent!
2025-04-22 18:53:26,628 [Worker-30: Building] INFO  o.a.m.s.f.DefaultMavenResourcesFiltering - Copying 0 resource from src\test\resources to target\test-classes
2025-04-22 18:53:28,720 [Worker-30: Building] WARN  o.a.m.s.f.DefaultMavenResourcesFiltering - Using platform encoding (UTF-8 actually) to copy filtered resources, i.e. build is platform dependent!
2025-04-22 18:53:28,721 [Worker-30: Building] INFO  o.a.m.s.f.DefaultMavenResourcesFiltering - Copying 0 resource from src\main\resources to target\classes
2025-04-22 18:53:28,724 [Worker-30: Building] WARN  o.a.m.s.f.DefaultMavenResourcesFiltering - Using platform encoding (UTF-8 actually) to copy filtered resources, i.e. build is platform dependent!
2025-04-22 18:53:28,724 [Worker-30: Building] INFO  o.a.m.s.f.DefaultMavenResourcesFiltering - Copying 0 resource from src\test\resources to target\test-classes
2025-04-22 18:53:32,667 [Worker-35: Building] WARN  o.a.m.s.f.DefaultMavenResourcesFiltering - Using platform encoding (UTF-8 actually) to copy filtered resources, i.e. build is platform dependent!
2025-04-22 18:53:32,668 [Worker-35: Building] INFO  o.a.m.s.f.DefaultMavenResourcesFiltering - Copying 0 resource from src\main\resources to target\classes
2025-04-22 18:53:32,670 [Worker-35: Building] WARN  o.a.m.s.f.DefaultMavenResourcesFiltering - Using platform encoding (UTF-8 actually) to copy filtered resources, i.e. build is platform dependent!
2025-04-22 18:53:32,671 [Worker-35: Building] INFO  o.a.m.s.f.DefaultMavenResourcesFiltering - Copying 0 resource from src\test\resources to target\test-classes
2025-04-22 18:53:40,801 [Worker-35: Building] WARN  o.a.m.s.f.DefaultMavenResourcesFiltering - Using platform encoding (UTF-8 actually) to copy filtered resources, i.e. build is platform dependent!
2025-04-22 18:53:40,803 [Worker-35: Building] INFO  o.a.m.s.f.DefaultMavenResourcesFiltering - Copying 0 resource from src\main\resources to target\classes
2025-04-22 18:53:40,806 [Worker-35: Building] WARN  o.a.m.s.f.DefaultMavenResourcesFiltering - Using platform encoding (UTF-8 actually) to copy filtered resources, i.e. build is platform dependent!
2025-04-22 18:53:40,807 [Worker-35: Building] INFO  o.a.m.s.f.DefaultMavenResourcesFiltering - Copying 0 resource from src\test\resources to target\test-classes
2025-04-22 18:53:52,761 [Worker-33: Building] WARN  o.a.m.s.f.DefaultMavenResourcesFiltering - Using platform encoding (UTF-8 actually) to copy filtered resources, i.e. build is platform dependent!
2025-04-22 18:53:52,763 [Worker-33: Building] INFO  o.a.m.s.f.DefaultMavenResourcesFiltering - Copying 0 resource from src\main\resources to target\classes
2025-04-22 18:53:52,765 [Worker-33: Building] WARN  o.a.m.s.f.DefaultMavenResourcesFiltering - Using platform encoding (UTF-8 actually) to copy filtered resources, i.e. build is platform dependent!
2025-04-22 18:53:52,766 [Worker-33: Building] INFO  o.a.m.s.f.DefaultMavenResourcesFiltering - Copying 0 resource from src\test\resources to target\test-classes
2025-04-22 18:54:17,887 [Worker-30: Building] WARN  o.a.m.s.f.DefaultMavenResourcesFiltering - Using platform encoding (UTF-8 actually) to copy filtered resources, i.e. build is platform dependent!
2025-04-22 18:54:17,890 [Worker-30: Building] INFO  o.a.m.s.f.DefaultMavenResourcesFiltering - Copying 0 resource from src\main\resources to target\classes
2025-04-22 18:54:17,893 [Worker-30: Building] WARN  o.a.m.s.f.DefaultMavenResourcesFiltering - Using platform encoding (UTF-8 actually) to copy filtered resources, i.e. build is platform dependent!
2025-04-22 18:54:17,895 [Worker-30: Building] INFO  o.a.m.s.f.DefaultMavenResourcesFiltering - Copying 0 resource from src\test\resources to target\test-classes
2025-04-22 18:54:28,099 [Worker-35: Building] WARN  o.a.m.s.f.DefaultMavenResourcesFiltering - Using platform encoding (UTF-8 actually) to copy filtered resources, i.e. build is platform dependent!
2025-04-22 18:54:28,100 [Worker-35: Building] INFO  o.a.m.s.f.DefaultMavenResourcesFiltering - Copying 0 resource from src\main\resources to target\classes
2025-04-22 18:54:28,103 [Worker-35: Building] WARN  o.a.m.s.f.DefaultMavenResourcesFiltering - Using platform encoding (UTF-8 actually) to copy filtered resources, i.e. build is platform dependent!
2025-04-22 18:54:28,104 [Worker-35: Building] INFO  o.a.m.s.f.DefaultMavenResourcesFiltering - Copying 0 resource from src\test\resources to target\test-classes
2025-04-22 18:54:34,093 [Worker-33: Building] WARN  o.a.m.s.f.DefaultMavenResourcesFiltering - Using platform encoding (UTF-8 actually) to copy filtered resources, i.e. build is platform dependent!
2025-04-22 18:54:34,094 [Worker-33: Building] INFO  o.a.m.s.f.DefaultMavenResourcesFiltering - Copying 0 resource from src\main\resources to target\classes
2025-04-22 18:54:34,096 [Worker-33: Building] WARN  o.a.m.s.f.DefaultMavenResourcesFiltering - Using platform encoding (UTF-8 actually) to copy filtered resources, i.e. build is platform dependent!
2025-04-22 18:54:34,097 [Worker-33: Building] INFO  o.a.m.s.f.DefaultMavenResourcesFiltering - Copying 0 resource from src\test\resources to target\test-classes
2025-04-22 18:55:18,104 [Worker-35: Building] WARN  o.a.m.s.f.DefaultMavenResourcesFiltering - Using platform encoding (UTF-8 actually) to copy filtered resources, i.e. build is platform dependent!
2025-04-22 18:55:18,104 [Worker-35: Building] INFO  o.a.m.s.f.DefaultMavenResourcesFiltering - Copying 0 resource from src\main\resources to target\classes
2025-04-22 18:55:18,106 [Worker-35: Building] WARN  o.a.m.s.f.DefaultMavenResourcesFiltering - Using platform encoding (UTF-8 actually) to copy filtered resources, i.e. build is platform dependent!
2025-04-22 18:55:18,108 [Worker-35: Building] INFO  o.a.m.s.f.DefaultMavenResourcesFiltering - Copying 0 resource from src\test\resources to target\test-classes
2025-04-22 18:55:43,618 [Worker-30: Building] WARN  o.a.m.s.f.DefaultMavenResourcesFiltering - Using platform encoding (UTF-8 actually) to copy filtered resources, i.e. build is platform dependent!
2025-04-22 18:55:43,619 [Worker-30: Building] INFO  o.a.m.s.f.DefaultMavenResourcesFiltering - Copying 0 resource from src\main\resources to target\classes
2025-04-22 18:55:43,623 [Worker-30: Building] WARN  o.a.m.s.f.DefaultMavenResourcesFiltering - Using platform encoding (UTF-8 actually) to copy filtered resources, i.e. build is platform dependent!
2025-04-22 18:55:43,624 [Worker-30: Building] INFO  o.a.m.s.f.DefaultMavenResourcesFiltering - Copying 0 resource from src\test\resources to target\test-classes
2025-04-22 18:56:08,705 [Worker-35: Building] WARN  o.a.m.s.f.DefaultMavenResourcesFiltering - Using platform encoding (UTF-8 actually) to copy filtered resources, i.e. build is platform dependent!
2025-04-22 18:56:08,707 [Worker-35: Building] INFO  o.a.m.s.f.DefaultMavenResourcesFiltering - Copying 0 resource from src\main\resources to target\classes
2025-04-22 18:56:08,711 [Worker-35: Building] WARN  o.a.m.s.f.DefaultMavenResourcesFiltering - Using platform encoding (UTF-8 actually) to copy filtered resources, i.e. build is platform dependent!
2025-04-22 18:56:08,712 [Worker-35: Building] INFO  o.a.m.s.f.DefaultMavenResourcesFiltering - Copying 0 resource from src\test\resources to target\test-classes
2025-04-22 18:56:14,123 [Worker-30: Building] WARN  o.a.m.s.f.DefaultMavenResourcesFiltering - Using platform encoding (UTF-8 actually) to copy filtered resources, i.e. build is platform dependent!
2025-04-22 18:56:14,126 [Worker-30: Building] INFO  o.a.m.s.f.DefaultMavenResourcesFiltering - Copying 0 resource from src\main\resources to target\classes
2025-04-22 18:56:14,129 [Worker-30: Building] WARN  o.a.m.s.f.DefaultMavenResourcesFiltering - Using platform encoding (UTF-8 actually) to copy filtered resources, i.e. build is platform dependent!
2025-04-22 18:56:14,131 [Worker-30: Building] INFO  o.a.m.s.f.DefaultMavenResourcesFiltering - Copying 0 resource from src\test\resources to target\test-classes
2025-04-22 18:56:20,797 [Worker-38: Building] WARN  o.a.m.s.f.DefaultMavenResourcesFiltering - Using platform encoding (UTF-8 actually) to copy filtered resources, i.e. build is platform dependent!
2025-04-22 18:56:20,799 [Worker-38: Building] INFO  o.a.m.s.f.DefaultMavenResourcesFiltering - Copying 0 resource from src\main\resources to target\classes
2025-04-22 18:56:20,802 [Worker-38: Building] WARN  o.a.m.s.f.DefaultMavenResourcesFiltering - Using platform encoding (UTF-8 actually) to copy filtered resources, i.e. build is platform dependent!
2025-04-22 18:56:20,803 [Worker-38: Building] INFO  o.a.m.s.f.DefaultMavenResourcesFiltering - Copying 0 resource from src\test\resources to target\test-classes
2025-04-22 18:56:45,637 [Worker-37: Building] WARN  o.a.m.s.f.DefaultMavenResourcesFiltering - Using platform encoding (UTF-8 actually) to copy filtered resources, i.e. build is platform dependent!
2025-04-22 18:56:45,639 [Worker-37: Building] INFO  o.a.m.s.f.DefaultMavenResourcesFiltering - Copying 0 resource from src\main\resources to target\classes
2025-04-22 18:56:45,643 [Worker-37: Building] WARN  o.a.m.s.f.DefaultMavenResourcesFiltering - Using platform encoding (UTF-8 actually) to copy filtered resources, i.e. build is platform dependent!
2025-04-22 18:56:45,644 [Worker-37: Building] INFO  o.a.m.s.f.DefaultMavenResourcesFiltering - Copying 0 resource from src\test\resources to target\test-classes
2025-04-22 18:56:48,339 [Worker-37: Building] WARN  o.a.m.s.f.DefaultMavenResourcesFiltering - Using platform encoding (UTF-8 actually) to copy filtered resources, i.e. build is platform dependent!
2025-04-22 18:56:48,339 [Worker-37: Building] INFO  o.a.m.s.f.DefaultMavenResourcesFiltering - Copying 0 resource from src\main\resources to target\classes
2025-04-22 18:56:48,343 [Worker-37: Building] WARN  o.a.m.s.f.DefaultMavenResourcesFiltering - Using platform encoding (UTF-8 actually) to copy filtered resources, i.e. build is platform dependent!
2025-04-22 18:56:48,343 [Worker-37: Building] INFO  o.a.m.s.f.DefaultMavenResourcesFiltering - Copying 0 resource from src\test\resources to target\test-classes
2025-04-22 18:57:02,333 [Worker-30: Building] WARN  o.a.m.s.f.DefaultMavenResourcesFiltering - Using platform encoding (UTF-8 actually) to copy filtered resources, i.e. build is platform dependent!
2025-04-22 18:57:02,334 [Worker-30: Building] INFO  o.a.m.s.f.DefaultMavenResourcesFiltering - Copying 0 resource from src\main\resources to target\classes
2025-04-22 18:57:02,337 [Worker-30: Building] WARN  o.a.m.s.f.DefaultMavenResourcesFiltering - Using platform encoding (UTF-8 actually) to copy filtered resources, i.e. build is platform dependent!
2025-04-22 18:57:02,339 [Worker-30: Building] INFO  o.a.m.s.f.DefaultMavenResourcesFiltering - Copying 0 resource from src\test\resources to target\test-classes
2025-04-22 18:57:49,028 [Worker-33: Building] WARN  o.a.m.s.f.DefaultMavenResourcesFiltering - Using platform encoding (UTF-8 actually) to copy filtered resources, i.e. build is platform dependent!
2025-04-22 18:57:49,030 [Worker-33: Building] INFO  o.a.m.s.f.DefaultMavenResourcesFiltering - Copying 0 resource from src\main\resources to target\classes
2025-04-22 18:57:49,036 [Worker-33: Building] WARN  o.a.m.s.f.DefaultMavenResourcesFiltering - Using platform encoding (UTF-8 actually) to copy filtered resources, i.e. build is platform dependent!
2025-04-22 18:57:49,038 [Worker-33: Building] INFO  o.a.m.s.f.DefaultMavenResourcesFiltering - Copying 0 resource from src\test\resources to target\test-classes
2025-04-22 18:57:52,950 [Worker-37: Building] WARN  o.a.m.s.f.DefaultMavenResourcesFiltering - Using platform encoding (UTF-8 actually) to copy filtered resources, i.e. build is platform dependent!
2025-04-22 18:57:52,951 [Worker-37: Building] INFO  o.a.m.s.f.DefaultMavenResourcesFiltering - Copying 0 resource from src\main\resources to target\classes
2025-04-22 18:57:52,954 [Worker-37: Building] WARN  o.a.m.s.f.DefaultMavenResourcesFiltering - Using platform encoding (UTF-8 actually) to copy filtered resources, i.e. build is platform dependent!
2025-04-22 18:57:52,955 [Worker-37: Building] INFO  o.a.m.s.f.DefaultMavenResourcesFiltering - Copying 0 resource from src\test\resources to target\test-classes
2025-04-22 18:57:56,534 [Worker-33: Building] WARN  o.a.m.s.f.DefaultMavenResourcesFiltering - Using platform encoding (UTF-8 actually) to copy filtered resources, i.e. build is platform dependent!
2025-04-22 18:57:56,535 [Worker-33: Building] INFO  o.a.m.s.f.DefaultMavenResourcesFiltering - Copying 0 resource from src\main\resources to target\classes
2025-04-22 18:57:56,538 [Worker-33: Building] WARN  o.a.m.s.f.DefaultMavenResourcesFiltering - Using platform encoding (UTF-8 actually) to copy filtered resources, i.e. build is platform dependent!
2025-04-22 18:57:56,539 [Worker-33: Building] INFO  o.a.m.s.f.DefaultMavenResourcesFiltering - Copying 0 resource from src\test\resources to target\test-classes
2025-04-22 18:58:04,409 [Worker-35: Building] WARN  o.a.m.s.f.DefaultMavenResourcesFiltering - Using platform encoding (UTF-8 actually) to copy filtered resources, i.e. build is platform dependent!
2025-04-22 18:58:04,410 [Worker-35: Building] INFO  o.a.m.s.f.DefaultMavenResourcesFiltering - Copying 0 resource from src\main\resources to target\classes
2025-04-22 18:58:04,412 [Worker-35: Building] WARN  o.a.m.s.f.DefaultMavenResourcesFiltering - Using platform encoding (UTF-8 actually) to copy filtered resources, i.e. build is platform dependent!
2025-04-22 18:58:04,413 [Worker-35: Building] INFO  o.a.m.s.f.DefaultMavenResourcesFiltering - Copying 0 resource from src\test\resources to target\test-classes
2025-04-22 18:58:07,490 [Worker-37: Building] WARN  o.a.m.s.f.DefaultMavenResourcesFiltering - Using platform encoding (UTF-8 actually) to copy filtered resources, i.e. build is platform dependent!
2025-04-22 18:58:07,491 [Worker-37: Building] INFO  o.a.m.s.f.DefaultMavenResourcesFiltering - Copying 0 resource from src\main\resources to target\classes
2025-04-22 18:58:07,495 [Worker-37: Building] WARN  o.a.m.s.f.DefaultMavenResourcesFiltering - Using platform encoding (UTF-8 actually) to copy filtered resources, i.e. build is platform dependent!
2025-04-22 18:58:07,497 [Worker-37: Building] INFO  o.a.m.s.f.DefaultMavenResourcesFiltering - Copying 0 resource from src\test\resources to target\test-classes
2025-04-22 18:58:10,990 [Worker-33: Building] WARN  o.a.m.s.f.DefaultMavenResourcesFiltering - Using platform encoding (UTF-8 actually) to copy filtered resources, i.e. build is platform dependent!
2025-04-22 18:58:10,991 [Worker-33: Building] INFO  o.a.m.s.f.DefaultMavenResourcesFiltering - Copying 0 resource from src\main\resources to target\classes
2025-04-22 18:58:10,993 [Worker-33: Building] WARN  o.a.m.s.f.DefaultMavenResourcesFiltering - Using platform encoding (UTF-8 actually) to copy filtered resources, i.e. build is platform dependent!
2025-04-22 18:58:10,994 [Worker-33: Building] INFO  o.a.m.s.f.DefaultMavenResourcesFiltering - Copying 0 resource from src\test\resources to target\test-classes
2025-04-22 18:58:14,208 [Worker-33: Building] WARN  o.a.m.s.f.DefaultMavenResourcesFiltering - Using platform encoding (UTF-8 actually) to copy filtered resources, i.e. build is platform dependent!
2025-04-22 18:58:14,210 [Worker-33: Building] INFO  o.a.m.s.f.DefaultMavenResourcesFiltering - Copying 0 resource from src\main\resources to target\classes
2025-04-22 18:58:14,213 [Worker-33: Building] WARN  o.a.m.s.f.DefaultMavenResourcesFiltering - Using platform encoding (UTF-8 actually) to copy filtered resources, i.e. build is platform dependent!
2025-04-22 18:58:14,214 [Worker-33: Building] INFO  o.a.m.s.f.DefaultMavenResourcesFiltering - Copying 0 resource from src\test\resources to target\test-classes
2025-04-22 18:58:16,834 [Worker-33: Building] WARN  o.a.m.s.f.DefaultMavenResourcesFiltering - Using platform encoding (UTF-8 actually) to copy filtered resources, i.e. build is platform dependent!
2025-04-22 18:58:16,835 [Worker-33: Building] INFO  o.a.m.s.f.DefaultMavenResourcesFiltering - Copying 0 resource from src\main\resources to target\classes
2025-04-22 18:58:16,838 [Worker-33: Building] WARN  o.a.m.s.f.DefaultMavenResourcesFiltering - Using platform encoding (UTF-8 actually) to copy filtered resources, i.e. build is platform dependent!
2025-04-22 18:58:16,839 [Worker-33: Building] INFO  o.a.m.s.f.DefaultMavenResourcesFiltering - Copying 0 resource from src\test\resources to target\test-classes
2025-04-22 18:58:20,757 [Worker-37: Building] WARN  o.a.m.s.f.DefaultMavenResourcesFiltering - Using platform encoding (UTF-8 actually) to copy filtered resources, i.e. build is platform dependent!
2025-04-22 18:58:20,759 [Worker-37: Building] INFO  o.a.m.s.f.DefaultMavenResourcesFiltering - Copying 0 resource from src\main\resources to target\classes
2025-04-22 18:58:20,761 [Worker-37: Building] WARN  o.a.m.s.f.DefaultMavenResourcesFiltering - Using platform encoding (UTF-8 actually) to copy filtered resources, i.e. build is platform dependent!
2025-04-22 18:58:20,763 [Worker-37: Building] INFO  o.a.m.s.f.DefaultMavenResourcesFiltering - Copying 0 resource from src\test\resources to target\test-classes
2025-04-22 18:58:24,712 [Worker-35: Building] WARN  o.a.m.s.f.DefaultMavenResourcesFiltering - Using platform encoding (UTF-8 actually) to copy filtered resources, i.e. build is platform dependent!
2025-04-22 18:58:24,713 [Worker-35: Building] INFO  o.a.m.s.f.DefaultMavenResourcesFiltering - Copying 0 resource from src\main\resources to target\classes
2025-04-22 18:58:24,717 [Worker-35: Building] WARN  o.a.m.s.f.DefaultMavenResourcesFiltering - Using platform encoding (UTF-8 actually) to copy filtered resources, i.e. build is platform dependent!
2025-04-22 18:58:24,717 [Worker-35: Building] INFO  o.a.m.s.f.DefaultMavenResourcesFiltering - Copying 0 resource from src\test\resources to target\test-classes
2025-04-22 18:58:32,243 [Worker-30: Building] WARN  o.a.m.s.f.DefaultMavenResourcesFiltering - Using platform encoding (UTF-8 actually) to copy filtered resources, i.e. build is platform dependent!
2025-04-22 18:58:32,245 [Worker-30: Building] INFO  o.a.m.s.f.DefaultMavenResourcesFiltering - Copying 0 resource from src\main\resources to target\classes
2025-04-22 18:58:32,247 [Worker-30: Building] WARN  o.a.m.s.f.DefaultMavenResourcesFiltering - Using platform encoding (UTF-8 actually) to copy filtered resources, i.e. build is platform dependent!
2025-04-22 18:58:32,248 [Worker-30: Building] INFO  o.a.m.s.f.DefaultMavenResourcesFiltering - Copying 0 resource from src\test\resources to target\test-classes
2025-04-22 18:58:34,428 [Worker-37: Building] WARN  o.a.m.s.f.DefaultMavenResourcesFiltering - Using platform encoding (UTF-8 actually) to copy filtered resources, i.e. build is platform dependent!
2025-04-22 18:58:34,430 [Worker-37: Building] INFO  o.a.m.s.f.DefaultMavenResourcesFiltering - Copying 0 resource from src\main\resources to target\classes
2025-04-22 18:58:34,432 [Worker-37: Building] WARN  o.a.m.s.f.DefaultMavenResourcesFiltering - Using platform encoding (UTF-8 actually) to copy filtered resources, i.e. build is platform dependent!
2025-04-22 18:58:34,433 [Worker-37: Building] INFO  o.a.m.s.f.DefaultMavenResourcesFiltering - Copying 0 resource from src\test\resources to target\test-classes
2025-04-22 18:58:37,226 [Worker-30: Building] WARN  o.a.m.s.f.DefaultMavenResourcesFiltering - Using platform encoding (UTF-8 actually) to copy filtered resources, i.e. build is platform dependent!
2025-04-22 18:58:37,227 [Worker-30: Building] INFO  o.a.m.s.f.DefaultMavenResourcesFiltering - Copying 0 resource from src\main\resources to target\classes
2025-04-22 18:58:37,228 [Worker-30: Building] WARN  o.a.m.s.f.DefaultMavenResourcesFiltering - Using platform encoding (UTF-8 actually) to copy filtered resources, i.e. build is platform dependent!
2025-04-22 18:58:37,229 [Worker-30: Building] INFO  o.a.m.s.f.DefaultMavenResourcesFiltering - Copying 0 resource from src\test\resources to target\test-classes
2025-04-22 18:58:39,703 [Worker-37: Building] WARN  o.a.m.s.f.DefaultMavenResourcesFiltering - Using platform encoding (UTF-8 actually) to copy filtered resources, i.e. build is platform dependent!
2025-04-22 18:58:39,704 [Worker-37: Building] INFO  o.a.m.s.f.DefaultMavenResourcesFiltering - Copying 0 resource from src\main\resources to target\classes
2025-04-22 18:58:39,707 [Worker-37: Building] WARN  o.a.m.s.f.DefaultMavenResourcesFiltering - Using platform encoding (UTF-8 actually) to copy filtered resources, i.e. build is platform dependent!
2025-04-22 18:58:39,708 [Worker-37: Building] INFO  o.a.m.s.f.DefaultMavenResourcesFiltering - Copying 0 resource from src\test\resources to target\test-classes
2025-04-22 18:59:01,351 [Worker-30: Building] WARN  o.a.m.s.f.DefaultMavenResourcesFiltering - Using platform encoding (UTF-8 actually) to copy filtered resources, i.e. build is platform dependent!
2025-04-22 18:59:01,352 [Worker-30: Building] INFO  o.a.m.s.f.DefaultMavenResourcesFiltering - Copying 0 resource from src\main\resources to target\classes
2025-04-22 18:59:01,356 [Worker-30: Building] WARN  o.a.m.s.f.DefaultMavenResourcesFiltering - Using platform encoding (UTF-8 actually) to copy filtered resources, i.e. build is platform dependent!
2025-04-22 18:59:01,357 [Worker-30: Building] INFO  o.a.m.s.f.DefaultMavenResourcesFiltering - Copying 0 resource from src\test\resources to target\test-classes
2025-04-22 18:59:05,092 [Worker-33: Building] WARN  o.a.m.s.f.DefaultMavenResourcesFiltering - Using platform encoding (UTF-8 actually) to copy filtered resources, i.e. build is platform dependent!
2025-04-22 18:59:05,093 [Worker-33: Building] INFO  o.a.m.s.f.DefaultMavenResourcesFiltering - Copying 0 resource from src\main\resources to target\classes
2025-04-22 18:59:05,096 [Worker-33: Building] WARN  o.a.m.s.f.DefaultMavenResourcesFiltering - Using platform encoding (UTF-8 actually) to copy filtered resources, i.e. build is platform dependent!
2025-04-22 18:59:05,096 [Worker-33: Building] INFO  o.a.m.s.f.DefaultMavenResourcesFiltering - Copying 0 resource from src\test\resources to target\test-classes
2025-04-22 18:59:08,825 [Worker-38: Building] WARN  o.a.m.s.f.DefaultMavenResourcesFiltering - Using platform encoding (UTF-8 actually) to copy filtered resources, i.e. build is platform dependent!
2025-04-22 18:59:08,828 [Worker-38: Building] INFO  o.a.m.s.f.DefaultMavenResourcesFiltering - Copying 0 resource from src\main\resources to target\classes
2025-04-22 18:59:08,829 [Worker-38: Building] WARN  o.a.m.s.f.DefaultMavenResourcesFiltering - Using platform encoding (UTF-8 actually) to copy filtered resources, i.e. build is platform dependent!
2025-04-22 18:59:08,829 [Worker-38: Building] INFO  o.a.m.s.f.DefaultMavenResourcesFiltering - Copying 0 resource from src\test\resources to target\test-classes
2025-04-22 18:59:11,757 [Worker-35: Building] WARN  o.a.m.s.f.DefaultMavenResourcesFiltering - Using platform encoding (UTF-8 actually) to copy filtered resources, i.e. build is platform dependent!
2025-04-22 18:59:11,758 [Worker-35: Building] INFO  o.a.m.s.f.DefaultMavenResourcesFiltering - Copying 0 resource from src\main\resources to target\classes
2025-04-22 18:59:11,761 [Worker-35: Building] WARN  o.a.m.s.f.DefaultMavenResourcesFiltering - Using platform encoding (UTF-8 actually) to copy filtered resources, i.e. build is platform dependent!
2025-04-22 18:59:11,762 [Worker-35: Building] INFO  o.a.m.s.f.DefaultMavenResourcesFiltering - Copying 0 resource from src\test\resources to target\test-classes
2025-04-22 18:59:14,789 [Worker-37: Building] WARN  o.a.m.s.f.DefaultMavenResourcesFiltering - Using platform encoding (UTF-8 actually) to copy filtered resources, i.e. build is platform dependent!
2025-04-22 18:59:14,790 [Worker-37: Building] INFO  o.a.m.s.f.DefaultMavenResourcesFiltering - Copying 0 resource from src\main\resources to target\classes
2025-04-22 18:59:14,793 [Worker-37: Building] WARN  o.a.m.s.f.DefaultMavenResourcesFiltering - Using platform encoding (UTF-8 actually) to copy filtered resources, i.e. build is platform dependent!
2025-04-22 18:59:14,794 [Worker-37: Building] INFO  o.a.m.s.f.DefaultMavenResourcesFiltering - Copying 0 resource from src\test\resources to target\test-classes
2025-04-22 18:59:17,637 [Worker-37: Building] WARN  o.a.m.s.f.DefaultMavenResourcesFiltering - Using platform encoding (UTF-8 actually) to copy filtered resources, i.e. build is platform dependent!
2025-04-22 18:59:17,639 [Worker-37: Building] INFO  o.a.m.s.f.DefaultMavenResourcesFiltering - Copying 0 resource from src\main\resources to target\classes
2025-04-22 18:59:17,643 [Worker-37: Building] WARN  o.a.m.s.f.DefaultMavenResourcesFiltering - Using platform encoding (UTF-8 actually) to copy filtered resources, i.e. build is platform dependent!
2025-04-22 18:59:17,644 [Worker-37: Building] INFO  o.a.m.s.f.DefaultMavenResourcesFiltering - Copying 0 resource from src\test\resources to target\test-classes
2025-04-22 18:59:20,524 [Worker-30: Building] WARN  o.a.m.s.f.DefaultMavenResourcesFiltering - Using platform encoding (UTF-8 actually) to copy filtered resources, i.e. build is platform dependent!
2025-04-22 18:59:20,526 [Worker-30: Building] INFO  o.a.m.s.f.DefaultMavenResourcesFiltering - Copying 0 resource from src\main\resources to target\classes
2025-04-22 18:59:20,529 [Worker-30: Building] WARN  o.a.m.s.f.DefaultMavenResourcesFiltering - Using platform encoding (UTF-8 actually) to copy filtered resources, i.e. build is platform dependent!
2025-04-22 18:59:20,532 [Worker-30: Building] INFO  o.a.m.s.f.DefaultMavenResourcesFiltering - Copying 0 resource from src\test\resources to target\test-classes
2025-04-22 18:59:21,911 [Worker-38: Building] WARN  o.a.m.s.f.DefaultMavenResourcesFiltering - Using platform encoding (UTF-8 actually) to copy filtered resources, i.e. build is platform dependent!
2025-04-22 18:59:21,912 [Worker-38: Building] INFO  o.a.m.s.f.DefaultMavenResourcesFiltering - Copying 0 resource from src\main\resources to target\classes
2025-04-22 18:59:21,919 [Worker-38: Building] WARN  o.a.m.s.f.DefaultMavenResourcesFiltering - Using platform encoding (UTF-8 actually) to copy filtered resources, i.e. build is platform dependent!
2025-04-22 18:59:21,921 [Worker-38: Building] INFO  o.a.m.s.f.DefaultMavenResourcesFiltering - Copying 0 resource from src\test\resources to target\test-classes
2025-04-22 18:59:24,680 [Worker-33: Building] WARN  o.a.m.s.f.DefaultMavenResourcesFiltering - Using platform encoding (UTF-8 actually) to copy filtered resources, i.e. build is platform dependent!
2025-04-22 18:59:24,683 [Worker-33: Building] INFO  o.a.m.s.f.DefaultMavenResourcesFiltering - Copying 0 resource from src\main\resources to target\classes
2025-04-22 18:59:24,685 [Worker-33: Building] WARN  o.a.m.s.f.DefaultMavenResourcesFiltering - Using platform encoding (UTF-8 actually) to copy filtered resources, i.e. build is platform dependent!
2025-04-22 18:59:24,686 [Worker-33: Building] INFO  o.a.m.s.f.DefaultMavenResourcesFiltering - Copying 0 resource from src\test\resources to target\test-classes
2025-04-22 18:59:36,311 [Worker-35: Building] WARN  o.a.m.s.f.DefaultMavenResourcesFiltering - Using platform encoding (UTF-8 actually) to copy filtered resources, i.e. build is platform dependent!
2025-04-22 18:59:36,314 [Worker-35: Building] INFO  o.a.m.s.f.DefaultMavenResourcesFiltering - Copying 0 resource from src\main\resources to target\classes
2025-04-22 18:59:36,316 [Worker-35: Building] WARN  o.a.m.s.f.DefaultMavenResourcesFiltering - Using platform encoding (UTF-8 actually) to copy filtered resources, i.e. build is platform dependent!
2025-04-22 18:59:36,318 [Worker-35: Building] INFO  o.a.m.s.f.DefaultMavenResourcesFiltering - Copying 0 resource from src\test\resources to target\test-classes
2025-04-22 18:59:37,559 [Worker-33: Building] WARN  o.a.m.s.f.DefaultMavenResourcesFiltering - Using platform encoding (UTF-8 actually) to copy filtered resources, i.e. build is platform dependent!
2025-04-22 18:59:37,560 [Worker-33: Building] INFO  o.a.m.s.f.DefaultMavenResourcesFiltering - Copying 0 resource from src\main\resources to target\classes
2025-04-22 18:59:37,563 [Worker-33: Building] WARN  o.a.m.s.f.DefaultMavenResourcesFiltering - Using platform encoding (UTF-8 actually) to copy filtered resources, i.e. build is platform dependent!
2025-04-22 18:59:37,564 [Worker-33: Building] INFO  o.a.m.s.f.DefaultMavenResourcesFiltering - Copying 0 resource from src\test\resources to target\test-classes
2025-04-22 18:59:41,670 [Worker-33: Building] WARN  o.a.m.s.f.DefaultMavenResourcesFiltering - Using platform encoding (UTF-8 actually) to copy filtered resources, i.e. build is platform dependent!
2025-04-22 18:59:41,672 [Worker-33: Building] INFO  o.a.m.s.f.DefaultMavenResourcesFiltering - Copying 0 resource from src\main\resources to target\classes
2025-04-22 18:59:41,676 [Worker-33: Building] WARN  o.a.m.s.f.DefaultMavenResourcesFiltering - Using platform encoding (UTF-8 actually) to copy filtered resources, i.e. build is platform dependent!
2025-04-22 18:59:41,677 [Worker-33: Building] INFO  o.a.m.s.f.DefaultMavenResourcesFiltering - Copying 0 resource from src\test\resources to target\test-classes
2025-04-22 18:59:43,986 [Worker-37: Building] WARN  o.a.m.s.f.DefaultMavenResourcesFiltering - Using platform encoding (UTF-8 actually) to copy filtered resources, i.e. build is platform dependent!
2025-04-22 18:59:43,988 [Worker-37: Building] INFO  o.a.m.s.f.DefaultMavenResourcesFiltering - Copying 0 resource from src\main\resources to target\classes
2025-04-22 18:59:43,990 [Worker-37: Building] WARN  o.a.m.s.f.DefaultMavenResourcesFiltering - Using platform encoding (UTF-8 actually) to copy filtered resources, i.e. build is platform dependent!
2025-04-22 18:59:43,991 [Worker-37: Building] INFO  o.a.m.s.f.DefaultMavenResourcesFiltering - Copying 0 resource from src\test\resources to target\test-classes
2025-04-22 18:59:57,806 [Worker-35: Building] WARN  o.a.m.s.f.DefaultMavenResourcesFiltering - Using platform encoding (UTF-8 actually) to copy filtered resources, i.e. build is platform dependent!
2025-04-22 18:59:57,808 [Worker-35: Building] INFO  o.a.m.s.f.DefaultMavenResourcesFiltering - Copying 0 resource from src\main\resources to target\classes
2025-04-22 18:59:57,811 [Worker-35: Building] WARN  o.a.m.s.f.DefaultMavenResourcesFiltering - Using platform encoding (UTF-8 actually) to copy filtered resources, i.e. build is platform dependent!
2025-04-22 18:59:57,812 [Worker-35: Building] INFO  o.a.m.s.f.DefaultMavenResourcesFiltering - Copying 0 resource from src\test\resources to target\test-classes
2025-04-22 19:00:05,135 [Worker-33: Building] WARN  o.a.m.s.f.DefaultMavenResourcesFiltering - Using platform encoding (UTF-8 actually) to copy filtered resources, i.e. build is platform dependent!
2025-04-22 19:00:05,136 [Worker-33: Building] INFO  o.a.m.s.f.DefaultMavenResourcesFiltering - Copying 0 resource from src\main\resources to target\classes
2025-04-22 19:00:05,138 [Worker-33: Building] WARN  o.a.m.s.f.DefaultMavenResourcesFiltering - Using platform encoding (UTF-8 actually) to copy filtered resources, i.e. build is platform dependent!
2025-04-22 19:00:05,140 [Worker-33: Building] INFO  o.a.m.s.f.DefaultMavenResourcesFiltering - Copying 0 resource from src\test\resources to target\test-classes
2025-04-22 19:00:07,163 [Worker-30: Building] WARN  o.a.m.s.f.DefaultMavenResourcesFiltering - Using platform encoding (UTF-8 actually) to copy filtered resources, i.e. build is platform dependent!
2025-04-22 19:00:07,164 [Worker-30: Building] INFO  o.a.m.s.f.DefaultMavenResourcesFiltering - Copying 0 resource from src\main\resources to target\classes
2025-04-22 19:00:07,167 [Worker-30: Building] WARN  o.a.m.s.f.DefaultMavenResourcesFiltering - Using platform encoding (UTF-8 actually) to copy filtered resources, i.e. build is platform dependent!
2025-04-22 19:00:07,168 [Worker-30: Building] INFO  o.a.m.s.f.DefaultMavenResourcesFiltering - Copying 0 resource from src\test\resources to target\test-classes
2025-04-22 19:00:49,294 [Worker-30: Building] WARN  o.a.m.s.f.DefaultMavenResourcesFiltering - Using platform encoding (UTF-8 actually) to copy filtered resources, i.e. build is platform dependent!
2025-04-22 19:00:49,295 [Worker-30: Building] INFO  o.a.m.s.f.DefaultMavenResourcesFiltering - Copying 0 resource from src\main\resources to target\classes
2025-04-22 19:00:49,297 [Worker-30: Building] WARN  o.a.m.s.f.DefaultMavenResourcesFiltering - Using platform encoding (UTF-8 actually) to copy filtered resources, i.e. build is platform dependent!
2025-04-22 19:00:49,298 [Worker-30: Building] INFO  o.a.m.s.f.DefaultMavenResourcesFiltering - Copying 0 resource from src\test\resources to target\test-classes
2025-04-22 19:00:52,085 [Worker-35: Building] WARN  o.a.m.s.f.DefaultMavenResourcesFiltering - Using platform encoding (UTF-8 actually) to copy filtered resources, i.e. build is platform dependent!
2025-04-22 19:00:52,086 [Worker-35: Building] INFO  o.a.m.s.f.DefaultMavenResourcesFiltering - Copying 0 resource from src\main\resources to target\classes
2025-04-22 19:00:52,089 [Worker-35: Building] WARN  o.a.m.s.f.DefaultMavenResourcesFiltering - Using platform encoding (UTF-8 actually) to copy filtered resources, i.e. build is platform dependent!
2025-04-22 19:00:52,091 [Worker-35: Building] INFO  o.a.m.s.f.DefaultMavenResourcesFiltering - Copying 0 resource from src\test\resources to target\test-classes
2025-04-22 19:01:04,254 [Worker-35: Building] WARN  o.a.m.s.f.DefaultMavenResourcesFiltering - Using platform encoding (UTF-8 actually) to copy filtered resources, i.e. build is platform dependent!
2025-04-22 19:01:04,256 [Worker-35: Building] INFO  o.a.m.s.f.DefaultMavenResourcesFiltering - Copying 0 resource from src\main\resources to target\classes
2025-04-22 19:01:04,258 [Worker-35: Building] WARN  o.a.m.s.f.DefaultMavenResourcesFiltering - Using platform encoding (UTF-8 actually) to copy filtered resources, i.e. build is platform dependent!
2025-04-22 19:01:04,260 [Worker-35: Building] INFO  o.a.m.s.f.DefaultMavenResourcesFiltering - Copying 0 resource from src\test\resources to target\test-classes
2025-04-22 19:01:09,454 [Worker-35: Building] WARN  o.a.m.s.f.DefaultMavenResourcesFiltering - Using platform encoding (UTF-8 actually) to copy filtered resources, i.e. build is platform dependent!
2025-04-22 19:01:09,455 [Worker-35: Building] INFO  o.a.m.s.f.DefaultMavenResourcesFiltering - Copying 0 resource from src\main\resources to target\classes
2025-04-22 19:01:09,457 [Worker-35: Building] WARN  o.a.m.s.f.DefaultMavenResourcesFiltering - Using platform encoding (UTF-8 actually) to copy filtered resources, i.e. build is platform dependent!
2025-04-22 19:01:09,459 [Worker-35: Building] INFO  o.a.m.s.f.DefaultMavenResourcesFiltering - Copying 0 resource from src\test\resources to target\test-classes
2025-04-22 19:01:16,618 [Worker-33: Building] WARN  o.a.m.s.f.DefaultMavenResourcesFiltering - Using platform encoding (UTF-8 actually) to copy filtered resources, i.e. build is platform dependent!
2025-04-22 19:01:16,620 [Worker-33: Building] INFO  o.a.m.s.f.DefaultMavenResourcesFiltering - Copying 0 resource from src\main\resources to target\classes
2025-04-22 19:01:16,622 [Worker-33: Building] WARN  o.a.m.s.f.DefaultMavenResourcesFiltering - Using platform encoding (UTF-8 actually) to copy filtered resources, i.e. build is platform dependent!
2025-04-22 19:01:16,624 [Worker-33: Building] INFO  o.a.m.s.f.DefaultMavenResourcesFiltering - Copying 0 resource from src\test\resources to target\test-classes
2025-04-22 19:01:23,765 [Worker-35: Building] WARN  o.a.m.s.f.DefaultMavenResourcesFiltering - Using platform encoding (UTF-8 actually) to copy filtered resources, i.e. build is platform dependent!
2025-04-22 19:01:23,766 [Worker-35: Building] INFO  o.a.m.s.f.DefaultMavenResourcesFiltering - Copying 0 resource from src\main\resources to target\classes
2025-04-22 19:01:23,768 [Worker-35: Building] WARN  o.a.m.s.f.DefaultMavenResourcesFiltering - Using platform encoding (UTF-8 actually) to copy filtered resources, i.e. build is platform dependent!
2025-04-22 19:01:23,769 [Worker-35: Building] INFO  o.a.m.s.f.DefaultMavenResourcesFiltering - Copying 0 resource from src\test\resources to target\test-classes
2025-04-22 19:01:30,793 [Worker-30: Building] WARN  o.a.m.s.f.DefaultMavenResourcesFiltering - Using platform encoding (UTF-8 actually) to copy filtered resources, i.e. build is platform dependent!
2025-04-22 19:01:30,795 [Worker-30: Building] INFO  o.a.m.s.f.DefaultMavenResourcesFiltering - Copying 0 resource from src\main\resources to target\classes
2025-04-22 19:01:30,796 [Worker-30: Building] WARN  o.a.m.s.f.DefaultMavenResourcesFiltering - Using platform encoding (UTF-8 actually) to copy filtered resources, i.e. build is platform dependent!
2025-04-22 19:01:30,798 [Worker-30: Building] INFO  o.a.m.s.f.DefaultMavenResourcesFiltering - Copying 0 resource from src\test\resources to target\test-classes
2025-04-22 19:01:34,422 [Worker-35: Building] WARN  o.a.m.s.f.DefaultMavenResourcesFiltering - Using platform encoding (UTF-8 actually) to copy filtered resources, i.e. build is platform dependent!
2025-04-22 19:01:34,434 [Worker-35: Building] INFO  o.a.m.s.f.DefaultMavenResourcesFiltering - Copying 0 resource from src\main\resources to target\classes
2025-04-22 19:01:34,437 [Worker-35: Building] WARN  o.a.m.s.f.DefaultMavenResourcesFiltering - Using platform encoding (UTF-8 actually) to copy filtered resources, i.e. build is platform dependent!
2025-04-22 19:01:34,438 [Worker-35: Building] INFO  o.a.m.s.f.DefaultMavenResourcesFiltering - Copying 0 resource from src\test\resources to target\test-classes
2025-04-22 19:01:36,520 [Worker-37: Building] WARN  o.a.m.s.f.DefaultMavenResourcesFiltering - Using platform encoding (UTF-8 actually) to copy filtered resources, i.e. build is platform dependent!
2025-04-22 19:01:36,522 [Worker-37: Building] INFO  o.a.m.s.f.DefaultMavenResourcesFiltering - Copying 0 resource from src\main\resources to target\classes
2025-04-22 19:01:36,524 [Worker-37: Building] WARN  o.a.m.s.f.DefaultMavenResourcesFiltering - Using platform encoding (UTF-8 actually) to copy filtered resources, i.e. build is platform dependent!
2025-04-22 19:01:36,525 [Worker-37: Building] INFO  o.a.m.s.f.DefaultMavenResourcesFiltering - Copying 0 resource from src\test\resources to target\test-classes
2025-04-22 19:01:40,517 [Worker-35: Building] WARN  o.a.m.s.f.DefaultMavenResourcesFiltering - Using platform encoding (UTF-8 actually) to copy filtered resources, i.e. build is platform dependent!
2025-04-22 19:01:40,519 [Worker-35: Building] INFO  o.a.m.s.f.DefaultMavenResourcesFiltering - Copying 0 resource from src\main\resources to target\classes
2025-04-22 19:01:40,521 [Worker-35: Building] WARN  o.a.m.s.f.DefaultMavenResourcesFiltering - Using platform encoding (UTF-8 actually) to copy filtered resources, i.e. build is platform dependent!
2025-04-22 19:01:40,523 [Worker-35: Building] INFO  o.a.m.s.f.DefaultMavenResourcesFiltering - Copying 0 resource from src\test\resources to target\test-classes
2025-04-22 19:01:44,932 [Worker-38: Building] WARN  o.a.m.s.f.DefaultMavenResourcesFiltering - Using platform encoding (UTF-8 actually) to copy filtered resources, i.e. build is platform dependent!
2025-04-22 19:01:44,933 [Worker-38: Building] INFO  o.a.m.s.f.DefaultMavenResourcesFiltering - Copying 0 resource from src\main\resources to target\classes
2025-04-22 19:01:44,936 [Worker-38: Building] WARN  o.a.m.s.f.DefaultMavenResourcesFiltering - Using platform encoding (UTF-8 actually) to copy filtered resources, i.e. build is platform dependent!
2025-04-22 19:01:44,937 [Worker-38: Building] INFO  o.a.m.s.f.DefaultMavenResourcesFiltering - Copying 0 resource from src\test\resources to target\test-classes
2025-04-22 19:01:51,921 [Worker-38: Building] WARN  o.a.m.s.f.DefaultMavenResourcesFiltering - Using platform encoding (UTF-8 actually) to copy filtered resources, i.e. build is platform dependent!
2025-04-22 19:01:51,923 [Worker-38: Building] INFO  o.a.m.s.f.DefaultMavenResourcesFiltering - Copying 0 resource from src\main\resources to target\classes
2025-04-22 19:01:51,925 [Worker-38: Building] WARN  o.a.m.s.f.DefaultMavenResourcesFiltering - Using platform encoding (UTF-8 actually) to copy filtered resources, i.e. build is platform dependent!
2025-04-22 19:01:51,927 [Worker-38: Building] INFO  o.a.m.s.f.DefaultMavenResourcesFiltering - Copying 0 resource from src\test\resources to target\test-classes
2025-04-22 19:01:53,343 [Worker-33: Building] WARN  o.a.m.s.f.DefaultMavenResourcesFiltering - Using platform encoding (UTF-8 actually) to copy filtered resources, i.e. build is platform dependent!
2025-04-22 19:01:53,345 [Worker-33: Building] INFO  o.a.m.s.f.DefaultMavenResourcesFiltering - Copying 0 resource from src\main\resources to target\classes
2025-04-22 19:01:53,347 [Worker-33: Building] WARN  o.a.m.s.f.DefaultMavenResourcesFiltering - Using platform encoding (UTF-8 actually) to copy filtered resources, i.e. build is platform dependent!
2025-04-22 19:01:53,348 [Worker-33: Building] INFO  o.a.m.s.f.DefaultMavenResourcesFiltering - Copying 0 resource from src\test\resources to target\test-classes
2025-04-22 19:01:56,731 [Worker-37: Building] WARN  o.a.m.s.f.DefaultMavenResourcesFiltering - Using platform encoding (UTF-8 actually) to copy filtered resources, i.e. build is platform dependent!
2025-04-22 19:01:56,733 [Worker-37: Building] INFO  o.a.m.s.f.DefaultMavenResourcesFiltering - Copying 0 resource from src\main\resources to target\classes
2025-04-22 19:01:56,736 [Worker-37: Building] WARN  o.a.m.s.f.DefaultMavenResourcesFiltering - Using platform encoding (UTF-8 actually) to copy filtered resources, i.e. build is platform dependent!
2025-04-22 19:01:56,738 [Worker-37: Building] INFO  o.a.m.s.f.DefaultMavenResourcesFiltering - Copying 0 resource from src\test\resources to target\test-classes
2025-04-22 19:02:06,528 [Worker-37: Building] WARN  o.a.m.s.f.DefaultMavenResourcesFiltering - Using platform encoding (UTF-8 actually) to copy filtered resources, i.e. build is platform dependent!
2025-04-22 19:02:06,529 [Worker-37: Building] INFO  o.a.m.s.f.DefaultMavenResourcesFiltering - Copying 0 resource from src\main\resources to target\classes
2025-04-22 19:02:06,532 [Worker-37: Building] WARN  o.a.m.s.f.DefaultMavenResourcesFiltering - Using platform encoding (UTF-8 actually) to copy filtered resources, i.e. build is platform dependent!
2025-04-22 19:02:06,533 [Worker-37: Building] INFO  o.a.m.s.f.DefaultMavenResourcesFiltering - Copying 0 resource from src\test\resources to target\test-classes
2025-04-22 19:02:11,081 [Worker-30: Building] WARN  o.a.m.s.f.DefaultMavenResourcesFiltering - Using platform encoding (UTF-8 actually) to copy filtered resources, i.e. build is platform dependent!
2025-04-22 19:02:11,082 [Worker-30: Building] INFO  o.a.m.s.f.DefaultMavenResourcesFiltering - Copying 0 resource from src\main\resources to target\classes
2025-04-22 19:02:11,084 [Worker-30: Building] WARN  o.a.m.s.f.DefaultMavenResourcesFiltering - Using platform encoding (UTF-8 actually) to copy filtered resources, i.e. build is platform dependent!
2025-04-22 19:02:11,085 [Worker-30: Building] INFO  o.a.m.s.f.DefaultMavenResourcesFiltering - Copying 0 resource from src\test\resources to target\test-classes
2025-04-22 19:02:19,505 [Worker-30: Building] WARN  o.a.m.s.f.DefaultMavenResourcesFiltering - Using platform encoding (UTF-8 actually) to copy filtered resources, i.e. build is platform dependent!
2025-04-22 19:02:19,506 [Worker-30: Building] INFO  o.a.m.s.f.DefaultMavenResourcesFiltering - Copying 0 resource from src\main\resources to target\classes
2025-04-22 19:02:19,507 [Worker-30: Building] WARN  o.a.m.s.f.DefaultMavenResourcesFiltering - Using platform encoding (UTF-8 actually) to copy filtered resources, i.e. build is platform dependent!
2025-04-22 19:02:19,509 [Worker-30: Building] INFO  o.a.m.s.f.DefaultMavenResourcesFiltering - Copying 0 resource from src\test\resources to target\test-classes
2025-04-22 19:02:31,297 [Worker-33: Building] WARN  o.a.m.s.f.DefaultMavenResourcesFiltering - Using platform encoding (UTF-8 actually) to copy filtered resources, i.e. build is platform dependent!
2025-04-22 19:02:31,298 [Worker-33: Building] INFO  o.a.m.s.f.DefaultMavenResourcesFiltering - Copying 0 resource from src\main\resources to target\classes
2025-04-22 19:02:31,301 [Worker-33: Building] WARN  o.a.m.s.f.DefaultMavenResourcesFiltering - Using platform encoding (UTF-8 actually) to copy filtered resources, i.e. build is platform dependent!
2025-04-22 19:02:31,302 [Worker-33: Building] INFO  o.a.m.s.f.DefaultMavenResourcesFiltering - Copying 0 resource from src\test\resources to target\test-classes
2025-04-22 19:02:38,162 [Worker-33: Building] WARN  o.a.m.s.f.DefaultMavenResourcesFiltering - Using platform encoding (UTF-8 actually) to copy filtered resources, i.e. build is platform dependent!
2025-04-22 19:02:38,164 [Worker-33: Building] INFO  o.a.m.s.f.DefaultMavenResourcesFiltering - Copying 0 resource from src\main\resources to target\classes
2025-04-22 19:02:38,166 [Worker-33: Building] WARN  o.a.m.s.f.DefaultMavenResourcesFiltering - Using platform encoding (UTF-8 actually) to copy filtered resources, i.e. build is platform dependent!
2025-04-22 19:02:38,167 [Worker-33: Building] INFO  o.a.m.s.f.DefaultMavenResourcesFiltering - Copying 0 resource from src\test\resources to target\test-classes
2025-04-22 19:02:43,175 [Worker-30: Building] WARN  o.a.m.s.f.DefaultMavenResourcesFiltering - Using platform encoding (UTF-8 actually) to copy filtered resources, i.e. build is platform dependent!
2025-04-22 19:02:43,177 [Worker-30: Building] INFO  o.a.m.s.f.DefaultMavenResourcesFiltering - Copying 0 resource from src\main\resources to target\classes
2025-04-22 19:02:43,180 [Worker-30: Building] WARN  o.a.m.s.f.DefaultMavenResourcesFiltering - Using platform encoding (UTF-8 actually) to copy filtered resources, i.e. build is platform dependent!
2025-04-22 19:02:43,182 [Worker-30: Building] INFO  o.a.m.s.f.DefaultMavenResourcesFiltering - Copying 0 resource from src\test\resources to target\test-classes
2025-04-22 19:02:47,173 [Worker-35: Building] WARN  o.a.m.s.f.DefaultMavenResourcesFiltering - Using platform encoding (UTF-8 actually) to copy filtered resources, i.e. build is platform dependent!
2025-04-22 19:02:47,174 [Worker-35: Building] INFO  o.a.m.s.f.DefaultMavenResourcesFiltering - Copying 0 resource from src\main\resources to target\classes
2025-04-22 19:02:47,177 [Worker-35: Building] WARN  o.a.m.s.f.DefaultMavenResourcesFiltering - Using platform encoding (UTF-8 actually) to copy filtered resources, i.e. build is platform dependent!
2025-04-22 19:02:47,178 [Worker-35: Building] INFO  o.a.m.s.f.DefaultMavenResourcesFiltering - Copying 0 resource from src\test\resources to target\test-classes
2025-04-22 19:02:56,330 [Worker-30: Building] WARN  o.a.m.s.f.DefaultMavenResourcesFiltering - Using platform encoding (UTF-8 actually) to copy filtered resources, i.e. build is platform dependent!
2025-04-22 19:02:56,332 [Worker-30: Building] INFO  o.a.m.s.f.DefaultMavenResourcesFiltering - Copying 0 resource from src\main\resources to target\classes
2025-04-22 19:02:56,336 [Worker-30: Building] WARN  o.a.m.s.f.DefaultMavenResourcesFiltering - Using platform encoding (UTF-8 actually) to copy filtered resources, i.e. build is platform dependent!
2025-04-22 19:02:56,338 [Worker-30: Building] INFO  o.a.m.s.f.DefaultMavenResourcesFiltering - Copying 0 resource from src\test\resources to target\test-classes
2025-04-22 19:02:59,497 [Worker-38: Building] WARN  o.a.m.s.f.DefaultMavenResourcesFiltering - Using platform encoding (UTF-8 actually) to copy filtered resources, i.e. build is platform dependent!
2025-04-22 19:02:59,499 [Worker-38: Building] INFO  o.a.m.s.f.DefaultMavenResourcesFiltering - Copying 0 resource from src\main\resources to target\classes
2025-04-22 19:02:59,502 [Worker-38: Building] WARN  o.a.m.s.f.DefaultMavenResourcesFiltering - Using platform encoding (UTF-8 actually) to copy filtered resources, i.e. build is platform dependent!
2025-04-22 19:02:59,503 [Worker-38: Building] INFO  o.a.m.s.f.DefaultMavenResourcesFiltering - Copying 0 resource from src\test\resources to target\test-classes
2025-04-22 19:03:10,055 [Worker-37: Building] WARN  o.a.m.s.f.DefaultMavenResourcesFiltering - Using platform encoding (UTF-8 actually) to copy filtered resources, i.e. build is platform dependent!
2025-04-22 19:03:10,057 [Worker-37: Building] INFO  o.a.m.s.f.DefaultMavenResourcesFiltering - Copying 0 resource from src\main\resources to target\classes
2025-04-22 19:03:10,059 [Worker-37: Building] WARN  o.a.m.s.f.DefaultMavenResourcesFiltering - Using platform encoding (UTF-8 actually) to copy filtered resources, i.e. build is platform dependent!
2025-04-22 19:03:10,062 [Worker-37: Building] INFO  o.a.m.s.f.DefaultMavenResourcesFiltering - Copying 0 resource from src\test\resources to target\test-classes
2025-04-22 19:03:15,114 [Worker-37: Building] WARN  o.a.m.s.f.DefaultMavenResourcesFiltering - Using platform encoding (UTF-8 actually) to copy filtered resources, i.e. build is platform dependent!
2025-04-22 19:03:15,116 [Worker-37: Building] INFO  o.a.m.s.f.DefaultMavenResourcesFiltering - Copying 0 resource from src\main\resources to target\classes
2025-04-22 19:03:15,118 [Worker-37: Building] WARN  o.a.m.s.f.DefaultMavenResourcesFiltering - Using platform encoding (UTF-8 actually) to copy filtered resources, i.e. build is platform dependent!
2025-04-22 19:03:15,120 [Worker-37: Building] INFO  o.a.m.s.f.DefaultMavenResourcesFiltering - Copying 0 resource from src\test\resources to target\test-classes
2025-04-22 19:03:42,863 [Worker-30: Building] WARN  o.a.m.s.f.DefaultMavenResourcesFiltering - Using platform encoding (UTF-8 actually) to copy filtered resources, i.e. build is platform dependent!
2025-04-22 19:03:42,864 [Worker-30: Building] INFO  o.a.m.s.f.DefaultMavenResourcesFiltering - Copying 0 resource from src\main\resources to target\classes
2025-04-22 19:03:42,866 [Worker-30: Building] WARN  o.a.m.s.f.DefaultMavenResourcesFiltering - Using platform encoding (UTF-8 actually) to copy filtered resources, i.e. build is platform dependent!
2025-04-22 19:03:42,867 [Worker-30: Building] INFO  o.a.m.s.f.DefaultMavenResourcesFiltering - Copying 0 resource from src\test\resources to target\test-classes
2025-04-22 19:04:09,018 [Worker-35: Building] WARN  o.a.m.s.f.DefaultMavenResourcesFiltering - Using platform encoding (UTF-8 actually) to copy filtered resources, i.e. build is platform dependent!
2025-04-22 19:04:09,020 [Worker-35: Building] INFO  o.a.m.s.f.DefaultMavenResourcesFiltering - Copying 0 resource from src\main\resources to target\classes
2025-04-22 19:04:09,021 [Worker-35: Building] WARN  o.a.m.s.f.DefaultMavenResourcesFiltering - Using platform encoding (UTF-8 actually) to copy filtered resources, i.e. build is platform dependent!
2025-04-22 19:04:09,023 [Worker-35: Building] INFO  o.a.m.s.f.DefaultMavenResourcesFiltering - Copying 0 resource from src\test\resources to target\test-classes
2025-04-22 19:04:10,932 [Worker-33: Building] WARN  o.a.m.s.f.DefaultMavenResourcesFiltering - Using platform encoding (UTF-8 actually) to copy filtered resources, i.e. build is platform dependent!
2025-04-22 19:04:10,934 [Worker-33: Building] INFO  o.a.m.s.f.DefaultMavenResourcesFiltering - Copying 0 resource from src\main\resources to target\classes
2025-04-22 19:04:10,936 [Worker-33: Building] WARN  o.a.m.s.f.DefaultMavenResourcesFiltering - Using platform encoding (UTF-8 actually) to copy filtered resources, i.e. build is platform dependent!
2025-04-22 19:04:10,937 [Worker-33: Building] INFO  o.a.m.s.f.DefaultMavenResourcesFiltering - Copying 0 resource from src\test\resources to target\test-classes
2025-04-22 19:04:27,260 [Worker-35: Building] WARN  o.a.m.s.f.DefaultMavenResourcesFiltering - Using platform encoding (UTF-8 actually) to copy filtered resources, i.e. build is platform dependent!
2025-04-22 19:04:27,262 [Worker-35: Building] INFO  o.a.m.s.f.DefaultMavenResourcesFiltering - Copying 0 resource from src\main\resources to target\classes
2025-04-22 19:04:27,264 [Worker-35: Building] WARN  o.a.m.s.f.DefaultMavenResourcesFiltering - Using platform encoding (UTF-8 actually) to copy filtered resources, i.e. build is platform dependent!
2025-04-22 19:04:27,264 [Worker-35: Building] INFO  o.a.m.s.f.DefaultMavenResourcesFiltering - Copying 0 resource from src\test\resources to target\test-classes
2025-04-22 19:04:32,488 [Worker-38: Building] WARN  o.a.m.s.f.DefaultMavenResourcesFiltering - Using platform encoding (UTF-8 actually) to copy filtered resources, i.e. build is platform dependent!
2025-04-22 19:04:32,490 [Worker-38: Building] INFO  o.a.m.s.f.DefaultMavenResourcesFiltering - Copying 0 resource from src\main\resources to target\classes
2025-04-22 19:04:32,493 [Worker-38: Building] WARN  o.a.m.s.f.DefaultMavenResourcesFiltering - Using platform encoding (UTF-8 actually) to copy filtered resources, i.e. build is platform dependent!
2025-04-22 19:04:32,494 [Worker-38: Building] INFO  o.a.m.s.f.DefaultMavenResourcesFiltering - Copying 0 resource from src\test\resources to target\test-classes
2025-04-22 19:04:35,852 [Worker-37: Building] WARN  o.a.m.s.f.DefaultMavenResourcesFiltering - Using platform encoding (UTF-8 actually) to copy filtered resources, i.e. build is platform dependent!
2025-04-22 19:04:35,853 [Worker-37: Building] INFO  o.a.m.s.f.DefaultMavenResourcesFiltering - Copying 0 resource from src\main\resources to target\classes
2025-04-22 19:04:35,855 [Worker-37: Building] WARN  o.a.m.s.f.DefaultMavenResourcesFiltering - Using platform encoding (UTF-8 actually) to copy filtered resources, i.e. build is platform dependent!
2025-04-22 19:04:35,857 [Worker-37: Building] INFO  o.a.m.s.f.DefaultMavenResourcesFiltering - Copying 0 resource from src\test\resources to target\test-classes
2025-04-22 19:04:38,471 [Worker-35: Building] WARN  o.a.m.s.f.DefaultMavenResourcesFiltering - Using platform encoding (UTF-8 actually) to copy filtered resources, i.e. build is platform dependent!
2025-04-22 19:04:38,473 [Worker-35: Building] INFO  o.a.m.s.f.DefaultMavenResourcesFiltering - Copying 0 resource from src\main\resources to target\classes
2025-04-22 19:04:38,475 [Worker-35: Building] WARN  o.a.m.s.f.DefaultMavenResourcesFiltering - Using platform encoding (UTF-8 actually) to copy filtered resources, i.e. build is platform dependent!
2025-04-22 19:04:38,476 [Worker-35: Building] INFO  o.a.m.s.f.DefaultMavenResourcesFiltering - Copying 0 resource from src\test\resources to target\test-classes
2025-04-22 19:04:44,045 [Worker-30: Building] WARN  o.a.m.s.f.DefaultMavenResourcesFiltering - Using platform encoding (UTF-8 actually) to copy filtered resources, i.e. build is platform dependent!
2025-04-22 19:04:44,046 [Worker-30: Building] INFO  o.a.m.s.f.DefaultMavenResourcesFiltering - Copying 0 resource from src\main\resources to target\classes
2025-04-22 19:04:44,048 [Worker-30: Building] WARN  o.a.m.s.f.DefaultMavenResourcesFiltering - Using platform encoding (UTF-8 actually) to copy filtered resources, i.e. build is platform dependent!
2025-04-22 19:04:44,049 [Worker-30: Building] INFO  o.a.m.s.f.DefaultMavenResourcesFiltering - Copying 0 resource from src\test\resources to target\test-classes
2025-04-22 19:04:47,486 [Worker-38: Building] WARN  o.a.m.s.f.DefaultMavenResourcesFiltering - Using platform encoding (UTF-8 actually) to copy filtered resources, i.e. build is platform dependent!
2025-04-22 19:04:47,488 [Worker-38: Building] INFO  o.a.m.s.f.DefaultMavenResourcesFiltering - Copying 0 resource from src\main\resources to target\classes
2025-04-22 19:04:47,490 [Worker-38: Building] WARN  o.a.m.s.f.DefaultMavenResourcesFiltering - Using platform encoding (UTF-8 actually) to copy filtered resources, i.e. build is platform dependent!
2025-04-22 19:04:47,492 [Worker-38: Building] INFO  o.a.m.s.f.DefaultMavenResourcesFiltering - Copying 0 resource from src\test\resources to target\test-classes
2025-04-22 19:05:11,817 [Worker-30: Building] WARN  o.a.m.s.f.DefaultMavenResourcesFiltering - Using platform encoding (UTF-8 actually) to copy filtered resources, i.e. build is platform dependent!
2025-04-22 19:05:11,818 [Worker-30: Building] INFO  o.a.m.s.f.DefaultMavenResourcesFiltering - Copying 0 resource from src\main\resources to target\classes
2025-04-22 19:05:11,820 [Worker-30: Building] WARN  o.a.m.s.f.DefaultMavenResourcesFiltering - Using platform encoding (UTF-8 actually) to copy filtered resources, i.e. build is platform dependent!
2025-04-22 19:05:11,821 [Worker-30: Building] INFO  o.a.m.s.f.DefaultMavenResourcesFiltering - Copying 0 resource from src\test\resources to target\test-classes
2025-04-22 19:05:19,195 [Worker-37: Building] WARN  o.a.m.s.f.DefaultMavenResourcesFiltering - Using platform encoding (UTF-8 actually) to copy filtered resources, i.e. build is platform dependent!
2025-04-22 19:05:19,197 [Worker-37: Building] INFO  o.a.m.s.f.DefaultMavenResourcesFiltering - Copying 0 resource from src\main\resources to target\classes
2025-04-22 19:05:19,199 [Worker-37: Building] WARN  o.a.m.s.f.DefaultMavenResourcesFiltering - Using platform encoding (UTF-8 actually) to copy filtered resources, i.e. build is platform dependent!
2025-04-22 19:05:19,200 [Worker-37: Building] INFO  o.a.m.s.f.DefaultMavenResourcesFiltering - Copying 0 resource from src\test\resources to target\test-classes
2025-04-22 19:05:21,281 [Worker-33: Building] WARN  o.a.m.s.f.DefaultMavenResourcesFiltering - Using platform encoding (UTF-8 actually) to copy filtered resources, i.e. build is platform dependent!
2025-04-22 19:05:21,283 [Worker-33: Building] INFO  o.a.m.s.f.DefaultMavenResourcesFiltering - Copying 0 resource from src\main\resources to target\classes
2025-04-22 19:05:21,285 [Worker-33: Building] WARN  o.a.m.s.f.DefaultMavenResourcesFiltering - Using platform encoding (UTF-8 actually) to copy filtered resources, i.e. build is platform dependent!
2025-04-22 19:05:21,286 [Worker-33: Building] INFO  o.a.m.s.f.DefaultMavenResourcesFiltering - Copying 0 resource from src\test\resources to target\test-classes
2025-04-22 19:05:28,201 [Worker-37: Building] WARN  o.a.m.s.f.DefaultMavenResourcesFiltering - Using platform encoding (UTF-8 actually) to copy filtered resources, i.e. build is platform dependent!
2025-04-22 19:05:28,202 [Worker-37: Building] INFO  o.a.m.s.f.DefaultMavenResourcesFiltering - Copying 0 resource from src\main\resources to target\classes
2025-04-22 19:05:28,204 [Worker-37: Building] WARN  o.a.m.s.f.DefaultMavenResourcesFiltering - Using platform encoding (UTF-8 actually) to copy filtered resources, i.e. build is platform dependent!
2025-04-22 19:05:28,205 [Worker-37: Building] INFO  o.a.m.s.f.DefaultMavenResourcesFiltering - Copying 0 resource from src\test\resources to target\test-classes
2025-04-22 19:05:31,000 [Worker-30: Building] WARN  o.a.m.s.f.DefaultMavenResourcesFiltering - Using platform encoding (UTF-8 actually) to copy filtered resources, i.e. build is platform dependent!
2025-04-22 19:05:31,001 [Worker-30: Building] INFO  o.a.m.s.f.DefaultMavenResourcesFiltering - Copying 0 resource from src\main\resources to target\classes
2025-04-22 19:05:31,003 [Worker-30: Building] WARN  o.a.m.s.f.DefaultMavenResourcesFiltering - Using platform encoding (UTF-8 actually) to copy filtered resources, i.e. build is platform dependent!
2025-04-22 19:05:31,004 [Worker-30: Building] INFO  o.a.m.s.f.DefaultMavenResourcesFiltering - Copying 0 resource from src\test\resources to target\test-classes
2025-04-22 19:05:33,488 [Worker-37: Building] WARN  o.a.m.s.f.DefaultMavenResourcesFiltering - Using platform encoding (UTF-8 actually) to copy filtered resources, i.e. build is platform dependent!
2025-04-22 19:05:33,489 [Worker-37: Building] INFO  o.a.m.s.f.DefaultMavenResourcesFiltering - Copying 0 resource from src\main\resources to target\classes
2025-04-22 19:05:33,491 [Worker-37: Building] WARN  o.a.m.s.f.DefaultMavenResourcesFiltering - Using platform encoding (UTF-8 actually) to copy filtered resources, i.e. build is platform dependent!
2025-04-22 19:05:33,492 [Worker-37: Building] INFO  o.a.m.s.f.DefaultMavenResourcesFiltering - Copying 0 resource from src\test\resources to target\test-classes
2025-04-22 19:05:36,414 [Worker-38: Building] WARN  o.a.m.s.f.DefaultMavenResourcesFiltering - Using platform encoding (UTF-8 actually) to copy filtered resources, i.e. build is platform dependent!
2025-04-22 19:05:36,415 [Worker-38: Building] INFO  o.a.m.s.f.DefaultMavenResourcesFiltering - Copying 0 resource from src\main\resources to target\classes
2025-04-22 19:05:36,418 [Worker-38: Building] WARN  o.a.m.s.f.DefaultMavenResourcesFiltering - Using platform encoding (UTF-8 actually) to copy filtered resources, i.e. build is platform dependent!
2025-04-22 19:05:36,419 [Worker-38: Building] INFO  o.a.m.s.f.DefaultMavenResourcesFiltering - Copying 0 resource from src\test\resources to target\test-classes
2025-04-22 19:05:45,777 [Worker-37: Building] WARN  o.a.m.s.f.DefaultMavenResourcesFiltering - Using platform encoding (UTF-8 actually) to copy filtered resources, i.e. build is platform dependent!
2025-04-22 19:05:45,777 [Worker-37: Building] INFO  o.a.m.s.f.DefaultMavenResourcesFiltering - Copying 0 resource from src\main\resources to target\classes
2025-04-22 19:05:45,779 [Worker-37: Building] WARN  o.a.m.s.f.DefaultMavenResourcesFiltering - Using platform encoding (UTF-8 actually) to copy filtered resources, i.e. build is platform dependent!
2025-04-22 19:05:45,780 [Worker-37: Building] INFO  o.a.m.s.f.DefaultMavenResourcesFiltering - Copying 0 resource from src\test\resources to target\test-classes
2025-04-22 19:05:53,576 [Worker-33: Building] WARN  o.a.m.s.f.DefaultMavenResourcesFiltering - Using platform encoding (UTF-8 actually) to copy filtered resources, i.e. build is platform dependent!
2025-04-22 19:05:53,577 [Worker-33: Building] INFO  o.a.m.s.f.DefaultMavenResourcesFiltering - Copying 0 resource from src\main\resources to target\classes
2025-04-22 19:05:53,580 [Worker-33: Building] WARN  o.a.m.s.f.DefaultMavenResourcesFiltering - Using platform encoding (UTF-8 actually) to copy filtered resources, i.e. build is platform dependent!
2025-04-22 19:05:53,581 [Worker-33: Building] INFO  o.a.m.s.f.DefaultMavenResourcesFiltering - Copying 0 resource from src\test\resources to target\test-classes
2025-04-22 19:05:57,077 [Worker-33: Building] WARN  o.a.m.s.f.DefaultMavenResourcesFiltering - Using platform encoding (UTF-8 actually) to copy filtered resources, i.e. build is platform dependent!
2025-04-22 19:05:57,079 [Worker-33: Building] INFO  o.a.m.s.f.DefaultMavenResourcesFiltering - Copying 0 resource from src\main\resources to target\classes
2025-04-22 19:05:57,081 [Worker-33: Building] WARN  o.a.m.s.f.DefaultMavenResourcesFiltering - Using platform encoding (UTF-8 actually) to copy filtered resources, i.e. build is platform dependent!
2025-04-22 19:05:57,082 [Worker-33: Building] INFO  o.a.m.s.f.DefaultMavenResourcesFiltering - Copying 0 resource from src\test\resources to target\test-classes
2025-04-22 19:06:24,778 [Worker-33: Building] WARN  o.a.m.s.f.DefaultMavenResourcesFiltering - Using platform encoding (UTF-8 actually) to copy filtered resources, i.e. build is platform dependent!
2025-04-22 19:06:24,780 [Worker-33: Building] INFO  o.a.m.s.f.DefaultMavenResourcesFiltering - Copying 0 resource from src\main\resources to target\classes
2025-04-22 19:06:24,782 [Worker-33: Building] WARN  o.a.m.s.f.DefaultMavenResourcesFiltering - Using platform encoding (UTF-8 actually) to copy filtered resources, i.e. build is platform dependent!
2025-04-22 19:06:24,785 [Worker-33: Building] INFO  o.a.m.s.f.DefaultMavenResourcesFiltering - Copying 0 resource from src\test\resources to target\test-classes
2025-04-22 19:06:36,662 [Worker-37: Building] WARN  o.a.m.s.f.DefaultMavenResourcesFiltering - Using platform encoding (UTF-8 actually) to copy filtered resources, i.e. build is platform dependent!
2025-04-22 19:06:36,663 [Worker-37: Building] INFO  o.a.m.s.f.DefaultMavenResourcesFiltering - Copying 0 resource from src\main\resources to target\classes
2025-04-22 19:06:36,665 [Worker-37: Building] WARN  o.a.m.s.f.DefaultMavenResourcesFiltering - Using platform encoding (UTF-8 actually) to copy filtered resources, i.e. build is platform dependent!
2025-04-22 19:06:36,667 [Worker-37: Building] INFO  o.a.m.s.f.DefaultMavenResourcesFiltering - Copying 0 resource from src\test\resources to target\test-classes
2025-04-22 19:06:43,761 [Worker-38: Building] WARN  o.a.m.s.f.DefaultMavenResourcesFiltering - Using platform encoding (UTF-8 actually) to copy filtered resources, i.e. build is platform dependent!
2025-04-22 19:06:43,763 [Worker-38: Building] INFO  o.a.m.s.f.DefaultMavenResourcesFiltering - Copying 0 resource from src\main\resources to target\classes
2025-04-22 19:06:43,765 [Worker-38: Building] WARN  o.a.m.s.f.DefaultMavenResourcesFiltering - Using platform encoding (UTF-8 actually) to copy filtered resources, i.e. build is platform dependent!
2025-04-22 19:06:43,766 [Worker-38: Building] INFO  o.a.m.s.f.DefaultMavenResourcesFiltering - Copying 0 resource from src\test\resources to target\test-classes
2025-04-22 19:06:46,866 [Worker-30: Building] WARN  o.a.m.s.f.DefaultMavenResourcesFiltering - Using platform encoding (UTF-8 actually) to copy filtered resources, i.e. build is platform dependent!
2025-04-22 19:06:46,867 [Worker-30: Building] INFO  o.a.m.s.f.DefaultMavenResourcesFiltering - Copying 0 resource from src\main\resources to target\classes
2025-04-22 19:06:46,869 [Worker-30: Building] WARN  o.a.m.s.f.DefaultMavenResourcesFiltering - Using platform encoding (UTF-8 actually) to copy filtered resources, i.e. build is platform dependent!
2025-04-22 19:06:46,871 [Worker-30: Building] INFO  o.a.m.s.f.DefaultMavenResourcesFiltering - Copying 0 resource from src\test\resources to target\test-classes
2025-04-22 19:06:48,053 [Worker-35: Building] WARN  o.a.m.s.f.DefaultMavenResourcesFiltering - Using platform encoding (UTF-8 actually) to copy filtered resources, i.e. build is platform dependent!
2025-04-22 19:06:48,055 [Worker-35: Building] INFO  o.a.m.s.f.DefaultMavenResourcesFiltering - Copying 0 resource from src\main\resources to target\classes
2025-04-22 19:06:48,057 [Worker-35: Building] WARN  o.a.m.s.f.DefaultMavenResourcesFiltering - Using platform encoding (UTF-8 actually) to copy filtered resources, i.e. build is platform dependent!
2025-04-22 19:06:48,058 [Worker-35: Building] INFO  o.a.m.s.f.DefaultMavenResourcesFiltering - Copying 0 resource from src\test\resources to target\test-classes
2025-04-22 19:07:01,924 [Worker-38: Building] WARN  o.a.m.s.f.DefaultMavenResourcesFiltering - Using platform encoding (UTF-8 actually) to copy filtered resources, i.e. build is platform dependent!
2025-04-22 19:07:01,925 [Worker-38: Building] INFO  o.a.m.s.f.DefaultMavenResourcesFiltering - Copying 0 resource from src\main\resources to target\classes
2025-04-22 19:07:01,927 [Worker-38: Building] WARN  o.a.m.s.f.DefaultMavenResourcesFiltering - Using platform encoding (UTF-8 actually) to copy filtered resources, i.e. build is platform dependent!
2025-04-22 19:07:01,928 [Worker-38: Building] INFO  o.a.m.s.f.DefaultMavenResourcesFiltering - Copying 0 resource from src\test\resources to target\test-classes
2025-04-22 19:07:06,449 [Worker-33: Building] WARN  o.a.m.s.f.DefaultMavenResourcesFiltering - Using platform encoding (UTF-8 actually) to copy filtered resources, i.e. build is platform dependent!
2025-04-22 19:07:06,450 [Worker-33: Building] INFO  o.a.m.s.f.DefaultMavenResourcesFiltering - Copying 0 resource from src\main\resources to target\classes
2025-04-22 19:07:06,452 [Worker-33: Building] WARN  o.a.m.s.f.DefaultMavenResourcesFiltering - Using platform encoding (UTF-8 actually) to copy filtered resources, i.e. build is platform dependent!
2025-04-22 19:07:06,453 [Worker-33: Building] INFO  o.a.m.s.f.DefaultMavenResourcesFiltering - Copying 0 resource from src\test\resources to target\test-classes
2025-04-22 19:07:13,094 [Worker-30: Building] WARN  o.a.m.s.f.DefaultMavenResourcesFiltering - Using platform encoding (UTF-8 actually) to copy filtered resources, i.e. build is platform dependent!
2025-04-22 19:07:13,096 [Worker-30: Building] INFO  o.a.m.s.f.DefaultMavenResourcesFiltering - Copying 0 resource from src\main\resources to target\classes
2025-04-22 19:07:13,098 [Worker-30: Building] WARN  o.a.m.s.f.DefaultMavenResourcesFiltering - Using platform encoding (UTF-8 actually) to copy filtered resources, i.e. build is platform dependent!
2025-04-22 19:07:13,099 [Worker-30: Building] INFO  o.a.m.s.f.DefaultMavenResourcesFiltering - Copying 0 resource from src\test\resources to target\test-classes
2025-04-22 19:07:29,337 [Worker-38: Building] WARN  o.a.m.s.f.DefaultMavenResourcesFiltering - Using platform encoding (UTF-8 actually) to copy filtered resources, i.e. build is platform dependent!
2025-04-22 19:07:29,338 [Worker-38: Building] INFO  o.a.m.s.f.DefaultMavenResourcesFiltering - Copying 0 resource from src\main\resources to target\classes
2025-04-22 19:07:29,343 [Worker-38: Building] WARN  o.a.m.s.f.DefaultMavenResourcesFiltering - Using platform encoding (UTF-8 actually) to copy filtered resources, i.e. build is platform dependent!
2025-04-22 19:07:29,344 [Worker-38: Building] INFO  o.a.m.s.f.DefaultMavenResourcesFiltering - Copying 0 resource from src\test\resources to target\test-classes
2025-04-22 19:07:38,826 [Worker-33: Building] WARN  o.a.m.s.f.DefaultMavenResourcesFiltering - Using platform encoding (UTF-8 actually) to copy filtered resources, i.e. build is platform dependent!
2025-04-22 19:07:38,827 [Worker-33: Building] INFO  o.a.m.s.f.DefaultMavenResourcesFiltering - Copying 0 resource from src\main\resources to target\classes
2025-04-22 19:07:38,830 [Worker-33: Building] WARN  o.a.m.s.f.DefaultMavenResourcesFiltering - Using platform encoding (UTF-8 actually) to copy filtered resources, i.e. build is platform dependent!
2025-04-22 19:07:38,831 [Worker-33: Building] INFO  o.a.m.s.f.DefaultMavenResourcesFiltering - Copying 0 resource from src\test\resources to target\test-classes
2025-04-22 19:07:44,577 [Worker-37: Building] WARN  o.a.m.s.f.DefaultMavenResourcesFiltering - Using platform encoding (UTF-8 actually) to copy filtered resources, i.e. build is platform dependent!
2025-04-22 19:07:44,578 [Worker-37: Building] INFO  o.a.m.s.f.DefaultMavenResourcesFiltering - Copying 0 resource from src\main\resources to target\classes
2025-04-22 19:07:44,581 [Worker-37: Building] WARN  o.a.m.s.f.DefaultMavenResourcesFiltering - Using platform encoding (UTF-8 actually) to copy filtered resources, i.e. build is platform dependent!
2025-04-22 19:07:44,582 [Worker-37: Building] INFO  o.a.m.s.f.DefaultMavenResourcesFiltering - Copying 0 resource from src\test\resources to target\test-classes
2025-04-22 19:07:46,933 [Worker-30: Building] WARN  o.a.m.s.f.DefaultMavenResourcesFiltering - Using platform encoding (UTF-8 actually) to copy filtered resources, i.e. build is platform dependent!
2025-04-22 19:07:46,934 [Worker-30: Building] INFO  o.a.m.s.f.DefaultMavenResourcesFiltering - Copying 0 resource from src\main\resources to target\classes
2025-04-22 19:07:46,946 [Worker-30: Building] WARN  o.a.m.s.f.DefaultMavenResourcesFiltering - Using platform encoding (UTF-8 actually) to copy filtered resources, i.e. build is platform dependent!
2025-04-22 19:07:46,948 [Worker-30: Building] INFO  o.a.m.s.f.DefaultMavenResourcesFiltering - Copying 0 resource from src\test\resources to target\test-classes
2025-04-22 19:07:50,305 [Worker-30: Building] WARN  o.a.m.s.f.DefaultMavenResourcesFiltering - Using platform encoding (UTF-8 actually) to copy filtered resources, i.e. build is platform dependent!
2025-04-22 19:07:50,307 [Worker-30: Building] INFO  o.a.m.s.f.DefaultMavenResourcesFiltering - Copying 0 resource from src\main\resources to target\classes
2025-04-22 19:07:50,309 [Worker-30: Building] WARN  o.a.m.s.f.DefaultMavenResourcesFiltering - Using platform encoding (UTF-8 actually) to copy filtered resources, i.e. build is platform dependent!
2025-04-22 19:07:50,310 [Worker-30: Building] INFO  o.a.m.s.f.DefaultMavenResourcesFiltering - Copying 0 resource from src\test\resources to target\test-classes
2025-04-22 19:07:52,885 [Worker-35: Building] WARN  o.a.m.s.f.DefaultMavenResourcesFiltering - Using platform encoding (UTF-8 actually) to copy filtered resources, i.e. build is platform dependent!
2025-04-22 19:07:52,887 [Worker-35: Building] INFO  o.a.m.s.f.DefaultMavenResourcesFiltering - Copying 0 resource from src\main\resources to target\classes
2025-04-22 19:07:52,889 [Worker-35: Building] WARN  o.a.m.s.f.DefaultMavenResourcesFiltering - Using platform encoding (UTF-8 actually) to copy filtered resources, i.e. build is platform dependent!
2025-04-22 19:07:52,891 [Worker-35: Building] INFO  o.a.m.s.f.DefaultMavenResourcesFiltering - Copying 0 resource from src\test\resources to target\test-classes
2025-04-22 19:07:57,729 [Worker-38: Building] WARN  o.a.m.s.f.DefaultMavenResourcesFiltering - Using platform encoding (UTF-8 actually) to copy filtered resources, i.e. build is platform dependent!
2025-04-22 19:07:57,730 [Worker-38: Building] INFO  o.a.m.s.f.DefaultMavenResourcesFiltering - Copying 0 resource from src\main\resources to target\classes
2025-04-22 19:07:57,732 [Worker-38: Building] WARN  o.a.m.s.f.DefaultMavenResourcesFiltering - Using platform encoding (UTF-8 actually) to copy filtered resources, i.e. build is platform dependent!
2025-04-22 19:07:57,734 [Worker-38: Building] INFO  o.a.m.s.f.DefaultMavenResourcesFiltering - Copying 0 resource from src\test\resources to target\test-classes
2025-04-22 19:08:01,638 [Worker-37: Building] WARN  o.a.m.s.f.DefaultMavenResourcesFiltering - Using platform encoding (UTF-8 actually) to copy filtered resources, i.e. build is platform dependent!
2025-04-22 19:08:01,639 [Worker-37: Building] INFO  o.a.m.s.f.DefaultMavenResourcesFiltering - Copying 0 resource from src\main\resources to target\classes
2025-04-22 19:08:01,641 [Worker-37: Building] WARN  o.a.m.s.f.DefaultMavenResourcesFiltering - Using platform encoding (UTF-8 actually) to copy filtered resources, i.e. build is platform dependent!
2025-04-22 19:08:01,642 [Worker-37: Building] INFO  o.a.m.s.f.DefaultMavenResourcesFiltering - Copying 0 resource from src\test\resources to target\test-classes
2025-04-22 19:08:06,893 [Worker-35: Building] WARN  o.a.m.s.f.DefaultMavenResourcesFiltering - Using platform encoding (UTF-8 actually) to copy filtered resources, i.e. build is platform dependent!
2025-04-22 19:08:06,894 [Worker-35: Building] INFO  o.a.m.s.f.DefaultMavenResourcesFiltering - Copying 0 resource from src\main\resources to target\classes
2025-04-22 19:08:06,895 [Worker-35: Building] WARN  o.a.m.s.f.DefaultMavenResourcesFiltering - Using platform encoding (UTF-8 actually) to copy filtered resources, i.e. build is platform dependent!
2025-04-22 19:08:06,896 [Worker-35: Building] INFO  o.a.m.s.f.DefaultMavenResourcesFiltering - Copying 0 resource from src\test\resources to target\test-classes
2025-04-22 19:08:14,904 [Worker-35: Building] WARN  o.a.m.s.f.DefaultMavenResourcesFiltering - Using platform encoding (UTF-8 actually) to copy filtered resources, i.e. build is platform dependent!
2025-04-22 19:08:14,905 [Worker-35: Building] INFO  o.a.m.s.f.DefaultMavenResourcesFiltering - Copying 0 resource from src\main\resources to target\classes
2025-04-22 19:08:14,907 [Worker-35: Building] WARN  o.a.m.s.f.DefaultMavenResourcesFiltering - Using platform encoding (UTF-8 actually) to copy filtered resources, i.e. build is platform dependent!
2025-04-22 19:08:14,907 [Worker-35: Building] INFO  o.a.m.s.f.DefaultMavenResourcesFiltering - Copying 0 resource from src\test\resources to target\test-classes
2025-04-22 19:08:25,872 [Worker-37: Building] WARN  o.a.m.s.f.DefaultMavenResourcesFiltering - Using platform encoding (UTF-8 actually) to copy filtered resources, i.e. build is platform dependent!
2025-04-22 19:08:25,874 [Worker-37: Building] INFO  o.a.m.s.f.DefaultMavenResourcesFiltering - Copying 0 resource from src\main\resources to target\classes
2025-04-22 19:08:25,876 [Worker-37: Building] WARN  o.a.m.s.f.DefaultMavenResourcesFiltering - Using platform encoding (UTF-8 actually) to copy filtered resources, i.e. build is platform dependent!
2025-04-22 19:08:25,877 [Worker-37: Building] INFO  o.a.m.s.f.DefaultMavenResourcesFiltering - Copying 0 resource from src\test\resources to target\test-classes
2025-04-22 19:08:30,505 [Worker-30: Building] WARN  o.a.m.s.f.DefaultMavenResourcesFiltering - Using platform encoding (UTF-8 actually) to copy filtered resources, i.e. build is platform dependent!
2025-04-22 19:08:30,507 [Worker-30: Building] INFO  o.a.m.s.f.DefaultMavenResourcesFiltering - Copying 0 resource from src\main\resources to target\classes
2025-04-22 19:08:30,509 [Worker-30: Building] WARN  o.a.m.s.f.DefaultMavenResourcesFiltering - Using platform encoding (UTF-8 actually) to copy filtered resources, i.e. build is platform dependent!
2025-04-22 19:08:30,510 [Worker-30: Building] INFO  o.a.m.s.f.DefaultMavenResourcesFiltering - Copying 0 resource from src\test\resources to target\test-classes
2025-04-22 19:08:44,085 [Worker-38: Building] WARN  o.a.m.s.f.DefaultMavenResourcesFiltering - Using platform encoding (UTF-8 actually) to copy filtered resources, i.e. build is platform dependent!
2025-04-22 19:08:44,086 [Worker-38: Building] INFO  o.a.m.s.f.DefaultMavenResourcesFiltering - Copying 0 resource from src\main\resources to target\classes
2025-04-22 19:08:44,088 [Worker-38: Building] WARN  o.a.m.s.f.DefaultMavenResourcesFiltering - Using platform encoding (UTF-8 actually) to copy filtered resources, i.e. build is platform dependent!
2025-04-22 19:08:44,089 [Worker-38: Building] INFO  o.a.m.s.f.DefaultMavenResourcesFiltering - Copying 0 resource from src\test\resources to target\test-classes
2025-04-22 19:08:48,519 [Worker-30: Building] WARN  o.a.m.s.f.DefaultMavenResourcesFiltering - Using platform encoding (UTF-8 actually) to copy filtered resources, i.e. build is platform dependent!
2025-04-22 19:08:48,521 [Worker-30: Building] INFO  o.a.m.s.f.DefaultMavenResourcesFiltering - Copying 0 resource from src\main\resources to target\classes
2025-04-22 19:08:48,523 [Worker-30: Building] WARN  o.a.m.s.f.DefaultMavenResourcesFiltering - Using platform encoding (UTF-8 actually) to copy filtered resources, i.e. build is platform dependent!
2025-04-22 19:08:48,524 [Worker-30: Building] INFO  o.a.m.s.f.DefaultMavenResourcesFiltering - Copying 0 resource from src\test\resources to target\test-classes
2025-04-22 19:08:51,794 [Worker-38: Building] WARN  o.a.m.s.f.DefaultMavenResourcesFiltering - Using platform encoding (UTF-8 actually) to copy filtered resources, i.e. build is platform dependent!
2025-04-22 19:08:51,795 [Worker-38: Building] INFO  o.a.m.s.f.DefaultMavenResourcesFiltering - Copying 0 resource from src\main\resources to target\classes
2025-04-22 19:08:51,797 [Worker-38: Building] WARN  o.a.m.s.f.DefaultMavenResourcesFiltering - Using platform encoding (UTF-8 actually) to copy filtered resources, i.e. build is platform dependent!
2025-04-22 19:08:51,798 [Worker-38: Building] INFO  o.a.m.s.f.DefaultMavenResourcesFiltering - Copying 0 resource from src\test\resources to target\test-classes
2025-04-22 19:08:56,892 [Worker-37: Building] WARN  o.a.m.s.f.DefaultMavenResourcesFiltering - Using platform encoding (UTF-8 actually) to copy filtered resources, i.e. build is platform dependent!
2025-04-22 19:08:56,893 [Worker-37: Building] INFO  o.a.m.s.f.DefaultMavenResourcesFiltering - Copying 0 resource from src\main\resources to target\classes
2025-04-22 19:08:56,895 [Worker-37: Building] WARN  o.a.m.s.f.DefaultMavenResourcesFiltering - Using platform encoding (UTF-8 actually) to copy filtered resources, i.e. build is platform dependent!
2025-04-22 19:08:56,896 [Worker-37: Building] INFO  o.a.m.s.f.DefaultMavenResourcesFiltering - Copying 0 resource from src\test\resources to target\test-classes
2025-04-22 19:09:20,826 [Worker-37: Building] WARN  o.a.m.s.f.DefaultMavenResourcesFiltering - Using platform encoding (UTF-8 actually) to copy filtered resources, i.e. build is platform dependent!
2025-04-22 19:09:20,828 [Worker-37: Building] INFO  o.a.m.s.f.DefaultMavenResourcesFiltering - Copying 0 resource from src\main\resources to target\classes
2025-04-22 19:09:20,829 [Worker-37: Building] WARN  o.a.m.s.f.DefaultMavenResourcesFiltering - Using platform encoding (UTF-8 actually) to copy filtered resources, i.e. build is platform dependent!
2025-04-22 19:09:20,830 [Worker-37: Building] INFO  o.a.m.s.f.DefaultMavenResourcesFiltering - Copying 0 resource from src\test\resources to target\test-classes
2025-04-22 19:09:24,796 [Worker-38: Building] WARN  o.a.m.s.f.DefaultMavenResourcesFiltering - Using platform encoding (UTF-8 actually) to copy filtered resources, i.e. build is platform dependent!
2025-04-22 19:09:24,797 [Worker-38: Building] INFO  o.a.m.s.f.DefaultMavenResourcesFiltering - Copying 0 resource from src\main\resources to target\classes
2025-04-22 19:09:24,799 [Worker-38: Building] WARN  o.a.m.s.f.DefaultMavenResourcesFiltering - Using platform encoding (UTF-8 actually) to copy filtered resources, i.e. build is platform dependent!
2025-04-22 19:09:24,800 [Worker-38: Building] INFO  o.a.m.s.f.DefaultMavenResourcesFiltering - Copying 0 resource from src\test\resources to target\test-classes
2025-04-22 19:09:44,938 [Worker-35: Building] WARN  o.a.m.s.f.DefaultMavenResourcesFiltering - Using platform encoding (UTF-8 actually) to copy filtered resources, i.e. build is platform dependent!
2025-04-22 19:09:44,939 [Worker-35: Building] INFO  o.a.m.s.f.DefaultMavenResourcesFiltering - Copying 0 resource from src\main\resources to target\classes
2025-04-22 19:09:44,940 [Worker-35: Building] WARN  o.a.m.s.f.DefaultMavenResourcesFiltering - Using platform encoding (UTF-8 actually) to copy filtered resources, i.e. build is platform dependent!
2025-04-22 19:09:44,941 [Worker-35: Building] INFO  o.a.m.s.f.DefaultMavenResourcesFiltering - Copying 0 resource from src\test\resources to target\test-classes
2025-04-22 19:09:50,052 [Worker-30: Building] WARN  o.a.m.s.f.DefaultMavenResourcesFiltering - Using platform encoding (UTF-8 actually) to copy filtered resources, i.e. build is platform dependent!
2025-04-22 19:09:50,053 [Worker-30: Building] INFO  o.a.m.s.f.DefaultMavenResourcesFiltering - Copying 0 resource from src\main\resources to target\classes
2025-04-22 19:09:50,055 [Worker-30: Building] WARN  o.a.m.s.f.DefaultMavenResourcesFiltering - Using platform encoding (UTF-8 actually) to copy filtered resources, i.e. build is platform dependent!
2025-04-22 19:09:50,055 [Worker-30: Building] INFO  o.a.m.s.f.DefaultMavenResourcesFiltering - Copying 0 resource from src\test\resources to target\test-classes
2025-04-22 19:09:52,706 [Worker-33: Building] WARN  o.a.m.s.f.DefaultMavenResourcesFiltering - Using platform encoding (UTF-8 actually) to copy filtered resources, i.e. build is platform dependent!
2025-04-22 19:09:52,707 [Worker-33: Building] INFO  o.a.m.s.f.DefaultMavenResourcesFiltering - Copying 0 resource from src\main\resources to target\classes
2025-04-22 19:09:52,709 [Worker-33: Building] WARN  o.a.m.s.f.DefaultMavenResourcesFiltering - Using platform encoding (UTF-8 actually) to copy filtered resources, i.e. build is platform dependent!
2025-04-22 19:09:52,710 [Worker-33: Building] INFO  o.a.m.s.f.DefaultMavenResourcesFiltering - Copying 0 resource from src\test\resources to target\test-classes
2025-04-22 19:09:54,001 [Worker-38: Building] WARN  o.a.m.s.f.DefaultMavenResourcesFiltering - Using platform encoding (UTF-8 actually) to copy filtered resources, i.e. build is platform dependent!
2025-04-22 19:09:54,003 [Worker-38: Building] INFO  o.a.m.s.f.DefaultMavenResourcesFiltering - Copying 0 resource from src\main\resources to target\classes
2025-04-22 19:09:54,005 [Worker-38: Building] WARN  o.a.m.s.f.DefaultMavenResourcesFiltering - Using platform encoding (UTF-8 actually) to copy filtered resources, i.e. build is platform dependent!
2025-04-22 19:09:54,006 [Worker-38: Building] INFO  o.a.m.s.f.DefaultMavenResourcesFiltering - Copying 0 resource from src\test\resources to target\test-classes
2025-04-22 19:09:55,614 [Worker-35: Building] WARN  o.a.m.s.f.DefaultMavenResourcesFiltering - Using platform encoding (UTF-8 actually) to copy filtered resources, i.e. build is platform dependent!
2025-04-22 19:09:55,616 [Worker-35: Building] INFO  o.a.m.s.f.DefaultMavenResourcesFiltering - Copying 0 resource from src\main\resources to target\classes
2025-04-22 19:09:55,618 [Worker-35: Building] WARN  o.a.m.s.f.DefaultMavenResourcesFiltering - Using platform encoding (UTF-8 actually) to copy filtered resources, i.e. build is platform dependent!
2025-04-22 19:09:55,619 [Worker-35: Building] INFO  o.a.m.s.f.DefaultMavenResourcesFiltering - Copying 0 resource from src\test\resources to target\test-classes
2025-04-22 19:10:45,180 [Worker-35: Building] WARN  o.a.m.s.f.DefaultMavenResourcesFiltering - Using platform encoding (UTF-8 actually) to copy filtered resources, i.e. build is platform dependent!
2025-04-22 19:10:45,181 [Worker-35: Building] INFO  o.a.m.s.f.DefaultMavenResourcesFiltering - Copying 0 resource from src\main\resources to target\classes
2025-04-22 19:10:45,183 [Worker-35: Building] WARN  o.a.m.s.f.DefaultMavenResourcesFiltering - Using platform encoding (UTF-8 actually) to copy filtered resources, i.e. build is platform dependent!
2025-04-22 19:10:45,184 [Worker-35: Building] INFO  o.a.m.s.f.DefaultMavenResourcesFiltering - Copying 0 resource from src\test\resources to target\test-classes
2025-04-22 19:13:50,571 [Worker-33: Building] WARN  o.a.m.s.f.DefaultMavenResourcesFiltering - Using platform encoding (UTF-8 actually) to copy filtered resources, i.e. build is platform dependent!
2025-04-22 19:13:50,572 [Worker-33: Building] INFO  o.a.m.s.f.DefaultMavenResourcesFiltering - Copying 0 resource from src\main\resources to target\classes
2025-04-22 19:13:50,573 [Worker-33: Building] WARN  o.a.m.s.f.DefaultMavenResourcesFiltering - Using platform encoding (UTF-8 actually) to copy filtered resources, i.e. build is platform dependent!
2025-04-22 19:13:50,574 [Worker-33: Building] INFO  o.a.m.s.f.DefaultMavenResourcesFiltering - Copying 0 resource from src\test\resources to target\test-classes
2025-04-22 19:15:43,661 [Worker-40: Building] WARN  o.a.m.s.f.DefaultMavenResourcesFiltering - Using platform encoding (UTF-8 actually) to copy filtered resources, i.e. build is platform dependent!
2025-04-22 19:15:43,665 [Worker-40: Building] INFO  o.a.m.s.f.DefaultMavenResourcesFiltering - Copying 0 resource from src\main\resources to target\classes
2025-04-22 19:15:43,667 [Worker-40: Building] WARN  o.a.m.s.f.DefaultMavenResourcesFiltering - Using platform encoding (UTF-8 actually) to copy filtered resources, i.e. build is platform dependent!
2025-04-22 19:15:43,678 [Worker-40: Building] INFO  o.a.m.s.f.DefaultMavenResourcesFiltering - Copying 0 resource from src\test\resources to target\test-classes
2025-04-22 19:15:47,573 [Worker-39: Building] WARN  o.a.m.s.f.DefaultMavenResourcesFiltering - Using platform encoding (UTF-8 actually) to copy filtered resources, i.e. build is platform dependent!
2025-04-22 19:15:47,574 [Worker-39: Building] INFO  o.a.m.s.f.DefaultMavenResourcesFiltering - Copying 0 resource from src\main\resources to target\classes
2025-04-22 19:15:47,576 [Worker-39: Building] WARN  o.a.m.s.f.DefaultMavenResourcesFiltering - Using platform encoding (UTF-8 actually) to copy filtered resources, i.e. build is platform dependent!
2025-04-22 19:15:47,577 [Worker-39: Building] INFO  o.a.m.s.f.DefaultMavenResourcesFiltering - Copying 0 resource from src\test\resources to target\test-classes
2025-04-22 19:16:12,706 [Worker-39: Building] WARN  o.a.m.s.f.DefaultMavenResourcesFiltering - Using platform encoding (UTF-8 actually) to copy filtered resources, i.e. build is platform dependent!
2025-04-22 19:16:12,708 [Worker-39: Building] INFO  o.a.m.s.f.DefaultMavenResourcesFiltering - Copying 0 resource from src\main\resources to target\classes
2025-04-22 19:16:12,709 [Worker-39: Building] WARN  o.a.m.s.f.DefaultMavenResourcesFiltering - Using platform encoding (UTF-8 actually) to copy filtered resources, i.e. build is platform dependent!
2025-04-22 19:16:12,710 [Worker-39: Building] INFO  o.a.m.s.f.DefaultMavenResourcesFiltering - Copying 0 resource from src\test\resources to target\test-classes
2025-04-22 19:16:16,916 [Worker-41: Building] WARN  o.a.m.s.f.DefaultMavenResourcesFiltering - Using platform encoding (UTF-8 actually) to copy filtered resources, i.e. build is platform dependent!
2025-04-22 19:16:16,917 [Worker-41: Building] INFO  o.a.m.s.f.DefaultMavenResourcesFiltering - Copying 0 resource from src\main\resources to target\classes
2025-04-22 19:16:16,918 [Worker-41: Building] WARN  o.a.m.s.f.DefaultMavenResourcesFiltering - Using platform encoding (UTF-8 actually) to copy filtered resources, i.e. build is platform dependent!
2025-04-22 19:16:16,919 [Worker-41: Building] INFO  o.a.m.s.f.DefaultMavenResourcesFiltering - Copying 0 resource from src\test\resources to target\test-classes
2025-04-22 19:16:26,075 [Worker-41: Building] WARN  o.a.m.s.f.DefaultMavenResourcesFiltering - Using platform encoding (UTF-8 actually) to copy filtered resources, i.e. build is platform dependent!
2025-04-22 19:16:26,077 [Worker-41: Building] INFO  o.a.m.s.f.DefaultMavenResourcesFiltering - Copying 0 resource from src\main\resources to target\classes
2025-04-22 19:16:26,078 [Worker-41: Building] WARN  o.a.m.s.f.DefaultMavenResourcesFiltering - Using platform encoding (UTF-8 actually) to copy filtered resources, i.e. build is platform dependent!
2025-04-22 19:16:26,079 [Worker-41: Building] INFO  o.a.m.s.f.DefaultMavenResourcesFiltering - Copying 0 resource from src\test\resources to target\test-classes
2025-04-22 19:16:31,713 [Worker-41: Building] WARN  o.a.m.s.f.DefaultMavenResourcesFiltering - Using platform encoding (UTF-8 actually) to copy filtered resources, i.e. build is platform dependent!
2025-04-22 19:16:31,714 [Worker-41: Building] INFO  o.a.m.s.f.DefaultMavenResourcesFiltering - Copying 0 resource from src\main\resources to target\classes
2025-04-22 19:16:31,716 [Worker-41: Building] WARN  o.a.m.s.f.DefaultMavenResourcesFiltering - Using platform encoding (UTF-8 actually) to copy filtered resources, i.e. build is platform dependent!
2025-04-22 19:16:31,716 [Worker-41: Building] INFO  o.a.m.s.f.DefaultMavenResourcesFiltering - Copying 0 resource from src\test\resources to target\test-classes
2025-04-22 19:16:41,620 [Worker-33: Building] WARN  o.a.m.s.f.DefaultMavenResourcesFiltering - Using platform encoding (UTF-8 actually) to copy filtered resources, i.e. build is platform dependent!
2025-04-22 19:16:41,622 [Worker-33: Building] INFO  o.a.m.s.f.DefaultMavenResourcesFiltering - Copying 0 resource from src\main\resources to target\classes
2025-04-22 19:16:41,623 [Worker-33: Building] WARN  o.a.m.s.f.DefaultMavenResourcesFiltering - Using platform encoding (UTF-8 actually) to copy filtered resources, i.e. build is platform dependent!
2025-04-22 19:16:41,624 [Worker-33: Building] INFO  o.a.m.s.f.DefaultMavenResourcesFiltering - Copying 0 resource from src\test\resources to target\test-classes
2025-04-22 19:16:44,842 [Worker-39: Building] WARN  o.a.m.s.f.DefaultMavenResourcesFiltering - Using platform encoding (UTF-8 actually) to copy filtered resources, i.e. build is platform dependent!
2025-04-22 19:16:44,843 [Worker-39: Building] INFO  o.a.m.s.f.DefaultMavenResourcesFiltering - Copying 0 resource from src\main\resources to target\classes
2025-04-22 19:16:44,845 [Worker-39: Building] WARN  o.a.m.s.f.DefaultMavenResourcesFiltering - Using platform encoding (UTF-8 actually) to copy filtered resources, i.e. build is platform dependent!
2025-04-22 19:16:44,846 [Worker-39: Building] INFO  o.a.m.s.f.DefaultMavenResourcesFiltering - Copying 0 resource from src\test\resources to target\test-classes
2025-04-22 19:16:51,227 [Worker-39: Building] WARN  o.a.m.s.f.DefaultMavenResourcesFiltering - Using platform encoding (UTF-8 actually) to copy filtered resources, i.e. build is platform dependent!
2025-04-22 19:16:51,228 [Worker-39: Building] INFO  o.a.m.s.f.DefaultMavenResourcesFiltering - Copying 0 resource from src\main\resources to target\classes
2025-04-22 19:16:51,230 [Worker-39: Building] WARN  o.a.m.s.f.DefaultMavenResourcesFiltering - Using platform encoding (UTF-8 actually) to copy filtered resources, i.e. build is platform dependent!
2025-04-22 19:16:51,230 [Worker-39: Building] INFO  o.a.m.s.f.DefaultMavenResourcesFiltering - Copying 0 resource from src\test\resources to target\test-classes
2025-04-22 19:16:55,306 [Worker-39: Building] WARN  o.a.m.s.f.DefaultMavenResourcesFiltering - Using platform encoding (UTF-8 actually) to copy filtered resources, i.e. build is platform dependent!
2025-04-22 19:16:55,307 [Worker-39: Building] INFO  o.a.m.s.f.DefaultMavenResourcesFiltering - Copying 0 resource from src\main\resources to target\classes
2025-04-22 19:16:55,309 [Worker-39: Building] WARN  o.a.m.s.f.DefaultMavenResourcesFiltering - Using platform encoding (UTF-8 actually) to copy filtered resources, i.e. build is platform dependent!
2025-04-22 19:16:55,311 [Worker-39: Building] INFO  o.a.m.s.f.DefaultMavenResourcesFiltering - Copying 0 resource from src\test\resources to target\test-classes
2025-04-22 19:16:57,750 [Worker-40: Building] WARN  o.a.m.s.f.DefaultMavenResourcesFiltering - Using platform encoding (UTF-8 actually) to copy filtered resources, i.e. build is platform dependent!
2025-04-22 19:16:57,751 [Worker-40: Building] INFO  o.a.m.s.f.DefaultMavenResourcesFiltering - Copying 0 resource from src\main\resources to target\classes
2025-04-22 19:16:57,753 [Worker-40: Building] WARN  o.a.m.s.f.DefaultMavenResourcesFiltering - Using platform encoding (UTF-8 actually) to copy filtered resources, i.e. build is platform dependent!
2025-04-22 19:16:57,754 [Worker-40: Building] INFO  o.a.m.s.f.DefaultMavenResourcesFiltering - Copying 0 resource from src\test\resources to target\test-classes
2025-04-22 19:17:03,116 [Worker-33: Building] WARN  o.a.m.s.f.DefaultMavenResourcesFiltering - Using platform encoding (UTF-8 actually) to copy filtered resources, i.e. build is platform dependent!
2025-04-22 19:17:03,117 [Worker-33: Building] INFO  o.a.m.s.f.DefaultMavenResourcesFiltering - Copying 0 resource from src\main\resources to target\classes
2025-04-22 19:17:03,119 [Worker-33: Building] WARN  o.a.m.s.f.DefaultMavenResourcesFiltering - Using platform encoding (UTF-8 actually) to copy filtered resources, i.e. build is platform dependent!
2025-04-22 19:17:03,120 [Worker-33: Building] INFO  o.a.m.s.f.DefaultMavenResourcesFiltering - Copying 0 resource from src\test\resources to target\test-classes
2025-04-22 19:17:08,412 [Worker-37: Building] WARN  o.a.m.s.f.DefaultMavenResourcesFiltering - Using platform encoding (UTF-8 actually) to copy filtered resources, i.e. build is platform dependent!
2025-04-22 19:17:08,413 [Worker-37: Building] INFO  o.a.m.s.f.DefaultMavenResourcesFiltering - Copying 0 resource from src\main\resources to target\classes
2025-04-22 19:17:08,415 [Worker-37: Building] WARN  o.a.m.s.f.DefaultMavenResourcesFiltering - Using platform encoding (UTF-8 actually) to copy filtered resources, i.e. build is platform dependent!
2025-04-22 19:17:08,416 [Worker-37: Building] INFO  o.a.m.s.f.DefaultMavenResourcesFiltering - Copying 0 resource from src\test\resources to target\test-classes
2025-04-22 19:17:10,321 [Worker-40: Building] WARN  o.a.m.s.f.DefaultMavenResourcesFiltering - Using platform encoding (UTF-8 actually) to copy filtered resources, i.e. build is platform dependent!
2025-04-22 19:17:10,323 [Worker-40: Building] INFO  o.a.m.s.f.DefaultMavenResourcesFiltering - Copying 0 resource from src\main\resources to target\classes
2025-04-22 19:17:10,326 [Worker-40: Building] WARN  o.a.m.s.f.DefaultMavenResourcesFiltering - Using platform encoding (UTF-8 actually) to copy filtered resources, i.e. build is platform dependent!
2025-04-22 19:17:10,328 [Worker-40: Building] INFO  o.a.m.s.f.DefaultMavenResourcesFiltering - Copying 0 resource from src\test\resources to target\test-classes
2025-04-22 19:17:12,720 [Worker-33: Building] WARN  o.a.m.s.f.DefaultMavenResourcesFiltering - Using platform encoding (UTF-8 actually) to copy filtered resources, i.e. build is platform dependent!
2025-04-22 19:17:12,721 [Worker-33: Building] INFO  o.a.m.s.f.DefaultMavenResourcesFiltering - Copying 0 resource from src\main\resources to target\classes
2025-04-22 19:17:12,723 [Worker-33: Building] WARN  o.a.m.s.f.DefaultMavenResourcesFiltering - Using platform encoding (UTF-8 actually) to copy filtered resources, i.e. build is platform dependent!
2025-04-22 19:17:12,724 [Worker-33: Building] INFO  o.a.m.s.f.DefaultMavenResourcesFiltering - Copying 0 resource from src\test\resources to target\test-classes
2025-04-22 19:17:17,683 [Worker-40: Building] WARN  o.a.m.s.f.DefaultMavenResourcesFiltering - Using platform encoding (UTF-8 actually) to copy filtered resources, i.e. build is platform dependent!
2025-04-22 19:17:17,685 [Worker-40: Building] INFO  o.a.m.s.f.DefaultMavenResourcesFiltering - Copying 0 resource from src\main\resources to target\classes
2025-04-22 19:17:17,687 [Worker-40: Building] WARN  o.a.m.s.f.DefaultMavenResourcesFiltering - Using platform encoding (UTF-8 actually) to copy filtered resources, i.e. build is platform dependent!
2025-04-22 19:17:17,688 [Worker-40: Building] INFO  o.a.m.s.f.DefaultMavenResourcesFiltering - Copying 0 resource from src\test\resources to target\test-classes
2025-04-22 19:17:24,898 [Worker-33: Building] WARN  o.a.m.s.f.DefaultMavenResourcesFiltering - Using platform encoding (UTF-8 actually) to copy filtered resources, i.e. build is platform dependent!
2025-04-22 19:17:24,900 [Worker-33: Building] INFO  o.a.m.s.f.DefaultMavenResourcesFiltering - Copying 0 resource from src\main\resources to target\classes
2025-04-22 19:17:24,901 [Worker-33: Building] WARN  o.a.m.s.f.DefaultMavenResourcesFiltering - Using platform encoding (UTF-8 actually) to copy filtered resources, i.e. build is platform dependent!
2025-04-22 19:17:24,903 [Worker-33: Building] INFO  o.a.m.s.f.DefaultMavenResourcesFiltering - Copying 0 resource from src\test\resources to target\test-classes
2025-04-22 19:19:03,792 [Worker-41: Building] WARN  o.a.m.s.f.DefaultMavenResourcesFiltering - Using platform encoding (UTF-8 actually) to copy filtered resources, i.e. build is platform dependent!
2025-04-22 19:19:03,793 [Worker-41: Building] INFO  o.a.m.s.f.DefaultMavenResourcesFiltering - Copying 0 resource from src\main\resources to target\classes
2025-04-22 19:19:03,795 [Worker-41: Building] WARN  o.a.m.s.f.DefaultMavenResourcesFiltering - Using platform encoding (UTF-8 actually) to copy filtered resources, i.e. build is platform dependent!
2025-04-22 19:19:03,796 [Worker-41: Building] INFO  o.a.m.s.f.DefaultMavenResourcesFiltering - Copying 0 resource from src\test\resources to target\test-classes
2025-04-22 19:19:11,806 [Worker-40: Building] WARN  o.a.m.s.f.DefaultMavenResourcesFiltering - Using platform encoding (UTF-8 actually) to copy filtered resources, i.e. build is platform dependent!
2025-04-22 19:19:11,807 [Worker-40: Building] INFO  o.a.m.s.f.DefaultMavenResourcesFiltering - Copying 0 resource from src\main\resources to target\classes
2025-04-22 19:19:11,809 [Worker-40: Building] WARN  o.a.m.s.f.DefaultMavenResourcesFiltering - Using platform encoding (UTF-8 actually) to copy filtered resources, i.e. build is platform dependent!
2025-04-22 19:19:11,810 [Worker-40: Building] INFO  o.a.m.s.f.DefaultMavenResourcesFiltering - Copying 0 resource from src\test\resources to target\test-classes
2025-04-22 19:19:17,735 [Worker-39: Building] WARN  o.a.m.s.f.DefaultMavenResourcesFiltering - Using platform encoding (UTF-8 actually) to copy filtered resources, i.e. build is platform dependent!
2025-04-22 19:19:17,736 [Worker-39: Building] INFO  o.a.m.s.f.DefaultMavenResourcesFiltering - Copying 0 resource from src\main\resources to target\classes
2025-04-22 19:19:17,738 [Worker-39: Building] WARN  o.a.m.s.f.DefaultMavenResourcesFiltering - Using platform encoding (UTF-8 actually) to copy filtered resources, i.e. build is platform dependent!
2025-04-22 19:19:17,740 [Worker-39: Building] INFO  o.a.m.s.f.DefaultMavenResourcesFiltering - Copying 0 resource from src\test\resources to target\test-classes
2025-04-22 19:19:45,973 [Worker-43: Building] WARN  o.a.m.s.f.DefaultMavenResourcesFiltering - Using platform encoding (UTF-8 actually) to copy filtered resources, i.e. build is platform dependent!
2025-04-22 19:19:45,975 [Worker-43: Building] INFO  o.a.m.s.f.DefaultMavenResourcesFiltering - Copying 0 resource from src\main\resources to target\classes
2025-04-22 19:19:45,977 [Worker-43: Building] WARN  o.a.m.s.f.DefaultMavenResourcesFiltering - Using platform encoding (UTF-8 actually) to copy filtered resources, i.e. build is platform dependent!
2025-04-22 19:19:45,978 [Worker-43: Building] INFO  o.a.m.s.f.DefaultMavenResourcesFiltering - Copying 0 resource from src\test\resources to target\test-classes
2025-04-22 19:19:51,248 [Worker-40: Building] WARN  o.a.m.s.f.DefaultMavenResourcesFiltering - Using platform encoding (UTF-8 actually) to copy filtered resources, i.e. build is platform dependent!
2025-04-22 19:19:51,250 [Worker-40: Building] INFO  o.a.m.s.f.DefaultMavenResourcesFiltering - Copying 0 resource from src\main\resources to target\classes
2025-04-22 19:19:51,252 [Worker-40: Building] WARN  o.a.m.s.f.DefaultMavenResourcesFiltering - Using platform encoding (UTF-8 actually) to copy filtered resources, i.e. build is platform dependent!
2025-04-22 19:19:51,254 [Worker-40: Building] INFO  o.a.m.s.f.DefaultMavenResourcesFiltering - Copying 0 resource from src\test\resources to target\test-classes
2025-04-22 19:19:54,790 [Worker-43: Building] WARN  o.a.m.s.f.DefaultMavenResourcesFiltering - Using platform encoding (UTF-8 actually) to copy filtered resources, i.e. build is platform dependent!
2025-04-22 19:19:54,791 [Worker-43: Building] INFO  o.a.m.s.f.DefaultMavenResourcesFiltering - Copying 0 resource from src\main\resources to target\classes
2025-04-22 19:19:54,793 [Worker-43: Building] WARN  o.a.m.s.f.DefaultMavenResourcesFiltering - Using platform encoding (UTF-8 actually) to copy filtered resources, i.e. build is platform dependent!
2025-04-22 19:19:54,794 [Worker-43: Building] INFO  o.a.m.s.f.DefaultMavenResourcesFiltering - Copying 0 resource from src\test\resources to target\test-classes
2025-04-22 19:20:01,977 [Worker-42: Building] WARN  o.a.m.s.f.DefaultMavenResourcesFiltering - Using platform encoding (UTF-8 actually) to copy filtered resources, i.e. build is platform dependent!
2025-04-22 19:20:01,978 [Worker-42: Building] INFO  o.a.m.s.f.DefaultMavenResourcesFiltering - Copying 0 resource from src\main\resources to target\classes
2025-04-22 19:20:01,980 [Worker-42: Building] WARN  o.a.m.s.f.DefaultMavenResourcesFiltering - Using platform encoding (UTF-8 actually) to copy filtered resources, i.e. build is platform dependent!
2025-04-22 19:20:01,981 [Worker-42: Building] INFO  o.a.m.s.f.DefaultMavenResourcesFiltering - Copying 0 resource from src\test\resources to target\test-classes
2025-04-22 19:20:03,620 [Worker-41: Building] WARN  o.a.m.s.f.DefaultMavenResourcesFiltering - Using platform encoding (UTF-8 actually) to copy filtered resources, i.e. build is platform dependent!
2025-04-22 19:20:03,621 [Worker-41: Building] INFO  o.a.m.s.f.DefaultMavenResourcesFiltering - Copying 0 resource from src\main\resources to target\classes
2025-04-22 19:20:03,623 [Worker-41: Building] WARN  o.a.m.s.f.DefaultMavenResourcesFiltering - Using platform encoding (UTF-8 actually) to copy filtered resources, i.e. build is platform dependent!
2025-04-22 19:20:03,624 [Worker-41: Building] INFO  o.a.m.s.f.DefaultMavenResourcesFiltering - Copying 0 resource from src\test\resources to target\test-classes
2025-04-22 19:20:05,604 [Worker-42: Building] WARN  o.a.m.s.f.DefaultMavenResourcesFiltering - Using platform encoding (UTF-8 actually) to copy filtered resources, i.e. build is platform dependent!
2025-04-22 19:20:05,605 [Worker-42: Building] INFO  o.a.m.s.f.DefaultMavenResourcesFiltering - Copying 0 resource from src\main\resources to target\classes
2025-04-22 19:20:05,607 [Worker-42: Building] WARN  o.a.m.s.f.DefaultMavenResourcesFiltering - Using platform encoding (UTF-8 actually) to copy filtered resources, i.e. build is platform dependent!
2025-04-22 19:20:05,609 [Worker-42: Building] INFO  o.a.m.s.f.DefaultMavenResourcesFiltering - Copying 0 resource from src\test\resources to target\test-classes
2025-04-22 19:20:07,756 [Worker-42: Building] WARN  o.a.m.s.f.DefaultMavenResourcesFiltering - Using platform encoding (UTF-8 actually) to copy filtered resources, i.e. build is platform dependent!
2025-04-22 19:20:07,757 [Worker-42: Building] INFO  o.a.m.s.f.DefaultMavenResourcesFiltering - Copying 0 resource from src\main\resources to target\classes
2025-04-22 19:20:07,758 [Worker-42: Building] WARN  o.a.m.s.f.DefaultMavenResourcesFiltering - Using platform encoding (UTF-8 actually) to copy filtered resources, i.e. build is platform dependent!
2025-04-22 19:20:07,759 [Worker-42: Building] INFO  o.a.m.s.f.DefaultMavenResourcesFiltering - Copying 0 resource from src\test\resources to target\test-classes
2025-04-22 19:20:10,791 [Worker-40: Building] WARN  o.a.m.s.f.DefaultMavenResourcesFiltering - Using platform encoding (UTF-8 actually) to copy filtered resources, i.e. build is platform dependent!
2025-04-22 19:20:10,792 [Worker-40: Building] INFO  o.a.m.s.f.DefaultMavenResourcesFiltering - Copying 0 resource from src\main\resources to target\classes
2025-04-22 19:20:10,793 [Worker-40: Building] WARN  o.a.m.s.f.DefaultMavenResourcesFiltering - Using platform encoding (UTF-8 actually) to copy filtered resources, i.e. build is platform dependent!
2025-04-22 19:20:10,794 [Worker-40: Building] INFO  o.a.m.s.f.DefaultMavenResourcesFiltering - Copying 0 resource from src\test\resources to target\test-classes
2025-04-22 19:20:40,196 [Worker-39: Building] WARN  o.a.m.s.f.DefaultMavenResourcesFiltering - Using platform encoding (UTF-8 actually) to copy filtered resources, i.e. build is platform dependent!
2025-04-22 19:20:40,198 [Worker-39: Building] INFO  o.a.m.s.f.DefaultMavenResourcesFiltering - Copying 0 resource from src\main\resources to target\classes
2025-04-22 19:20:40,200 [Worker-39: Building] WARN  o.a.m.s.f.DefaultMavenResourcesFiltering - Using platform encoding (UTF-8 actually) to copy filtered resources, i.e. build is platform dependent!
2025-04-22 19:20:40,201 [Worker-39: Building] INFO  o.a.m.s.f.DefaultMavenResourcesFiltering - Copying 0 resource from src\test\resources to target\test-classes
2025-04-22 19:20:44,081 [Worker-42: Building] WARN  o.a.m.s.f.DefaultMavenResourcesFiltering - Using platform encoding (UTF-8 actually) to copy filtered resources, i.e. build is platform dependent!
2025-04-22 19:20:44,082 [Worker-42: Building] INFO  o.a.m.s.f.DefaultMavenResourcesFiltering - Copying 0 resource from src\main\resources to target\classes
2025-04-22 19:20:44,084 [Worker-42: Building] WARN  o.a.m.s.f.DefaultMavenResourcesFiltering - Using platform encoding (UTF-8 actually) to copy filtered resources, i.e. build is platform dependent!
2025-04-22 19:20:44,085 [Worker-42: Building] INFO  o.a.m.s.f.DefaultMavenResourcesFiltering - Copying 0 resource from src\test\resources to target\test-classes
2025-04-22 19:20:47,097 [Worker-42: Building] WARN  o.a.m.s.f.DefaultMavenResourcesFiltering - Using platform encoding (UTF-8 actually) to copy filtered resources, i.e. build is platform dependent!
2025-04-22 19:20:47,098 [Worker-42: Building] INFO  o.a.m.s.f.DefaultMavenResourcesFiltering - Copying 0 resource from src\main\resources to target\classes
2025-04-22 19:20:47,100 [Worker-42: Building] WARN  o.a.m.s.f.DefaultMavenResourcesFiltering - Using platform encoding (UTF-8 actually) to copy filtered resources, i.e. build is platform dependent!
2025-04-22 19:20:47,101 [Worker-42: Building] INFO  o.a.m.s.f.DefaultMavenResourcesFiltering - Copying 0 resource from src\test\resources to target\test-classes
2025-04-22 19:20:49,461 [Worker-42: Building] WARN  o.a.m.s.f.DefaultMavenResourcesFiltering - Using platform encoding (UTF-8 actually) to copy filtered resources, i.e. build is platform dependent!
2025-04-22 19:20:49,462 [Worker-42: Building] INFO  o.a.m.s.f.DefaultMavenResourcesFiltering - Copying 0 resource from src\main\resources to target\classes
2025-04-22 19:20:49,464 [Worker-42: Building] WARN  o.a.m.s.f.DefaultMavenResourcesFiltering - Using platform encoding (UTF-8 actually) to copy filtered resources, i.e. build is platform dependent!
2025-04-22 19:20:49,465 [Worker-42: Building] INFO  o.a.m.s.f.DefaultMavenResourcesFiltering - Copying 0 resource from src\test\resources to target\test-classes
2025-04-22 19:21:00,180 [Worker-42: Building] WARN  o.a.m.s.f.DefaultMavenResourcesFiltering - Using platform encoding (UTF-8 actually) to copy filtered resources, i.e. build is platform dependent!
2025-04-22 19:21:00,181 [Worker-42: Building] INFO  o.a.m.s.f.DefaultMavenResourcesFiltering - Copying 0 resource from src\main\resources to target\classes
2025-04-22 19:21:00,183 [Worker-42: Building] WARN  o.a.m.s.f.DefaultMavenResourcesFiltering - Using platform encoding (UTF-8 actually) to copy filtered resources, i.e. build is platform dependent!
2025-04-22 19:21:00,184 [Worker-42: Building] INFO  o.a.m.s.f.DefaultMavenResourcesFiltering - Copying 0 resource from src\test\resources to target\test-classes
2025-04-22 19:21:05,227 [Worker-39: Building] WARN  o.a.m.s.f.DefaultMavenResourcesFiltering - Using platform encoding (UTF-8 actually) to copy filtered resources, i.e. build is platform dependent!
2025-04-22 19:21:05,228 [Worker-39: Building] INFO  o.a.m.s.f.DefaultMavenResourcesFiltering - Copying 0 resource from src\main\resources to target\classes
2025-04-22 19:21:05,230 [Worker-39: Building] WARN  o.a.m.s.f.DefaultMavenResourcesFiltering - Using platform encoding (UTF-8 actually) to copy filtered resources, i.e. build is platform dependent!
2025-04-22 19:21:05,231 [Worker-39: Building] INFO  o.a.m.s.f.DefaultMavenResourcesFiltering - Copying 0 resource from src\test\resources to target\test-classes
2025-04-22 19:21:10,453 [Worker-43: Building] WARN  o.a.m.s.f.DefaultMavenResourcesFiltering - Using platform encoding (UTF-8 actually) to copy filtered resources, i.e. build is platform dependent!
2025-04-22 19:21:10,455 [Worker-43: Building] INFO  o.a.m.s.f.DefaultMavenResourcesFiltering - Copying 0 resource from src\main\resources to target\classes
2025-04-22 19:21:10,457 [Worker-43: Building] WARN  o.a.m.s.f.DefaultMavenResourcesFiltering - Using platform encoding (UTF-8 actually) to copy filtered resources, i.e. build is platform dependent!
2025-04-22 19:21:10,458 [Worker-43: Building] INFO  o.a.m.s.f.DefaultMavenResourcesFiltering - Copying 0 resource from src\test\resources to target\test-classes
2025-04-22 19:21:12,888 [Worker-41: Building] WARN  o.a.m.s.f.DefaultMavenResourcesFiltering - Using platform encoding (UTF-8 actually) to copy filtered resources, i.e. build is platform dependent!
2025-04-22 19:21:12,889 [Worker-41: Building] INFO  o.a.m.s.f.DefaultMavenResourcesFiltering - Copying 0 resource from src\main\resources to target\classes
2025-04-22 19:21:12,891 [Worker-41: Building] WARN  o.a.m.s.f.DefaultMavenResourcesFiltering - Using platform encoding (UTF-8 actually) to copy filtered resources, i.e. build is platform dependent!
2025-04-22 19:21:12,892 [Worker-41: Building] INFO  o.a.m.s.f.DefaultMavenResourcesFiltering - Copying 0 resource from src\test\resources to target\test-classes
2025-04-22 19:21:16,302 [Worker-40: Building] WARN  o.a.m.s.f.DefaultMavenResourcesFiltering - Using platform encoding (UTF-8 actually) to copy filtered resources, i.e. build is platform dependent!
2025-04-22 19:21:16,304 [Worker-40: Building] INFO  o.a.m.s.f.DefaultMavenResourcesFiltering - Copying 0 resource from src\main\resources to target\classes
2025-04-22 19:21:16,306 [Worker-40: Building] WARN  o.a.m.s.f.DefaultMavenResourcesFiltering - Using platform encoding (UTF-8 actually) to copy filtered resources, i.e. build is platform dependent!
2025-04-22 19:21:16,307 [Worker-40: Building] INFO  o.a.m.s.f.DefaultMavenResourcesFiltering - Copying 0 resource from src\test\resources to target\test-classes
2025-04-22 19:21:21,577 [Worker-40: Building] WARN  o.a.m.s.f.DefaultMavenResourcesFiltering - Using platform encoding (UTF-8 actually) to copy filtered resources, i.e. build is platform dependent!
2025-04-22 19:21:21,578 [Worker-40: Building] INFO  o.a.m.s.f.DefaultMavenResourcesFiltering - Copying 0 resource from src\main\resources to target\classes
2025-04-22 19:21:21,580 [Worker-40: Building] WARN  o.a.m.s.f.DefaultMavenResourcesFiltering - Using platform encoding (UTF-8 actually) to copy filtered resources, i.e. build is platform dependent!
2025-04-22 19:21:21,581 [Worker-40: Building] INFO  o.a.m.s.f.DefaultMavenResourcesFiltering - Copying 0 resource from src\test\resources to target\test-classes
2025-04-22 19:21:39,899 [Worker-43: Building] WARN  o.a.m.s.f.DefaultMavenResourcesFiltering - Using platform encoding (UTF-8 actually) to copy filtered resources, i.e. build is platform dependent!
2025-04-22 19:21:39,901 [Worker-43: Building] INFO  o.a.m.s.f.DefaultMavenResourcesFiltering - Copying 0 resource from src\main\resources to target\classes
2025-04-22 19:21:39,903 [Worker-43: Building] WARN  o.a.m.s.f.DefaultMavenResourcesFiltering - Using platform encoding (UTF-8 actually) to copy filtered resources, i.e. build is platform dependent!
2025-04-22 19:21:39,904 [Worker-43: Building] INFO  o.a.m.s.f.DefaultMavenResourcesFiltering - Copying 0 resource from src\test\resources to target\test-classes
2025-04-22 19:21:41,988 [Worker-43: Building] WARN  o.a.m.s.f.DefaultMavenResourcesFiltering - Using platform encoding (UTF-8 actually) to copy filtered resources, i.e. build is platform dependent!
2025-04-22 19:21:41,990 [Worker-43: Building] INFO  o.a.m.s.f.DefaultMavenResourcesFiltering - Copying 0 resource from src\main\resources to target\classes
2025-04-22 19:21:41,991 [Worker-43: Building] WARN  o.a.m.s.f.DefaultMavenResourcesFiltering - Using platform encoding (UTF-8 actually) to copy filtered resources, i.e. build is platform dependent!
2025-04-22 19:21:41,992 [Worker-43: Building] INFO  o.a.m.s.f.DefaultMavenResourcesFiltering - Copying 0 resource from src\test\resources to target\test-classes
2025-04-22 19:21:51,614 [Worker-40: Building] WARN  o.a.m.s.f.DefaultMavenResourcesFiltering - Using platform encoding (UTF-8 actually) to copy filtered resources, i.e. build is platform dependent!
2025-04-22 19:21:51,615 [Worker-40: Building] INFO  o.a.m.s.f.DefaultMavenResourcesFiltering - Copying 0 resource from src\main\resources to target\classes
2025-04-22 19:21:51,616 [Worker-40: Building] WARN  o.a.m.s.f.DefaultMavenResourcesFiltering - Using platform encoding (UTF-8 actually) to copy filtered resources, i.e. build is platform dependent!
2025-04-22 19:21:51,617 [Worker-40: Building] INFO  o.a.m.s.f.DefaultMavenResourcesFiltering - Copying 0 resource from src\test\resources to target\test-classes
2025-04-22 19:21:54,667 [Worker-39: Building] WARN  o.a.m.s.f.DefaultMavenResourcesFiltering - Using platform encoding (UTF-8 actually) to copy filtered resources, i.e. build is platform dependent!
2025-04-22 19:21:54,668 [Worker-39: Building] INFO  o.a.m.s.f.DefaultMavenResourcesFiltering - Copying 0 resource from src\main\resources to target\classes
2025-04-22 19:21:54,669 [Worker-39: Building] WARN  o.a.m.s.f.DefaultMavenResourcesFiltering - Using platform encoding (UTF-8 actually) to copy filtered resources, i.e. build is platform dependent!
2025-04-22 19:21:54,670 [Worker-39: Building] INFO  o.a.m.s.f.DefaultMavenResourcesFiltering - Copying 0 resource from src\test\resources to target\test-classes
2025-04-22 19:22:08,075 [Worker-39: Building] WARN  o.a.m.s.f.DefaultMavenResourcesFiltering - Using platform encoding (UTF-8 actually) to copy filtered resources, i.e. build is platform dependent!
2025-04-22 19:22:08,076 [Worker-39: Building] INFO  o.a.m.s.f.DefaultMavenResourcesFiltering - Copying 0 resource from src\main\resources to target\classes
2025-04-22 19:22:08,078 [Worker-39: Building] WARN  o.a.m.s.f.DefaultMavenResourcesFiltering - Using platform encoding (UTF-8 actually) to copy filtered resources, i.e. build is platform dependent!
2025-04-22 19:22:08,080 [Worker-39: Building] INFO  o.a.m.s.f.DefaultMavenResourcesFiltering - Copying 0 resource from src\test\resources to target\test-classes
2025-04-22 19:22:13,400 [Worker-41: Building] WARN  o.a.m.s.f.DefaultMavenResourcesFiltering - Using platform encoding (UTF-8 actually) to copy filtered resources, i.e. build is platform dependent!
2025-04-22 19:22:13,402 [Worker-41: Building] INFO  o.a.m.s.f.DefaultMavenResourcesFiltering - Copying 0 resource from src\main\resources to target\classes
2025-04-22 19:22:13,403 [Worker-41: Building] WARN  o.a.m.s.f.DefaultMavenResourcesFiltering - Using platform encoding (UTF-8 actually) to copy filtered resources, i.e. build is platform dependent!
2025-04-22 19:22:13,404 [Worker-41: Building] INFO  o.a.m.s.f.DefaultMavenResourcesFiltering - Copying 0 resource from src\test\resources to target\test-classes
2025-04-22 19:22:33,225 [Worker-41: Building] WARN  o.a.m.s.f.DefaultMavenResourcesFiltering - Using platform encoding (UTF-8 actually) to copy filtered resources, i.e. build is platform dependent!
2025-04-22 19:22:33,228 [Worker-41: Building] INFO  o.a.m.s.f.DefaultMavenResourcesFiltering - Copying 0 resource from src\main\resources to target\classes
2025-04-22 19:22:33,230 [Worker-41: Building] WARN  o.a.m.s.f.DefaultMavenResourcesFiltering - Using platform encoding (UTF-8 actually) to copy filtered resources, i.e. build is platform dependent!
2025-04-22 19:22:33,231 [Worker-41: Building] INFO  o.a.m.s.f.DefaultMavenResourcesFiltering - Copying 0 resource from src\test\resources to target\test-classes
2025-04-22 19:22:38,775 [Worker-40: Building] WARN  o.a.m.s.f.DefaultMavenResourcesFiltering - Using platform encoding (UTF-8 actually) to copy filtered resources, i.e. build is platform dependent!
2025-04-22 19:22:38,776 [Worker-40: Building] INFO  o.a.m.s.f.DefaultMavenResourcesFiltering - Copying 0 resource from src\main\resources to target\classes
2025-04-22 19:22:38,777 [Worker-40: Building] WARN  o.a.m.s.f.DefaultMavenResourcesFiltering - Using platform encoding (UTF-8 actually) to copy filtered resources, i.e. build is platform dependent!
2025-04-22 19:22:38,778 [Worker-40: Building] INFO  o.a.m.s.f.DefaultMavenResourcesFiltering - Copying 0 resource from src\test\resources to target\test-classes
2025-04-22 19:22:46,169 [Worker-43: Building] WARN  o.a.m.s.f.DefaultMavenResourcesFiltering - Using platform encoding (UTF-8 actually) to copy filtered resources, i.e. build is platform dependent!
2025-04-22 19:22:46,171 [Worker-43: Building] INFO  o.a.m.s.f.DefaultMavenResourcesFiltering - Copying 0 resource from src\main\resources to target\classes
2025-04-22 19:22:46,173 [Worker-43: Building] WARN  o.a.m.s.f.DefaultMavenResourcesFiltering - Using platform encoding (UTF-8 actually) to copy filtered resources, i.e. build is platform dependent!
2025-04-22 19:22:46,174 [Worker-43: Building] INFO  o.a.m.s.f.DefaultMavenResourcesFiltering - Copying 0 resource from src\test\resources to target\test-classes
2025-04-22 19:22:49,369 [Worker-39: Building] WARN  o.a.m.s.f.DefaultMavenResourcesFiltering - Using platform encoding (UTF-8 actually) to copy filtered resources, i.e. build is platform dependent!
2025-04-22 19:22:49,370 [Worker-39: Building] INFO  o.a.m.s.f.DefaultMavenResourcesFiltering - Copying 0 resource from src\main\resources to target\classes
2025-04-22 19:22:49,371 [Worker-39: Building] WARN  o.a.m.s.f.DefaultMavenResourcesFiltering - Using platform encoding (UTF-8 actually) to copy filtered resources, i.e. build is platform dependent!
2025-04-22 19:22:49,373 [Worker-39: Building] INFO  o.a.m.s.f.DefaultMavenResourcesFiltering - Copying 0 resource from src\test\resources to target\test-classes
2025-04-22 19:22:55,450 [Worker-42: Building] WARN  o.a.m.s.f.DefaultMavenResourcesFiltering - Using platform encoding (UTF-8 actually) to copy filtered resources, i.e. build is platform dependent!
2025-04-22 19:22:55,452 [Worker-42: Building] INFO  o.a.m.s.f.DefaultMavenResourcesFiltering - Copying 0 resource from src\main\resources to target\classes
2025-04-22 19:22:55,454 [Worker-42: Building] WARN  o.a.m.s.f.DefaultMavenResourcesFiltering - Using platform encoding (UTF-8 actually) to copy filtered resources, i.e. build is platform dependent!
2025-04-22 19:22:55,455 [Worker-42: Building] INFO  o.a.m.s.f.DefaultMavenResourcesFiltering - Copying 0 resource from src\test\resources to target\test-classes
2025-04-22 19:22:58,177 [Worker-42: Building] WARN  o.a.m.s.f.DefaultMavenResourcesFiltering - Using platform encoding (UTF-8 actually) to copy filtered resources, i.e. build is platform dependent!
2025-04-22 19:22:58,178 [Worker-42: Building] INFO  o.a.m.s.f.DefaultMavenResourcesFiltering - Copying 0 resource from src\main\resources to target\classes
2025-04-22 19:22:58,180 [Worker-42: Building] WARN  o.a.m.s.f.DefaultMavenResourcesFiltering - Using platform encoding (UTF-8 actually) to copy filtered resources, i.e. build is platform dependent!
2025-04-22 19:22:58,180 [Worker-42: Building] INFO  o.a.m.s.f.DefaultMavenResourcesFiltering - Copying 0 resource from src\test\resources to target\test-classes
2025-04-22 19:22:59,790 [Worker-43: Building] WARN  o.a.m.s.f.DefaultMavenResourcesFiltering - Using platform encoding (UTF-8 actually) to copy filtered resources, i.e. build is platform dependent!
2025-04-22 19:22:59,791 [Worker-43: Building] INFO  o.a.m.s.f.DefaultMavenResourcesFiltering - Copying 0 resource from src\main\resources to target\classes
2025-04-22 19:22:59,793 [Worker-43: Building] WARN  o.a.m.s.f.DefaultMavenResourcesFiltering - Using platform encoding (UTF-8 actually) to copy filtered resources, i.e. build is platform dependent!
2025-04-22 19:22:59,794 [Worker-43: Building] INFO  o.a.m.s.f.DefaultMavenResourcesFiltering - Copying 0 resource from src\test\resources to target\test-classes
2025-04-22 19:23:03,252 [Worker-43: Building] WARN  o.a.m.s.f.DefaultMavenResourcesFiltering - Using platform encoding (UTF-8 actually) to copy filtered resources, i.e. build is platform dependent!
2025-04-22 19:23:03,253 [Worker-43: Building] INFO  o.a.m.s.f.DefaultMavenResourcesFiltering - Copying 0 resource from src\main\resources to target\classes
2025-04-22 19:23:03,254 [Worker-43: Building] WARN  o.a.m.s.f.DefaultMavenResourcesFiltering - Using platform encoding (UTF-8 actually) to copy filtered resources, i.e. build is platform dependent!
2025-04-22 19:23:03,256 [Worker-43: Building] INFO  o.a.m.s.f.DefaultMavenResourcesFiltering - Copying 0 resource from src\test\resources to target\test-classes
2025-04-22 19:23:08,884 [Worker-39: Building] WARN  o.a.m.s.f.DefaultMavenResourcesFiltering - Using platform encoding (UTF-8 actually) to copy filtered resources, i.e. build is platform dependent!
2025-04-22 19:23:08,886 [Worker-39: Building] INFO  o.a.m.s.f.DefaultMavenResourcesFiltering - Copying 0 resource from src\main\resources to target\classes
2025-04-22 19:23:08,887 [Worker-39: Building] WARN  o.a.m.s.f.DefaultMavenResourcesFiltering - Using platform encoding (UTF-8 actually) to copy filtered resources, i.e. build is platform dependent!
2025-04-22 19:23:08,888 [Worker-39: Building] INFO  o.a.m.s.f.DefaultMavenResourcesFiltering - Copying 0 resource from src\test\resources to target\test-classes
2025-04-22 19:23:11,822 [Worker-43: Building] WARN  o.a.m.s.f.DefaultMavenResourcesFiltering - Using platform encoding (UTF-8 actually) to copy filtered resources, i.e. build is platform dependent!
2025-04-22 19:23:11,823 [Worker-43: Building] INFO  o.a.m.s.f.DefaultMavenResourcesFiltering - Copying 0 resource from src\main\resources to target\classes
2025-04-22 19:23:11,825 [Worker-43: Building] WARN  o.a.m.s.f.DefaultMavenResourcesFiltering - Using platform encoding (UTF-8 actually) to copy filtered resources, i.e. build is platform dependent!
2025-04-22 19:23:11,826 [Worker-43: Building] INFO  o.a.m.s.f.DefaultMavenResourcesFiltering - Copying 0 resource from src\test\resources to target\test-classes
2025-04-22 19:23:15,891 [Worker-42: Building] WARN  o.a.m.s.f.DefaultMavenResourcesFiltering - Using platform encoding (UTF-8 actually) to copy filtered resources, i.e. build is platform dependent!
2025-04-22 19:23:15,892 [Worker-42: Building] INFO  o.a.m.s.f.DefaultMavenResourcesFiltering - Copying 0 resource from src\main\resources to target\classes
2025-04-22 19:23:15,893 [Worker-42: Building] WARN  o.a.m.s.f.DefaultMavenResourcesFiltering - Using platform encoding (UTF-8 actually) to copy filtered resources, i.e. build is platform dependent!
2025-04-22 19:23:15,894 [Worker-42: Building] INFO  o.a.m.s.f.DefaultMavenResourcesFiltering - Copying 0 resource from src\test\resources to target\test-classes
2025-04-22 19:23:27,778 [Worker-39: Building] WARN  o.a.m.s.f.DefaultMavenResourcesFiltering - Using platform encoding (UTF-8 actually) to copy filtered resources, i.e. build is platform dependent!
2025-04-22 19:23:27,779 [Worker-39: Building] INFO  o.a.m.s.f.DefaultMavenResourcesFiltering - Copying 0 resource from src\main\resources to target\classes
2025-04-22 19:23:27,780 [Worker-39: Building] WARN  o.a.m.s.f.DefaultMavenResourcesFiltering - Using platform encoding (UTF-8 actually) to copy filtered resources, i.e. build is platform dependent!
2025-04-22 19:23:27,781 [Worker-39: Building] INFO  o.a.m.s.f.DefaultMavenResourcesFiltering - Copying 0 resource from src\test\resources to target\test-classes
2025-04-22 19:23:30,519 [Worker-39: Building] WARN  o.a.m.s.f.DefaultMavenResourcesFiltering - Using platform encoding (UTF-8 actually) to copy filtered resources, i.e. build is platform dependent!
2025-04-22 19:23:30,520 [Worker-39: Building] INFO  o.a.m.s.f.DefaultMavenResourcesFiltering - Copying 0 resource from src\main\resources to target\classes
2025-04-22 19:23:30,522 [Worker-39: Building] WARN  o.a.m.s.f.DefaultMavenResourcesFiltering - Using platform encoding (UTF-8 actually) to copy filtered resources, i.e. build is platform dependent!
2025-04-22 19:23:30,523 [Worker-39: Building] INFO  o.a.m.s.f.DefaultMavenResourcesFiltering - Copying 0 resource from src\test\resources to target\test-classes
2025-04-22 19:23:31,842 [Worker-42: Building] WARN  o.a.m.s.f.DefaultMavenResourcesFiltering - Using platform encoding (UTF-8 actually) to copy filtered resources, i.e. build is platform dependent!
2025-04-22 19:23:31,843 [Worker-42: Building] INFO  o.a.m.s.f.DefaultMavenResourcesFiltering - Copying 0 resource from src\main\resources to target\classes
2025-04-22 19:23:31,845 [Worker-42: Building] WARN  o.a.m.s.f.DefaultMavenResourcesFiltering - Using platform encoding (UTF-8 actually) to copy filtered resources, i.e. build is platform dependent!
2025-04-22 19:23:31,846 [Worker-42: Building] INFO  o.a.m.s.f.DefaultMavenResourcesFiltering - Copying 0 resource from src\test\resources to target\test-classes
2025-04-22 19:23:42,082 [Worker-42: Building] WARN  o.a.m.s.f.DefaultMavenResourcesFiltering - Using platform encoding (UTF-8 actually) to copy filtered resources, i.e. build is platform dependent!
2025-04-22 19:23:42,084 [Worker-42: Building] INFO  o.a.m.s.f.DefaultMavenResourcesFiltering - Copying 0 resource from src\main\resources to target\classes
2025-04-22 19:23:42,085 [Worker-42: Building] WARN  o.a.m.s.f.DefaultMavenResourcesFiltering - Using platform encoding (UTF-8 actually) to copy filtered resources, i.e. build is platform dependent!
2025-04-22 19:23:42,086 [Worker-42: Building] INFO  o.a.m.s.f.DefaultMavenResourcesFiltering - Copying 0 resource from src\test\resources to target\test-classes
2025-04-22 19:23:45,535 [Worker-42: Building] WARN  o.a.m.s.f.DefaultMavenResourcesFiltering - Using platform encoding (UTF-8 actually) to copy filtered resources, i.e. build is platform dependent!
2025-04-22 19:23:45,536 [Worker-42: Building] INFO  o.a.m.s.f.DefaultMavenResourcesFiltering - Copying 0 resource from src\main\resources to target\classes
2025-04-22 19:23:45,538 [Worker-42: Building] WARN  o.a.m.s.f.DefaultMavenResourcesFiltering - Using platform encoding (UTF-8 actually) to copy filtered resources, i.e. build is platform dependent!
2025-04-22 19:23:45,538 [Worker-42: Building] INFO  o.a.m.s.f.DefaultMavenResourcesFiltering - Copying 0 resource from src\test\resources to target\test-classes
2025-04-22 19:23:50,432 [Worker-40: Building] WARN  o.a.m.s.f.DefaultMavenResourcesFiltering - Using platform encoding (UTF-8 actually) to copy filtered resources, i.e. build is platform dependent!
2025-04-22 19:23:50,433 [Worker-40: Building] INFO  o.a.m.s.f.DefaultMavenResourcesFiltering - Copying 0 resource from src\main\resources to target\classes
2025-04-22 19:23:50,435 [Worker-40: Building] WARN  o.a.m.s.f.DefaultMavenResourcesFiltering - Using platform encoding (UTF-8 actually) to copy filtered resources, i.e. build is platform dependent!
2025-04-22 19:23:50,436 [Worker-40: Building] INFO  o.a.m.s.f.DefaultMavenResourcesFiltering - Copying 0 resource from src\test\resources to target\test-classes
2025-04-22 19:23:54,520 [Worker-40: Building] WARN  o.a.m.s.f.DefaultMavenResourcesFiltering - Using platform encoding (UTF-8 actually) to copy filtered resources, i.e. build is platform dependent!
2025-04-22 19:23:54,522 [Worker-40: Building] INFO  o.a.m.s.f.DefaultMavenResourcesFiltering - Copying 0 resource from src\main\resources to target\classes
2025-04-22 19:23:54,524 [Worker-40: Building] WARN  o.a.m.s.f.DefaultMavenResourcesFiltering - Using platform encoding (UTF-8 actually) to copy filtered resources, i.e. build is platform dependent!
2025-04-22 19:23:54,525 [Worker-40: Building] INFO  o.a.m.s.f.DefaultMavenResourcesFiltering - Copying 0 resource from src\test\resources to target\test-classes
2025-04-22 19:23:58,602 [Worker-42: Building] WARN  o.a.m.s.f.DefaultMavenResourcesFiltering - Using platform encoding (UTF-8 actually) to copy filtered resources, i.e. build is platform dependent!
2025-04-22 19:23:58,603 [Worker-42: Building] INFO  o.a.m.s.f.DefaultMavenResourcesFiltering - Copying 0 resource from src\main\resources to target\classes
2025-04-22 19:23:58,605 [Worker-42: Building] WARN  o.a.m.s.f.DefaultMavenResourcesFiltering - Using platform encoding (UTF-8 actually) to copy filtered resources, i.e. build is platform dependent!
2025-04-22 19:23:58,606 [Worker-42: Building] INFO  o.a.m.s.f.DefaultMavenResourcesFiltering - Copying 0 resource from src\test\resources to target\test-classes
2025-04-22 19:24:02,236 [Worker-43: Building] WARN  o.a.m.s.f.DefaultMavenResourcesFiltering - Using platform encoding (UTF-8 actually) to copy filtered resources, i.e. build is platform dependent!
2025-04-22 19:24:02,237 [Worker-43: Building] INFO  o.a.m.s.f.DefaultMavenResourcesFiltering - Copying 0 resource from src\main\resources to target\classes
2025-04-22 19:24:02,238 [Worker-43: Building] WARN  o.a.m.s.f.DefaultMavenResourcesFiltering - Using platform encoding (UTF-8 actually) to copy filtered resources, i.e. build is platform dependent!
2025-04-22 19:24:02,239 [Worker-43: Building] INFO  o.a.m.s.f.DefaultMavenResourcesFiltering - Copying 0 resource from src\test\resources to target\test-classes
2025-04-22 19:24:05,301 [Worker-39: Building] WARN  o.a.m.s.f.DefaultMavenResourcesFiltering - Using platform encoding (UTF-8 actually) to copy filtered resources, i.e. build is platform dependent!
2025-04-22 19:24:05,302 [Worker-39: Building] INFO  o.a.m.s.f.DefaultMavenResourcesFiltering - Copying 0 resource from src\main\resources to target\classes
2025-04-22 19:24:05,304 [Worker-39: Building] WARN  o.a.m.s.f.DefaultMavenResourcesFiltering - Using platform encoding (UTF-8 actually) to copy filtered resources, i.e. build is platform dependent!
2025-04-22 19:24:05,305 [Worker-39: Building] INFO  o.a.m.s.f.DefaultMavenResourcesFiltering - Copying 0 resource from src\test\resources to target\test-classes
2025-04-22 19:24:10,533 [Worker-39: Building] WARN  o.a.m.s.f.DefaultMavenResourcesFiltering - Using platform encoding (UTF-8 actually) to copy filtered resources, i.e. build is platform dependent!
2025-04-22 19:24:10,534 [Worker-39: Building] INFO  o.a.m.s.f.DefaultMavenResourcesFiltering - Copying 0 resource from src\main\resources to target\classes
2025-04-22 19:24:10,536 [Worker-39: Building] WARN  o.a.m.s.f.DefaultMavenResourcesFiltering - Using platform encoding (UTF-8 actually) to copy filtered resources, i.e. build is platform dependent!
2025-04-22 19:24:10,536 [Worker-39: Building] INFO  o.a.m.s.f.DefaultMavenResourcesFiltering - Copying 0 resource from src\test\resources to target\test-classes
2025-04-22 19:24:25,950 [Worker-41: Building] WARN  o.a.m.s.f.DefaultMavenResourcesFiltering - Using platform encoding (UTF-8 actually) to copy filtered resources, i.e. build is platform dependent!
2025-04-22 19:24:25,951 [Worker-41: Building] INFO  o.a.m.s.f.DefaultMavenResourcesFiltering - Copying 0 resource from src\main\resources to target\classes
2025-04-22 19:24:25,953 [Worker-41: Building] WARN  o.a.m.s.f.DefaultMavenResourcesFiltering - Using platform encoding (UTF-8 actually) to copy filtered resources, i.e. build is platform dependent!
2025-04-22 19:24:25,954 [Worker-41: Building] INFO  o.a.m.s.f.DefaultMavenResourcesFiltering - Copying 0 resource from src\test\resources to target\test-classes
2025-04-22 19:24:33,431 [Worker-41: Building] WARN  o.a.m.s.f.DefaultMavenResourcesFiltering - Using platform encoding (UTF-8 actually) to copy filtered resources, i.e. build is platform dependent!
2025-04-22 19:24:33,432 [Worker-41: Building] INFO  o.a.m.s.f.DefaultMavenResourcesFiltering - Copying 0 resource from src\main\resources to target\classes
2025-04-22 19:24:33,433 [Worker-41: Building] WARN  o.a.m.s.f.DefaultMavenResourcesFiltering - Using platform encoding (UTF-8 actually) to copy filtered resources, i.e. build is platform dependent!
2025-04-22 19:24:33,434 [Worker-41: Building] INFO  o.a.m.s.f.DefaultMavenResourcesFiltering - Copying 0 resource from src\test\resources to target\test-classes
2025-04-22 19:26:48,221 [Worker-41: Building] INFO  o.a.m.s.f.DefaultMavenResourcesFiltering - skip non existing resourceDirectory D:\JDBC\File_Encrypter\src\main\resources
2025-04-22 19:26:48,223 [Worker-41: Building] INFO  o.a.m.s.f.DefaultMavenResourcesFiltering - skip non existing resourceDirectory D:\JDBC\File_Encrypter\src\test\resources
2025-04-22 19:26:49,692 [Worker-39: Building] INFO  o.a.m.s.f.DefaultMavenResourcesFiltering - skip non existing resourceDirectory D:\JDBC\File_Encrypter\src\main\resources
2025-04-22 19:26:49,693 [Worker-39: Building] INFO  o.a.m.s.f.DefaultMavenResourcesFiltering - skip non existing resourceDirectory D:\JDBC\File_Encrypter\src\test\resources
2025-04-22 19:26:51,824 [Worker-39: Building] INFO  o.a.m.s.f.DefaultMavenResourcesFiltering - skip non existing resourceDirectory D:\JDBC\File_Encrypter\src\main\resources
2025-04-22 19:26:51,825 [Worker-39: Building] INFO  o.a.m.s.f.DefaultMavenResourcesFiltering - skip non existing resourceDirectory D:\JDBC\File_Encrypter\src\test\resources
2025-04-22 19:28:03,318 [Worker-44: Building] INFO  o.a.m.s.f.DefaultMavenResourcesFiltering - skip non existing resourceDirectory D:\JDBC\File_Encrypter\src\main\resources
2025-04-22 19:28:03,320 [Worker-44: Building] INFO  o.a.m.s.f.DefaultMavenResourcesFiltering - skip non existing resourceDirectory D:\JDBC\File_Encrypter\src\test\resources
2025-04-22 19:28:11,592 [Worker-40: Building] INFO  o.a.m.s.f.DefaultMavenResourcesFiltering - skip non existing resourceDirectory D:\JDBC\File_Encrypter\src\main\resources
2025-04-22 19:28:11,594 [Worker-40: Building] INFO  o.a.m.s.f.DefaultMavenResourcesFiltering - skip non existing resourceDirectory D:\JDBC\File_Encrypter\src\test\resources
2025-04-22 19:28:18,251 [Worker-44: Building] INFO  o.a.m.s.f.DefaultMavenResourcesFiltering - skip non existing resourceDirectory D:\JDBC\File_Encrypter\src\main\resources
2025-04-22 19:28:18,252 [Worker-44: Building] INFO  o.a.m.s.f.DefaultMavenResourcesFiltering - skip non existing resourceDirectory D:\JDBC\File_Encrypter\src\test\resources
2025-04-22 19:29:16,924 [Worker-46: Building] INFO  o.a.m.s.f.DefaultMavenResourcesFiltering - skip non existing resourceDirectory D:\JDBC\File_Encrypter\src\main\resources
2025-04-22 19:29:16,926 [Worker-46: Building] INFO  o.a.m.s.f.DefaultMavenResourcesFiltering - skip non existing resourceDirectory D:\JDBC\File_Encrypter\src\test\resources
2025-04-22 19:29:24,785 [Worker-45: Building] INFO  o.a.m.s.f.DefaultMavenResourcesFiltering - skip non existing resourceDirectory D:\JDBC\File_Encrypter\src\main\resources
2025-04-22 19:29:24,787 [Worker-45: Building] INFO  o.a.m.s.f.DefaultMavenResourcesFiltering - skip non existing resourceDirectory D:\JDBC\File_Encrypter\src\test\resources
2025-04-22 19:29:29,209 [Worker-45: Building] INFO  o.a.m.s.f.DefaultMavenResourcesFiltering - skip non existing resourceDirectory D:\JDBC\File_Encrypter\src\main\resources
2025-04-22 19:29:29,210 [Worker-45: Building] INFO  o.a.m.s.f.DefaultMavenResourcesFiltering - skip non existing resourceDirectory D:\JDBC\File_Encrypter\src\test\resources
2025-04-22 19:29:43,953 [Worker-45: Building] INFO  o.a.m.s.f.DefaultMavenResourcesFiltering - skip non existing resourceDirectory D:\JDBC\File_Encrypter\src\main\resources
2025-04-22 19:29:43,954 [Worker-45: Building] INFO  o.a.m.s.f.DefaultMavenResourcesFiltering - skip non existing resourceDirectory D:\JDBC\File_Encrypter\src\test\resources
2025-04-22 19:29:45,543 [Worker-40: Building] INFO  o.a.m.s.f.DefaultMavenResourcesFiltering - skip non existing resourceDirectory D:\JDBC\File_Encrypter\src\main\resources
2025-04-22 19:29:45,544 [Worker-40: Building] INFO  o.a.m.s.f.DefaultMavenResourcesFiltering - skip non existing resourceDirectory D:\JDBC\File_Encrypter\src\test\resources
2025-04-22 19:30:04,781 [Worker-47: Building] INFO  o.a.m.s.f.DefaultMavenResourcesFiltering - skip non existing resourceDirectory D:\JDBC\File_Encrypter\src\main\resources
2025-04-22 19:30:04,782 [Worker-47: Building] INFO  o.a.m.s.f.DefaultMavenResourcesFiltering - skip non existing resourceDirectory D:\JDBC\File_Encrypter\src\test\resources
2025-04-22 19:30:13,920 [Worker-40: Building] INFO  o.a.m.s.f.DefaultMavenResourcesFiltering - skip non existing resourceDirectory D:\JDBC\File_Encrypter\src\main\resources
2025-04-22 19:30:13,922 [Worker-40: Building] INFO  o.a.m.s.f.DefaultMavenResourcesFiltering - skip non existing resourceDirectory D:\JDBC\File_Encrypter\src\test\resources
2025-04-22 19:30:25,205 [Worker-47: Building] INFO  o.a.m.s.f.DefaultMavenResourcesFiltering - skip non existing resourceDirectory D:\JDBC\File_Encrypter\src\main\resources
2025-04-22 19:30:25,207 [Worker-47: Building] INFO  o.a.m.s.f.DefaultMavenResourcesFiltering - skip non existing resourceDirectory D:\JDBC\File_Encrypter\src\test\resources
2025-04-22 19:30:29,943 [Worker-45: Building] INFO  o.a.m.s.f.DefaultMavenResourcesFiltering - skip non existing resourceDirectory D:\JDBC\File_Encrypter\src\main\resources
2025-04-22 19:30:29,945 [Worker-45: Building] INFO  o.a.m.s.f.DefaultMavenResourcesFiltering - skip non existing resourceDirectory D:\JDBC\File_Encrypter\src\test\resources
2025-04-22 19:30:40,694 [Worker-47: Building] INFO  o.a.m.s.f.DefaultMavenResourcesFiltering - skip non existing resourceDirectory D:\JDBC\File_Encrypter\src\main\resources
2025-04-22 19:30:40,700 [Worker-47: Building] INFO  o.a.m.s.f.DefaultMavenResourcesFiltering - skip non existing resourceDirectory D:\JDBC\File_Encrypter\src\test\resources
2025-04-22 19:30:45,111 [Worker-44: Building] INFO  o.a.m.s.f.DefaultMavenResourcesFiltering - skip non existing resourceDirectory D:\JDBC\File_Encrypter\src\main\resources
2025-04-22 19:30:45,113 [Worker-44: Building] INFO  o.a.m.s.f.DefaultMavenResourcesFiltering - skip non existing resourceDirectory D:\JDBC\File_Encrypter\src\test\resources
2025-04-22 19:30:48,322 [Worker-44: Building] INFO  o.a.m.s.f.DefaultMavenResourcesFiltering - skip non existing resourceDirectory D:\JDBC\File_Encrypter\src\main\resources
2025-04-22 19:30:48,323 [Worker-44: Building] INFO  o.a.m.s.f.DefaultMavenResourcesFiltering - skip non existing resourceDirectory D:\JDBC\File_Encrypter\src\test\resources
2025-04-22 19:30:55,330 [Worker-47: Building] INFO  o.a.m.s.f.DefaultMavenResourcesFiltering - skip non existing resourceDirectory D:\JDBC\File_Encrypter\src\main\resources
2025-04-22 19:30:55,332 [Worker-47: Building] INFO  o.a.m.s.f.DefaultMavenResourcesFiltering - skip non existing resourceDirectory D:\JDBC\File_Encrypter\src\test\resources
2025-04-22 19:30:58,578 [Worker-47: Building] INFO  o.a.m.s.f.DefaultMavenResourcesFiltering - skip non existing resourceDirectory D:\JDBC\File_Encrypter\src\main\resources
2025-04-22 19:30:58,580 [Worker-47: Building] INFO  o.a.m.s.f.DefaultMavenResourcesFiltering - skip non existing resourceDirectory D:\JDBC\File_Encrypter\src\test\resources
2025-04-22 19:31:02,155 [Worker-46: Building] INFO  o.a.m.s.f.DefaultMavenResourcesFiltering - skip non existing resourceDirectory D:\JDBC\File_Encrypter\src\main\resources
2025-04-22 19:31:02,156 [Worker-46: Building] INFO  o.a.m.s.f.DefaultMavenResourcesFiltering - skip non existing resourceDirectory D:\JDBC\File_Encrypter\src\test\resources
2025-04-22 19:31:06,001 [Worker-47: Building] INFO  o.a.m.s.f.DefaultMavenResourcesFiltering - skip non existing resourceDirectory D:\JDBC\File_Encrypter\src\main\resources
2025-04-22 19:31:06,002 [Worker-47: Building] INFO  o.a.m.s.f.DefaultMavenResourcesFiltering - skip non existing resourceDirectory D:\JDBC\File_Encrypter\src\test\resources
2025-04-22 19:31:08,930 [Worker-46: Building] INFO  o.a.m.s.f.DefaultMavenResourcesFiltering - skip non existing resourceDirectory D:\JDBC\File_Encrypter\src\main\resources
2025-04-22 19:31:08,932 [Worker-46: Building] INFO  o.a.m.s.f.DefaultMavenResourcesFiltering - skip non existing resourceDirectory D:\JDBC\File_Encrypter\src\test\resources
2025-04-22 19:31:10,825 [Worker-44: Building] INFO  o.a.m.s.f.DefaultMavenResourcesFiltering - skip non existing resourceDirectory D:\JDBC\File_Encrypter\src\main\resources
2025-04-22 19:31:10,826 [Worker-44: Building] INFO  o.a.m.s.f.DefaultMavenResourcesFiltering - skip non existing resourceDirectory D:\JDBC\File_Encrypter\src\test\resources
2025-04-22 19:31:24,167 [Worker-40: Building] INFO  o.a.m.s.f.DefaultMavenResourcesFiltering - skip non existing resourceDirectory D:\JDBC\File_Encrypter\src\main\resources
2025-04-22 19:31:24,168 [Worker-40: Building] INFO  o.a.m.s.f.DefaultMavenResourcesFiltering - skip non existing resourceDirectory D:\JDBC\File_Encrypter\src\test\resources
2025-04-22 19:31:48,683 [Worker-47: Building] INFO  o.a.m.s.f.DefaultMavenResourcesFiltering - skip non existing resourceDirectory D:\JDBC\File_Encrypter\src\main\resources
2025-04-22 19:31:48,684 [Worker-47: Building] INFO  o.a.m.s.f.DefaultMavenResourcesFiltering - skip non existing resourceDirectory D:\JDBC\File_Encrypter\src\test\resources
2025-04-22 19:31:50,476 [Worker-45: Building] INFO  o.a.m.s.f.DefaultMavenResourcesFiltering - skip non existing resourceDirectory D:\JDBC\File_Encrypter\src\main\resources
2025-04-22 19:31:50,478 [Worker-45: Building] INFO  o.a.m.s.f.DefaultMavenResourcesFiltering - skip non existing resourceDirectory D:\JDBC\File_Encrypter\src\test\resources
2025-04-22 19:32:36,804 [Worker-45: Building] INFO  o.a.m.s.f.DefaultMavenResourcesFiltering - skip non existing resourceDirectory D:\JDBC\File_Encrypter\src\main\resources
2025-04-22 19:32:36,805 [Worker-45: Building] INFO  o.a.m.s.f.DefaultMavenResourcesFiltering - skip non existing resourceDirectory D:\JDBC\File_Encrypter\src\test\resources
2025-04-22 19:33:14,527 [Worker-40: Building] INFO  o.a.m.s.f.DefaultMavenResourcesFiltering - skip non existing resourceDirectory D:\JDBC\File_Encrypter\src\main\resources
2025-04-22 19:33:14,529 [Worker-40: Building] INFO  o.a.m.s.f.DefaultMavenResourcesFiltering - skip non existing resourceDirectory D:\JDBC\File_Encrypter\src\test\resources
2025-04-22 19:33:19,731 [Worker-45: Building] INFO  o.a.m.s.f.DefaultMavenResourcesFiltering - skip non existing resourceDirectory D:\JDBC\File_Encrypter\src\main\resources
2025-04-22 19:33:19,732 [Worker-45: Building] INFO  o.a.m.s.f.DefaultMavenResourcesFiltering - skip non existing resourceDirectory D:\JDBC\File_Encrypter\src\test\resources
2025-04-22 19:33:22,175 [Worker-44: Building] INFO  o.a.m.s.f.DefaultMavenResourcesFiltering - skip non existing resourceDirectory D:\JDBC\File_Encrypter\src\main\resources
2025-04-22 19:33:22,176 [Worker-44: Building] INFO  o.a.m.s.f.DefaultMavenResourcesFiltering - skip non existing resourceDirectory D:\JDBC\File_Encrypter\src\test\resources
2025-04-22 19:33:26,141 [Worker-40: Building] INFO  o.a.m.s.f.DefaultMavenResourcesFiltering - skip non existing resourceDirectory D:\JDBC\File_Encrypter\src\main\resources
2025-04-22 19:33:26,142 [Worker-40: Building] INFO  o.a.m.s.f.DefaultMavenResourcesFiltering - skip non existing resourceDirectory D:\JDBC\File_Encrypter\src\test\resources
2025-04-22 19:33:31,356 [Worker-45: Building] INFO  o.a.m.s.f.DefaultMavenResourcesFiltering - skip non existing resourceDirectory D:\JDBC\File_Encrypter\src\main\resources
2025-04-22 19:33:31,357 [Worker-45: Building] INFO  o.a.m.s.f.DefaultMavenResourcesFiltering - skip non existing resourceDirectory D:\JDBC\File_Encrypter\src\test\resources
2025-04-22 19:33:41,226 [Worker-46: Building] INFO  o.a.m.s.f.DefaultMavenResourcesFiltering - skip non existing resourceDirectory D:\JDBC\File_Encrypter\src\main\resources
2025-04-22 19:33:41,227 [Worker-46: Building] INFO  o.a.m.s.f.DefaultMavenResourcesFiltering - skip non existing resourceDirectory D:\JDBC\File_Encrypter\src\test\resources
2025-04-22 19:33:49,561 [Worker-40: Building] INFO  o.a.m.s.f.DefaultMavenResourcesFiltering - skip non existing resourceDirectory D:\JDBC\File_Encrypter\src\main\resources
2025-04-22 19:33:49,562 [Worker-40: Building] INFO  o.a.m.s.f.DefaultMavenResourcesFiltering - skip non existing resourceDirectory D:\JDBC\File_Encrypter\src\test\resources
2025-04-22 19:33:54,801 [Worker-40: Building] INFO  o.a.m.s.f.DefaultMavenResourcesFiltering - skip non existing resourceDirectory D:\JDBC\File_Encrypter\src\main\resources
2025-04-22 19:33:54,803 [Worker-40: Building] INFO  o.a.m.s.f.DefaultMavenResourcesFiltering - skip non existing resourceDirectory D:\JDBC\File_Encrypter\src\test\resources
2025-04-22 19:33:58,921 [Worker-45: Building] INFO  o.a.m.s.f.DefaultMavenResourcesFiltering - skip non existing resourceDirectory D:\JDBC\File_Encrypter\src\main\resources
2025-04-22 19:33:58,922 [Worker-45: Building] INFO  o.a.m.s.f.DefaultMavenResourcesFiltering - skip non existing resourceDirectory D:\JDBC\File_Encrypter\src\test\resources
2025-04-22 19:34:15,690 [Worker-45: Building] INFO  o.a.m.s.f.DefaultMavenResourcesFiltering - skip non existing resourceDirectory D:\JDBC\File_Encrypter\src\main\resources
2025-04-22 19:34:15,692 [Worker-45: Building] INFO  o.a.m.s.f.DefaultMavenResourcesFiltering - skip non existing resourceDirectory D:\JDBC\File_Encrypter\src\test\resources
2025-04-22 19:34:36,270 [Worker-47: Building] INFO  o.a.m.s.f.DefaultMavenResourcesFiltering - skip non existing resourceDirectory D:\JDBC\File_Encrypter\src\main\resources
2025-04-22 19:34:36,273 [Worker-47: Building] INFO  o.a.m.s.f.DefaultMavenResourcesFiltering - skip non existing resourceDirectory D:\JDBC\File_Encrypter\src\test\resources
2025-04-22 19:34:39,900 [Worker-44: Building] INFO  o.a.m.s.f.DefaultMavenResourcesFiltering - skip non existing resourceDirectory D:\JDBC\File_Encrypter\src\main\resources
2025-04-22 19:34:39,901 [Worker-44: Building] INFO  o.a.m.s.f.DefaultMavenResourcesFiltering - skip non existing resourceDirectory D:\JDBC\File_Encrypter\src\test\resources
2025-04-22 19:34:56,699 [Worker-47: Building] INFO  o.a.m.s.f.DefaultMavenResourcesFiltering - skip non existing resourceDirectory D:\JDBC\File_Encrypter\src\main\resources
2025-04-22 19:34:56,700 [Worker-47: Building] INFO  o.a.m.s.f.DefaultMavenResourcesFiltering - skip non existing resourceDirectory D:\JDBC\File_Encrypter\src\test\resources
2025-04-22 19:35:02,542 [Worker-45: Building] INFO  o.a.m.s.f.DefaultMavenResourcesFiltering - skip non existing resourceDirectory D:\JDBC\File_Encrypter\src\main\resources
2025-04-22 19:35:02,543 [Worker-45: Building] INFO  o.a.m.s.f.DefaultMavenResourcesFiltering - skip non existing resourceDirectory D:\JDBC\File_Encrypter\src\test\resources
2025-04-22 19:35:04,583 [Worker-40: Building] INFO  o.a.m.s.f.DefaultMavenResourcesFiltering - skip non existing resourceDirectory D:\JDBC\File_Encrypter\src\main\resources
2025-04-22 19:35:04,584 [Worker-40: Building] INFO  o.a.m.s.f.DefaultMavenResourcesFiltering - skip non existing resourceDirectory D:\JDBC\File_Encrypter\src\test\resources
2025-04-22 19:35:11,077 [Worker-45: Building] INFO  o.a.m.s.f.DefaultMavenResourcesFiltering - skip non existing resourceDirectory D:\JDBC\File_Encrypter\src\main\resources
2025-04-22 19:35:11,078 [Worker-45: Building] INFO  o.a.m.s.f.DefaultMavenResourcesFiltering - skip non existing resourceDirectory D:\JDBC\File_Encrypter\src\test\resources
2025-04-22 19:35:22,439 [Worker-44: Building] INFO  o.a.m.s.f.DefaultMavenResourcesFiltering - skip non existing resourceDirectory D:\JDBC\File_Encrypter\src\main\resources
2025-04-22 19:35:22,441 [Worker-44: Building] INFO  o.a.m.s.f.DefaultMavenResourcesFiltering - skip non existing resourceDirectory D:\JDBC\File_Encrypter\src\test\resources
2025-04-22 19:35:26,626 [Worker-45: Building] INFO  o.a.m.s.f.DefaultMavenResourcesFiltering - skip non existing resourceDirectory D:\JDBC\File_Encrypter\src\main\resources
2025-04-22 19:35:26,627 [Worker-45: Building] INFO  o.a.m.s.f.DefaultMavenResourcesFiltering - skip non existing resourceDirectory D:\JDBC\File_Encrypter\src\test\resources
2025-04-22 19:35:40,714 [Worker-46: Building] INFO  o.a.m.s.f.DefaultMavenResourcesFiltering - skip non existing resourceDirectory D:\JDBC\File_Encrypter\src\main\resources
2025-04-22 19:35:40,715 [Worker-46: Building] INFO  o.a.m.s.f.DefaultMavenResourcesFiltering - skip non existing resourceDirectory D:\JDBC\File_Encrypter\src\test\resources
2025-04-22 19:36:31,998 [Worker-47: Building] INFO  o.a.m.s.f.DefaultMavenResourcesFiltering - skip non existing resourceDirectory D:\JDBC\File_Encrypter\src\main\resources
2025-04-22 19:36:31,999 [Worker-47: Building] INFO  o.a.m.s.f.DefaultMavenResourcesFiltering - skip non existing resourceDirectory D:\JDBC\File_Encrypter\src\test\resources
2025-04-28 00:35:35,345 [Worker-3: Loading available Gradle versions] INFO  o.e.b.c.i.u.g.PublishedGradleVersions - Gradle version information cache is out-of-date. Trying to update.
2025-04-28 00:37:40,915 [Worker-30: Launching mavenrun-c5b037f8-c394-40f9-8d18-61404b8b57f1] INFO  o.eclipse.m2e.core.internal.Bundles - getClasspathEntries(Bundle=org.eclipse.m2e.maven.runtime_3.9.700.20240602-2313 [644])
2025-04-28 00:37:40,925 [Worker-30: Launching mavenrun-c5b037f8-c394-40f9-8d18-61404b8b57f1] INFO  o.eclipse.m2e.core.internal.Bundles - 	Entry: C:\Users\Sarada prasanna\.p2\pool\plugins\org.eclipse.m2e.maven.runtime_3.9.700.20240602-2313
2025-04-28 00:37:40,926 [Worker-30: Launching mavenrun-c5b037f8-c394-40f9-8d18-61404b8b57f1] INFO  o.eclipse.m2e.core.internal.Bundles - 	Entry: C:\Users\Sarada prasanna\.p2\pool\plugins\org.eclipse.m2e.maven.runtime_3.9.700.20240602-2313\jars\aopalliance-1.0.jar
2025-04-28 00:37:40,926 [Worker-30: Launching mavenrun-c5b037f8-c394-40f9-8d18-61404b8b57f1] INFO  o.eclipse.m2e.core.internal.Bundles - 	Entry: C:\Users\Sarada prasanna\.p2\pool\plugins\org.eclipse.m2e.maven.runtime_3.9.700.20240602-2313\jars\guice-5.1.0.jar
2025-04-28 00:37:40,927 [Worker-30: Launching mavenrun-c5b037f8-c394-40f9-8d18-61404b8b57f1] INFO  o.eclipse.m2e.core.internal.Bundles - 	Entry: C:\Users\Sarada prasanna\.p2\pool\plugins\org.eclipse.m2e.maven.runtime_3.9.700.20240602-2313\jars\httpclient-4.5.14.jar
2025-04-28 00:37:40,927 [Worker-30: Launching mavenrun-c5b037f8-c394-40f9-8d18-61404b8b57f1] INFO  o.eclipse.m2e.core.internal.Bundles - 	Entry: C:\Users\Sarada prasanna\.p2\pool\plugins\org.eclipse.m2e.maven.runtime_3.9.700.20240602-2313\jars\httpcore-4.4.16.jar
2025-04-28 00:37:40,927 [Worker-30: Launching mavenrun-c5b037f8-c394-40f9-8d18-61404b8b57f1] INFO  o.eclipse.m2e.core.internal.Bundles - 	Entry: C:\Users\Sarada prasanna\.p2\pool\plugins\org.eclipse.m2e.maven.runtime_3.9.700.20240602-2313\jars\jansi-2.4.1.jar
2025-04-28 00:37:40,928 [Worker-30: Launching mavenrun-c5b037f8-c394-40f9-8d18-61404b8b57f1] INFO  o.eclipse.m2e.core.internal.Bundles - 	Entry: C:\Users\Sarada prasanna\.p2\pool\plugins\org.eclipse.m2e.maven.runtime_3.9.700.20240602-2313\jars\jcl-over-slf4j-1.7.36.jar
2025-04-28 00:37:40,928 [Worker-30: Launching mavenrun-c5b037f8-c394-40f9-8d18-61404b8b57f1] INFO  o.eclipse.m2e.core.internal.Bundles - 	Entry: C:\Users\Sarada prasanna\.p2\pool\plugins\org.eclipse.m2e.maven.runtime_3.9.700.20240602-2313\jars\maven-artifact-3.9.7.jar
2025-04-28 00:37:40,928 [Worker-30: Launching mavenrun-c5b037f8-c394-40f9-8d18-61404b8b57f1] INFO  o.eclipse.m2e.core.internal.Bundles - 	Entry: C:\Users\Sarada prasanna\.p2\pool\plugins\org.eclipse.m2e.maven.runtime_3.9.700.20240602-2313\jars\maven-builder-support-3.9.7.jar
2025-04-28 00:37:40,928 [Worker-30: Launching mavenrun-c5b037f8-c394-40f9-8d18-61404b8b57f1] INFO  o.eclipse.m2e.core.internal.Bundles - 	Entry: C:\Users\Sarada prasanna\.p2\pool\plugins\org.eclipse.m2e.maven.runtime_3.9.700.20240602-2313\jars\maven-compat-3.9.7.jar
2025-04-28 00:37:40,929 [Worker-30: Launching mavenrun-c5b037f8-c394-40f9-8d18-61404b8b57f1] INFO  o.eclipse.m2e.core.internal.Bundles - 	Entry: C:\Users\Sarada prasanna\.p2\pool\plugins\org.eclipse.m2e.maven.runtime_3.9.700.20240602-2313\jars\maven-core-3.9.7.jar
2025-04-28 00:37:40,929 [Worker-30: Launching mavenrun-c5b037f8-c394-40f9-8d18-61404b8b57f1] INFO  o.eclipse.m2e.core.internal.Bundles - 	Entry: C:\Users\Sarada prasanna\.p2\pool\plugins\org.eclipse.m2e.maven.runtime_3.9.700.20240602-2313\jars\maven-embedder-3.9.7.jar
2025-04-28 00:37:40,929 [Worker-30: Launching mavenrun-c5b037f8-c394-40f9-8d18-61404b8b57f1] INFO  o.eclipse.m2e.core.internal.Bundles - 	Entry: C:\Users\Sarada prasanna\.p2\pool\plugins\org.eclipse.m2e.maven.runtime_3.9.700.20240602-2313\jars\maven-model-3.9.7.jar
2025-04-28 00:37:40,929 [Worker-30: Launching mavenrun-c5b037f8-c394-40f9-8d18-61404b8b57f1] INFO  o.eclipse.m2e.core.internal.Bundles - 	Entry: C:\Users\Sarada prasanna\.p2\pool\plugins\org.eclipse.m2e.maven.runtime_3.9.700.20240602-2313\jars\maven-model-builder-3.9.7.jar
2025-04-28 00:37:40,929 [Worker-30: Launching mavenrun-c5b037f8-c394-40f9-8d18-61404b8b57f1] INFO  o.eclipse.m2e.core.internal.Bundles - 	Entry: C:\Users\Sarada prasanna\.p2\pool\plugins\org.eclipse.m2e.maven.runtime_3.9.700.20240602-2313\jars\maven-plugin-api-3.9.7.jar
2025-04-28 00:37:40,930 [Worker-30: Launching mavenrun-c5b037f8-c394-40f9-8d18-61404b8b57f1] INFO  o.eclipse.m2e.core.internal.Bundles - 	Entry: C:\Users\Sarada prasanna\.p2\pool\plugins\org.eclipse.m2e.maven.runtime_3.9.700.20240602-2313\jars\maven-repository-metadata-3.9.7.jar
2025-04-28 00:37:40,930 [Worker-30: Launching mavenrun-c5b037f8-c394-40f9-8d18-61404b8b57f1] INFO  o.eclipse.m2e.core.internal.Bundles - 	Entry: C:\Users\Sarada prasanna\.p2\pool\plugins\org.eclipse.m2e.maven.runtime_3.9.700.20240602-2313\jars\maven-resolver-api-1.9.20.jar
2025-04-28 00:37:40,930 [Worker-30: Launching mavenrun-c5b037f8-c394-40f9-8d18-61404b8b57f1] INFO  o.eclipse.m2e.core.internal.Bundles - 	Entry: C:\Users\Sarada prasanna\.p2\pool\plugins\org.eclipse.m2e.maven.runtime_3.9.700.20240602-2313\jars\maven-resolver-connector-basic-1.9.20.jar
2025-04-28 00:37:40,931 [Worker-30: Launching mavenrun-c5b037f8-c394-40f9-8d18-61404b8b57f1] INFO  o.eclipse.m2e.core.internal.Bundles - 	Entry: C:\Users\Sarada prasanna\.p2\pool\plugins\org.eclipse.m2e.maven.runtime_3.9.700.20240602-2313\jars\maven-resolver-impl-1.9.20.jar
2025-04-28 00:37:40,931 [Worker-30: Launching mavenrun-c5b037f8-c394-40f9-8d18-61404b8b57f1] INFO  o.eclipse.m2e.core.internal.Bundles - 	Entry: C:\Users\Sarada prasanna\.p2\pool\plugins\org.eclipse.m2e.maven.runtime_3.9.700.20240602-2313\jars\maven-resolver-named-locks-1.9.20.jar
2025-04-28 00:37:40,931 [Worker-30: Launching mavenrun-c5b037f8-c394-40f9-8d18-61404b8b57f1] INFO  o.eclipse.m2e.core.internal.Bundles - 	Entry: C:\Users\Sarada prasanna\.p2\pool\plugins\org.eclipse.m2e.maven.runtime_3.9.700.20240602-2313\jars\maven-resolver-provider-3.9.7.jar
2025-04-28 00:37:40,931 [Worker-30: Launching mavenrun-c5b037f8-c394-40f9-8d18-61404b8b57f1] INFO  o.eclipse.m2e.core.internal.Bundles - 	Entry: C:\Users\Sarada prasanna\.p2\pool\plugins\org.eclipse.m2e.maven.runtime_3.9.700.20240602-2313\jars\maven-resolver-spi-1.9.20.jar
2025-04-28 00:37:40,931 [Worker-30: Launching mavenrun-c5b037f8-c394-40f9-8d18-61404b8b57f1] INFO  o.eclipse.m2e.core.internal.Bundles - 	Entry: C:\Users\Sarada prasanna\.p2\pool\plugins\org.eclipse.m2e.maven.runtime_3.9.700.20240602-2313\jars\maven-resolver-transport-file-1.9.20.jar
2025-04-28 00:37:40,932 [Worker-30: Launching mavenrun-c5b037f8-c394-40f9-8d18-61404b8b57f1] INFO  o.eclipse.m2e.core.internal.Bundles - 	Entry: C:\Users\Sarada prasanna\.p2\pool\plugins\org.eclipse.m2e.maven.runtime_3.9.700.20240602-2313\jars\maven-resolver-transport-http-1.9.20.jar
2025-04-28 00:37:40,932 [Worker-30: Launching mavenrun-c5b037f8-c394-40f9-8d18-61404b8b57f1] INFO  o.eclipse.m2e.core.internal.Bundles - 	Entry: C:\Users\Sarada prasanna\.p2\pool\plugins\org.eclipse.m2e.maven.runtime_3.9.700.20240602-2313\jars\maven-resolver-transport-wagon-1.9.20.jar
2025-04-28 00:37:40,932 [Worker-30: Launching mavenrun-c5b037f8-c394-40f9-8d18-61404b8b57f1] INFO  o.eclipse.m2e.core.internal.Bundles - 	Entry: C:\Users\Sarada prasanna\.p2\pool\plugins\org.eclipse.m2e.maven.runtime_3.9.700.20240602-2313\jars\maven-resolver-util-1.9.20.jar
2025-04-28 00:37:40,933 [Worker-30: Launching mavenrun-c5b037f8-c394-40f9-8d18-61404b8b57f1] INFO  o.eclipse.m2e.core.internal.Bundles - 	Entry: C:\Users\Sarada prasanna\.p2\pool\plugins\org.eclipse.m2e.maven.runtime_3.9.700.20240602-2313\jars\maven-settings-3.9.7.jar
2025-04-28 00:37:40,933 [Worker-30: Launching mavenrun-c5b037f8-c394-40f9-8d18-61404b8b57f1] INFO  o.eclipse.m2e.core.internal.Bundles - 	Entry: C:\Users\Sarada prasanna\.p2\pool\plugins\org.eclipse.m2e.maven.runtime_3.9.700.20240602-2313\jars\maven-settings-builder-3.9.7.jar
2025-04-28 00:37:40,933 [Worker-30: Launching mavenrun-c5b037f8-c394-40f9-8d18-61404b8b57f1] INFO  o.eclipse.m2e.core.internal.Bundles - 	Entry: C:\Users\Sarada prasanna\.p2\pool\plugins\org.eclipse.m2e.maven.runtime_3.9.700.20240602-2313\jars\maven-shared-utils-3.4.2.jar
2025-04-28 00:37:40,933 [Worker-30: Launching mavenrun-c5b037f8-c394-40f9-8d18-61404b8b57f1] INFO  o.eclipse.m2e.core.internal.Bundles - 	Entry: C:\Users\Sarada prasanna\.p2\pool\plugins\org.eclipse.m2e.maven.runtime_3.9.700.20240602-2313\jars\org.eclipse.sisu.inject-0.9.0.M2.jar
2025-04-28 00:37:40,934 [Worker-30: Launching mavenrun-c5b037f8-c394-40f9-8d18-61404b8b57f1] INFO  o.eclipse.m2e.core.internal.Bundles - 	Entry: C:\Users\Sarada prasanna\.p2\pool\plugins\org.eclipse.m2e.maven.runtime_3.9.700.20240602-2313\jars\org.eclipse.sisu.plexus-0.9.0.M2.jar
2025-04-28 00:37:40,934 [Worker-30: Launching mavenrun-c5b037f8-c394-40f9-8d18-61404b8b57f1] INFO  o.eclipse.m2e.core.internal.Bundles - 	Entry: C:\Users\Sarada prasanna\.p2\pool\plugins\org.eclipse.m2e.maven.runtime_3.9.700.20240602-2313\jars\plexus-build-api-0.0.7.jar
2025-04-28 00:37:40,934 [Worker-30: Launching mavenrun-c5b037f8-c394-40f9-8d18-61404b8b57f1] INFO  o.eclipse.m2e.core.internal.Bundles - 	Entry: C:\Users\Sarada prasanna\.p2\pool\plugins\org.eclipse.m2e.maven.runtime_3.9.700.20240602-2313\jars\plexus-build-api-1.2.0.jar
2025-04-28 00:37:40,934 [Worker-30: Launching mavenrun-c5b037f8-c394-40f9-8d18-61404b8b57f1] INFO  o.eclipse.m2e.core.internal.Bundles - 	Entry: C:\Users\Sarada prasanna\.p2\pool\plugins\org.eclipse.m2e.maven.runtime_3.9.700.20240602-2313\jars\plexus-cipher-2.0.jar
2025-04-28 00:37:40,935 [Worker-30: Launching mavenrun-c5b037f8-c394-40f9-8d18-61404b8b57f1] INFO  o.eclipse.m2e.core.internal.Bundles - 	Entry: C:\Users\Sarada prasanna\.p2\pool\plugins\org.eclipse.m2e.maven.runtime_3.9.700.20240602-2313\jars\plexus-classworlds-2.8.0.jar
2025-04-28 00:37:40,935 [Worker-30: Launching mavenrun-c5b037f8-c394-40f9-8d18-61404b8b57f1] INFO  o.eclipse.m2e.core.internal.Bundles - 	Entry: C:\Users\Sarada prasanna\.p2\pool\plugins\org.eclipse.m2e.maven.runtime_3.9.700.20240602-2313\jars\plexus-component-annotations-2.1.0.jar
2025-04-28 00:37:40,935 [Worker-30: Launching mavenrun-c5b037f8-c394-40f9-8d18-61404b8b57f1] INFO  o.eclipse.m2e.core.internal.Bundles - 	Entry: C:\Users\Sarada prasanna\.p2\pool\plugins\org.eclipse.m2e.maven.runtime_3.9.700.20240602-2313\jars\plexus-interpolation-1.27.jar
2025-04-28 00:37:40,935 [Worker-30: Launching mavenrun-c5b037f8-c394-40f9-8d18-61404b8b57f1] INFO  o.eclipse.m2e.core.internal.Bundles - 	Entry: C:\Users\Sarada prasanna\.p2\pool\plugins\org.eclipse.m2e.maven.runtime_3.9.700.20240602-2313\jars\plexus-sec-dispatcher-2.0.jar
2025-04-28 00:37:40,935 [Worker-30: Launching mavenrun-c5b037f8-c394-40f9-8d18-61404b8b57f1] INFO  o.eclipse.m2e.core.internal.Bundles - 	Entry: C:\Users\Sarada prasanna\.p2\pool\plugins\org.eclipse.m2e.maven.runtime_3.9.700.20240602-2313\jars\plexus-utils-3.5.1.jar
2025-04-28 00:37:40,936 [Worker-30: Launching mavenrun-c5b037f8-c394-40f9-8d18-61404b8b57f1] INFO  o.eclipse.m2e.core.internal.Bundles - 	Entry: C:\Users\Sarada prasanna\.p2\pool\plugins\org.eclipse.m2e.maven.runtime_3.9.700.20240602-2313\jars\wagon-file-3.5.3.jar
2025-04-28 00:37:40,936 [Worker-30: Launching mavenrun-c5b037f8-c394-40f9-8d18-61404b8b57f1] INFO  o.eclipse.m2e.core.internal.Bundles - 	Entry: C:\Users\Sarada prasanna\.p2\pool\plugins\org.eclipse.m2e.maven.runtime_3.9.700.20240602-2313\jars\wagon-http-3.5.3.jar
2025-04-28 00:37:40,937 [Worker-30: Launching mavenrun-c5b037f8-c394-40f9-8d18-61404b8b57f1] INFO  o.eclipse.m2e.core.internal.Bundles - 	Entry: C:\Users\Sarada prasanna\.p2\pool\plugins\org.eclipse.m2e.maven.runtime_3.9.700.20240602-2313\jars\wagon-http-shared-3.5.3.jar
2025-04-28 00:37:40,937 [Worker-30: Launching mavenrun-c5b037f8-c394-40f9-8d18-61404b8b57f1] INFO  o.eclipse.m2e.core.internal.Bundles - 	Entry: C:\Users\Sarada prasanna\.p2\pool\plugins\org.eclipse.m2e.maven.runtime_3.9.700.20240602-2313\jars\wagon-provider-api-3.5.3.jar
2025-04-28 00:37:40,940 [Worker-30: Launching mavenrun-c5b037f8-c394-40f9-8d18-61404b8b57f1] INFO  o.eclipse.m2e.core.internal.Bundles - getClasspathEntries(Bundle=com.google.guava_33.4.0.jre [1073])
2025-04-28 00:37:40,941 [Worker-30: Launching mavenrun-c5b037f8-c394-40f9-8d18-61404b8b57f1] INFO  o.eclipse.m2e.core.internal.Bundles - 	Entry: C:\Users\Sarada prasanna\.p2\pool\plugins\com.google.guava_33.4.0.jre.jar
2025-04-28 00:37:40,941 [Worker-30: Launching mavenrun-c5b037f8-c394-40f9-8d18-61404b8b57f1] INFO  o.eclipse.m2e.core.internal.Bundles - getClasspathEntries(Bundle=slf4j.api_2.0.17 [1144])
2025-04-28 00:37:40,941 [Worker-30: Launching mavenrun-c5b037f8-c394-40f9-8d18-61404b8b57f1] INFO  o.eclipse.m2e.core.internal.Bundles - 	Entry: C:\Users\Sarada prasanna\.p2\pool\plugins\slf4j.api_2.0.17.jar
2025-04-28 00:37:40,941 [Worker-30: Launching mavenrun-c5b037f8-c394-40f9-8d18-61404b8b57f1] INFO  o.eclipse.m2e.core.internal.Bundles - getClasspathEntries(Bundle=jakarta.inject.jakarta.inject-api_1.0.5 [33])
2025-04-28 00:37:40,942 [Worker-30: Launching mavenrun-c5b037f8-c394-40f9-8d18-61404b8b57f1] INFO  o.eclipse.m2e.core.internal.Bundles - 	Entry: C:\Users\Sarada prasanna\.p2\pool\plugins\jakarta.inject.jakarta.inject-api_1.0.5.jar
2025-04-28 00:37:40,942 [Worker-30: Launching mavenrun-c5b037f8-c394-40f9-8d18-61404b8b57f1] INFO  o.eclipse.m2e.core.internal.Bundles - getClasspathEntries(Bundle=javax.annotation_1.3.5.v20200909-1856 [44])
2025-04-28 00:37:40,942 [Worker-30: Launching mavenrun-c5b037f8-c394-40f9-8d18-61404b8b57f1] INFO  o.eclipse.m2e.core.internal.Bundles - 	Entry: C:\Users\Sarada prasanna\.p2\pool\plugins\javax.annotation_1.3.5.v20200909-1856.jar
2025-04-28 00:37:40,942 [Worker-30: Launching mavenrun-c5b037f8-c394-40f9-8d18-61404b8b57f1] INFO  o.eclipse.m2e.core.internal.Bundles - getClasspathEntries(Bundle=org.apache.commons.cli_1.8.0 [78])
2025-04-28 00:37:40,944 [Worker-30: Launching mavenrun-c5b037f8-c394-40f9-8d18-61404b8b57f1] INFO  o.eclipse.m2e.core.internal.Bundles - 	Entry: C:\Users\Sarada prasanna\.p2\pool\plugins\org.apache.commons.cli_1.8.0.jar
2025-04-28 00:37:40,944 [Worker-30: Launching mavenrun-c5b037f8-c394-40f9-8d18-61404b8b57f1] INFO  o.eclipse.m2e.core.internal.Bundles - getClasspathEntries(Bundle=org.apache.commons.commons-codec_1.16.0 [81])
2025-04-28 00:37:40,944 [Worker-30: Launching mavenrun-c5b037f8-c394-40f9-8d18-61404b8b57f1] INFO  o.eclipse.m2e.core.internal.Bundles - 	Entry: C:\Users\Sarada prasanna\.p2\pool\plugins\org.apache.commons.commons-codec_1.16.0.jar
2025-04-28 00:37:40,944 [Worker-30: Launching mavenrun-c5b037f8-c394-40f9-8d18-61404b8b57f1] INFO  o.eclipse.m2e.core.internal.Bundles - getClasspathEntries(Bundle=org.apache.commons.lang3_3.17.0 [1086])
2025-04-28 00:37:40,944 [Worker-30: Launching mavenrun-c5b037f8-c394-40f9-8d18-61404b8b57f1] INFO  o.eclipse.m2e.core.internal.Bundles - 	Entry: C:\Users\Sarada prasanna\.p2\pool\plugins\org.apache.commons.lang3_3.17.0.jar
2025-04-28 00:37:40,944 [Worker-30: Launching mavenrun-c5b037f8-c394-40f9-8d18-61404b8b57f1] INFO  o.eclipse.m2e.core.internal.Bundles - getClasspathEntries(Bundle=com.google.guava.failureaccess_1.0.2 [17])
2025-04-28 00:37:40,945 [Worker-30: Launching mavenrun-c5b037f8-c394-40f9-8d18-61404b8b57f1] INFO  o.eclipse.m2e.core.internal.Bundles - 	Entry: C:\Users\Sarada prasanna\.p2\pool\plugins\com.google.guava.failureaccess_1.0.2.jar
2025-04-28 00:37:40,950 [Worker-30: Launching mavenrun-c5b037f8-c394-40f9-8d18-61404b8b57f1] INFO  o.e.m.i.launch.MavenLaunchDelegate - Run build in "C:\Users\SARADA~1\AppData\Local\Temp\m2e-archetypeGenerator5560041443641966240":
2025-04-28 00:37:40,958 [Worker-30: Launching mavenrun-c5b037f8-c394-40f9-8d18-61404b8b57f1] INFO  o.e.m.i.launch.MavenLaunchDelegate -  mvn  -DarchetypeGroupId=org.apache.maven.archetypes -DarchetypeArtifactId=maven-archetype-quickstart -DarchetypeVersion=1.1 -DgroupId=com.myatm -DartifactId=Bank_Management_System_GUI -Dversion=0.0.1-SNAPSHOT -Dpackage=com.myatm -DoutputDirectory=D:\JDBC -Dstyle.color=always -U archetype:generate
2025-04-28 00:40:02,360 [Worker-17: Creating maven-archetype-quickstart] INFO  o.e.m.c.i.p.ProjectConfigurationManager - Collecting project info '/pom.xml' D:\JDBC\Bank_Management_System_GUI\pom.xml
2025-04-28 00:40:04,651 [Worker-17: Creating maven-archetype-quickstart] INFO  o.e.m.c.i.l.LifecycleMappingFactory - Using org.eclipse.m2e.jdt.JarLifecycleMapping lifecycle mapping for MavenProject: com.myatm:Bank_Management_System_GUI:0.0.1-SNAPSHOT @ D:\JDBC\Bank_Management_System_GUI\pom.xml.
2025-04-28 00:40:06,196 [Worker-17: Creating maven-archetype-quickstart] INFO  o.e.m.j.i.AbstractJavaProjectConfigurator - Adding source folder /Bank_Management_System_GUI/src/main/java
2025-04-28 00:40:06,198 [Worker-17: Creating maven-archetype-quickstart] INFO  o.e.m.j.i.AbstractJavaProjectConfigurator - Adding resource folder /Bank_Management_System_GUI/src/main/resources
2025-04-28 00:40:06,210 [Worker-17: Creating maven-archetype-quickstart] INFO  o.e.m.j.i.AbstractJavaProjectConfigurator - Adding source folder /Bank_Management_System_GUI/src/test/java
2025-04-28 00:40:06,211 [Worker-17: Creating maven-archetype-quickstart] INFO  o.e.m.j.i.AbstractJavaProjectConfigurator - Adding resource folder /Bank_Management_System_GUI/src/test/resources
2025-04-28 00:40:06,337 [Worker-17: Creating maven-archetype-quickstart] INFO  o.e.m.c.i.p.ProjectConfigurationManager - Imported and configured 1 project(s) in 3 sec
2025-04-28 00:40:06,652 [Worker-30: Building] INFO  o.a.m.s.f.DefaultMavenResourcesFiltering - skip non existing resourceDirectory D:\JDBC\Bank_Management_System_GUI\src\main\resources
2025-04-28 00:40:06,656 [Worker-30: Building] INFO  o.a.m.s.f.DefaultMavenResourcesFiltering - skip non existing resourceDirectory D:\JDBC\Bank_Management_System_GUI\src\test\resources
2025-04-28 00:40:17,915 [Worker-1: Building] INFO  o.e.m.c.i.l.LifecycleMappingFactory - Using org.eclipse.m2e.jdt.JarLifecycleMapping lifecycle mapping for MavenProject: com.myatm:Bank_Management_System_GUI:0.0.1-SNAPSHOT @ D:\JDBC\Bank_Management_System_GUI\pom.xml.
2025-04-28 00:40:18,213 [Worker-1: Building] INFO  o.a.m.s.f.DefaultMavenResourcesFiltering - skip non existing resourceDirectory D:\JDBC\Bank_Management_System_GUI\src\main\resources
2025-04-28 00:40:18,217 [Worker-1: Building] INFO  o.a.m.s.f.DefaultMavenResourcesFiltering - skip non existing resourceDirectory D:\JDBC\Bank_Management_System_GUI\src\test\resources
2025-04-28 00:40:18,809 [Worker-4: Building] INFO  o.a.m.s.f.DefaultMavenResourcesFiltering - skip non existing resourceDirectory D:\JDBC\Bank_Management_System_GUI\src\main\resources
2025-04-28 00:40:18,812 [Worker-4: Building] INFO  o.a.m.s.f.DefaultMavenResourcesFiltering - skip non existing resourceDirectory D:\JDBC\Bank_Management_System_GUI\src\test\resources
2025-04-28 00:40:22,858 [Worker-17: Building] INFO  o.e.m.c.i.l.LifecycleMappingFactory - Using org.eclipse.m2e.jdt.JarLifecycleMapping lifecycle mapping for MavenProject: com.myatm:Bank_Management_System_GUI:0.0.1-SNAPSHOT @ D:\JDBC\Bank_Management_System_GUI\pom.xml.
2025-04-28 00:40:23,018 [Worker-17: Building] INFO  o.a.m.s.f.DefaultMavenResourcesFiltering - skip non existing resourceDirectory D:\JDBC\Bank_Management_System_GUI\src\main\resources
2025-04-28 00:40:23,026 [Worker-17: Building] INFO  o.a.m.s.f.DefaultMavenResourcesFiltering - skip non existing resourceDirectory D:\JDBC\Bank_Management_System_GUI\src\test\resources
2025-04-28 00:40:39,150 [Worker-17: Building] INFO  o.a.m.s.f.DefaultMavenResourcesFiltering - skip non existing resourceDirectory D:\JDBC\Bank_Management_System_GUI\src\main\resources
2025-04-28 00:40:39,152 [Worker-17: Building] INFO  o.a.m.s.f.DefaultMavenResourcesFiltering - skip non existing resourceDirectory D:\JDBC\Bank_Management_System_GUI\src\test\resources
2025-04-28 00:41:14,474 [Worker-13: Building] INFO  o.a.m.s.f.DefaultMavenResourcesFiltering - skip non existing resourceDirectory D:\JDBC\Bank_Management_System_GUI\src\main\resources
2025-04-28 00:41:14,477 [Worker-13: Building] INFO  o.a.m.s.f.DefaultMavenResourcesFiltering - skip non existing resourceDirectory D:\JDBC\Bank_Management_System_GUI\src\test\resources
2025-04-28 00:41:40,099 [Worker-10: Building] INFO  o.a.m.s.f.DefaultMavenResourcesFiltering - skip non existing resourceDirectory D:\JDBC\Bank_Management_System_GUI\src\main\resources
2025-04-28 00:41:40,102 [Worker-10: Building] INFO  o.a.m.s.f.DefaultMavenResourcesFiltering - skip non existing resourceDirectory D:\JDBC\Bank_Management_System_GUI\src\test\resources
2025-04-28 00:41:48,543 [Worker-25: Building] INFO  o.a.m.s.f.DefaultMavenResourcesFiltering - skip non existing resourceDirectory D:\JDBC\Bank_Management_System_GUI\src\main\resources
2025-04-28 00:41:48,547 [Worker-25: Building] INFO  o.a.m.s.f.DefaultMavenResourcesFiltering - skip non existing resourceDirectory D:\JDBC\Bank_Management_System_GUI\src\test\resources
2025-04-28 00:41:56,315 [Worker-17: Building] INFO  o.a.m.s.f.DefaultMavenResourcesFiltering - skip non existing resourceDirectory D:\JDBC\Bank_Management_System_GUI\src\main\resources
2025-04-28 00:41:56,320 [Worker-17: Building] INFO  o.a.m.s.f.DefaultMavenResourcesFiltering - skip non existing resourceDirectory D:\JDBC\Bank_Management_System_GUI\src\test\resources
2025-04-28 00:42:03,767 [Worker-25: Building] INFO  o.a.m.s.f.DefaultMavenResourcesFiltering - skip non existing resourceDirectory D:\JDBC\Bank_Management_System_GUI\src\main\resources
2025-04-28 00:42:03,771 [Worker-25: Building] INFO  o.a.m.s.f.DefaultMavenResourcesFiltering - skip non existing resourceDirectory D:\JDBC\Bank_Management_System_GUI\src\test\resources
2025-04-28 00:42:11,399 [Worker-10: Building] INFO  o.a.m.s.f.DefaultMavenResourcesFiltering - skip non existing resourceDirectory D:\JDBC\Bank_Management_System_GUI\src\main\resources
2025-04-28 00:42:11,402 [Worker-10: Building] INFO  o.a.m.s.f.DefaultMavenResourcesFiltering - skip non existing resourceDirectory D:\JDBC\Bank_Management_System_GUI\src\test\resources
2025-04-28 00:42:18,994 [Worker-4: Building] INFO  o.a.m.s.f.DefaultMavenResourcesFiltering - skip non existing resourceDirectory D:\JDBC\Bank_Management_System_GUI\src\main\resources
2025-04-28 00:42:18,997 [Worker-4: Building] INFO  o.a.m.s.f.DefaultMavenResourcesFiltering - skip non existing resourceDirectory D:\JDBC\Bank_Management_System_GUI\src\test\resources
2025-04-28 00:42:30,232 [Worker-13: Building] INFO  o.a.m.s.f.DefaultMavenResourcesFiltering - skip non existing resourceDirectory D:\JDBC\Bank_Management_System_GUI\src\main\resources
2025-04-28 00:42:30,235 [Worker-13: Building] INFO  o.a.m.s.f.DefaultMavenResourcesFiltering - skip non existing resourceDirectory D:\JDBC\Bank_Management_System_GUI\src\test\resources
2025-04-28 00:42:33,698 [Worker-4: Building] INFO  o.a.m.s.f.DefaultMavenResourcesFiltering - skip non existing resourceDirectory D:\JDBC\Bank_Management_System_GUI\src\main\resources
2025-04-28 00:42:33,700 [Worker-4: Building] INFO  o.a.m.s.f.DefaultMavenResourcesFiltering - skip non existing resourceDirectory D:\JDBC\Bank_Management_System_GUI\src\test\resources
2025-04-28 00:42:42,366 [Worker-4: Building] INFO  o.a.m.s.f.DefaultMavenResourcesFiltering - skip non existing resourceDirectory D:\JDBC\Bank_Management_System_GUI\src\main\resources
2025-04-28 00:42:42,369 [Worker-4: Building] INFO  o.a.m.s.f.DefaultMavenResourcesFiltering - skip non existing resourceDirectory D:\JDBC\Bank_Management_System_GUI\src\test\resources
2025-04-28 00:42:54,138 [Worker-1: Building] INFO  o.a.m.s.f.DefaultMavenResourcesFiltering - skip non existing resourceDirectory D:\JDBC\Bank_Management_System_GUI\src\main\resources
2025-04-28 00:42:54,141 [Worker-1: Building] INFO  o.a.m.s.f.DefaultMavenResourcesFiltering - skip non existing resourceDirectory D:\JDBC\Bank_Management_System_GUI\src\test\resources
2025-04-28 00:42:55,452 [Worker-8: Building] INFO  o.a.m.s.f.DefaultMavenResourcesFiltering - skip non existing resourceDirectory D:\JDBC\Bank_Management_System_GUI\src\main\resources
2025-04-28 00:42:55,456 [Worker-8: Building] INFO  o.a.m.s.f.DefaultMavenResourcesFiltering - skip non existing resourceDirectory D:\JDBC\Bank_Management_System_GUI\src\test\resources
2025-04-28 00:42:59,860 [Worker-24: Building] INFO  o.a.m.s.f.DefaultMavenResourcesFiltering - skip non existing resourceDirectory D:\JDBC\Bank_Management_System_GUI\src\main\resources
2025-04-28 00:42:59,863 [Worker-24: Building] INFO  o.a.m.s.f.DefaultMavenResourcesFiltering - skip non existing resourceDirectory D:\JDBC\Bank_Management_System_GUI\src\test\resources
2025-04-28 00:43:02,131 [Worker-17: Building] INFO  o.a.m.s.f.DefaultMavenResourcesFiltering - skip non existing resourceDirectory D:\JDBC\Bank_Management_System_GUI\src\main\resources
2025-04-28 00:43:02,133 [Worker-17: Building] INFO  o.a.m.s.f.DefaultMavenResourcesFiltering - skip non existing resourceDirectory D:\JDBC\Bank_Management_System_GUI\src\test\resources
2025-04-28 00:43:11,140 [Worker-10: Building] INFO  o.a.m.s.f.DefaultMavenResourcesFiltering - skip non existing resourceDirectory D:\JDBC\Bank_Management_System_GUI\src\main\resources
2025-04-28 00:43:11,143 [Worker-10: Building] INFO  o.a.m.s.f.DefaultMavenResourcesFiltering - skip non existing resourceDirectory D:\JDBC\Bank_Management_System_GUI\src\test\resources
2025-04-28 00:43:15,024 [Worker-15: Building] INFO  o.a.m.s.f.DefaultMavenResourcesFiltering - skip non existing resourceDirectory D:\JDBC\Bank_Management_System_GUI\src\main\resources
2025-04-28 00:43:15,026 [Worker-15: Building] INFO  o.a.m.s.f.DefaultMavenResourcesFiltering - skip non existing resourceDirectory D:\JDBC\Bank_Management_System_GUI\src\test\resources
2025-04-28 00:43:20,128 [Worker-25: Building] INFO  o.a.m.s.f.DefaultMavenResourcesFiltering - skip non existing resourceDirectory D:\JDBC\Bank_Management_System_GUI\src\main\resources
2025-04-28 00:43:20,131 [Worker-25: Building] INFO  o.a.m.s.f.DefaultMavenResourcesFiltering - skip non existing resourceDirectory D:\JDBC\Bank_Management_System_GUI\src\test\resources
2025-04-28 00:43:23,153 [Worker-17: Building] INFO  o.a.m.s.f.DefaultMavenResourcesFiltering - skip non existing resourceDirectory D:\JDBC\Bank_Management_System_GUI\src\main\resources
2025-04-28 00:43:23,156 [Worker-17: Building] INFO  o.a.m.s.f.DefaultMavenResourcesFiltering - skip non existing resourceDirectory D:\JDBC\Bank_Management_System_GUI\src\test\resources
2025-04-28 00:43:26,200 [Worker-1: Building] INFO  o.a.m.s.f.DefaultMavenResourcesFiltering - skip non existing resourceDirectory D:\JDBC\Bank_Management_System_GUI\src\main\resources
2025-04-28 00:43:26,203 [Worker-1: Building] INFO  o.a.m.s.f.DefaultMavenResourcesFiltering - skip non existing resourceDirectory D:\JDBC\Bank_Management_System_GUI\src\test\resources
2025-04-28 00:43:33,476 [Worker-24: Building] INFO  o.a.m.s.f.DefaultMavenResourcesFiltering - skip non existing resourceDirectory D:\JDBC\Bank_Management_System_GUI\src\main\resources
2025-04-28 00:43:33,479 [Worker-24: Building] INFO  o.a.m.s.f.DefaultMavenResourcesFiltering - skip non existing resourceDirectory D:\JDBC\Bank_Management_System_GUI\src\test\resources
2025-04-28 00:43:37,462 [Worker-25: Building] INFO  o.a.m.s.f.DefaultMavenResourcesFiltering - skip non existing resourceDirectory D:\JDBC\Bank_Management_System_GUI\src\main\resources
2025-04-28 00:43:37,463 [Worker-25: Building] INFO  o.a.m.s.f.DefaultMavenResourcesFiltering - skip non existing resourceDirectory D:\JDBC\Bank_Management_System_GUI\src\test\resources
2025-04-28 00:43:44,005 [Worker-14: Building] INFO  o.a.m.s.f.DefaultMavenResourcesFiltering - skip non existing resourceDirectory D:\JDBC\Bank_Management_System_GUI\src\main\resources
2025-04-28 00:43:44,007 [Worker-14: Building] INFO  o.a.m.s.f.DefaultMavenResourcesFiltering - skip non existing resourceDirectory D:\JDBC\Bank_Management_System_GUI\src\test\resources
2025-04-28 00:43:46,919 [Worker-10: Building] INFO  o.a.m.s.f.DefaultMavenResourcesFiltering - skip non existing resourceDirectory D:\JDBC\Bank_Management_System_GUI\src\main\resources
2025-04-28 00:43:46,921 [Worker-10: Building] INFO  o.a.m.s.f.DefaultMavenResourcesFiltering - skip non existing resourceDirectory D:\JDBC\Bank_Management_System_GUI\src\test\resources
2025-05-08 18:00:50,606 [Worker-2: Loading available Gradle versions] INFO  o.e.b.c.i.u.g.PublishedGradleVersions - Gradle version information cache is up-to-date. Trying to read.
2025-05-09 10:12:44,672 [Worker-3: Loading available Gradle versions] INFO  o.e.b.c.i.u.g.PublishedGradleVersions - Gradle version information cache is up-to-date. Trying to read.
2025-05-09 12:51:32,364 [Worker-8: Loading available Gradle versions] INFO  o.e.b.c.i.u.g.PublishedGradleVersions - Gradle version information cache is up-to-date. Trying to read.
2025-05-09 13:10:29,929 [Worker-31: Building] INFO  o.a.m.s.f.DefaultMavenResourcesFiltering - skip non existing resourceDirectory D:\JDBC\Bank_Management_System_GUI\src\main\resources
2025-05-09 13:10:29,934 [Worker-31: Building] INFO  o.a.m.s.f.DefaultMavenResourcesFiltering - skip non existing resourceDirectory D:\JDBC\Bank_Management_System_GUI\src\test\resources
2025-05-09 13:10:32,086 [Worker-31: Building] INFO  o.a.m.s.f.DefaultMavenResourcesFiltering - skip non existing resourceDirectory D:\JDBC\File_Encrypter\src\main\resources
2025-05-09 13:10:32,088 [Worker-31: Building] INFO  o.a.m.s.f.DefaultMavenResourcesFiltering - skip non existing resourceDirectory D:\JDBC\File_Encrypter\src\test\resources
2025-05-09 13:10:32,321 [Worker-31: Building] INFO  o.a.m.s.f.DefaultMavenResourcesFiltering - skip non existing resourceDirectory D:\JDBC\Java_MongoDB_Connection\src\main\resources
2025-05-09 13:10:32,323 [Worker-31: Building] INFO  o.a.m.s.f.DefaultMavenResourcesFiltering - skip non existing resourceDirectory D:\JDBC\Java_MongoDB_Connection\src\test\resources
2025-05-09 13:10:32,514 [Worker-31: Building] WARN  o.a.m.s.f.DefaultMavenResourcesFiltering - Using platform encoding (UTF-8 actually) to copy filtered resources, i.e. build is platform dependent!
2025-05-09 13:10:32,521 [Worker-31: Building] INFO  o.a.m.s.f.DefaultMavenResourcesFiltering - Copying 0 resource from src\main\resources to target\classes
2025-05-09 13:10:32,524 [Worker-31: Building] WARN  o.a.m.s.f.DefaultMavenResourcesFiltering - Using platform encoding (UTF-8 actually) to copy filtered resources, i.e. build is platform dependent!
2025-05-09 13:10:32,526 [Worker-31: Building] INFO  o.a.m.s.f.DefaultMavenResourcesFiltering - Copying 0 resource from src\test\resources to target\test-classes
2025-05-12 20:26:56,755 [Worker-4: Loading available Gradle versions] INFO  o.e.b.c.i.u.g.PublishedGradleVersions - Gradle version information cache is up-to-date. Trying to read.
2025-05-20 18:21:58,463 [Worker-8: Loading available Gradle versions] INFO  o.e.b.c.i.u.g.PublishedGradleVersions - Gradle version information cache is out-of-date. Trying to update.
2025-05-20 18:21:59,125 [Worker-8: Loading available Gradle versions] INFO  o.e.b.c.i.u.g.PublishedGradleVersions - Updating Gradle version information cache failed. Using outdated cache.
2025-05-27 17:43:31,757 [Worker-8: Loading available Gradle versions] INFO  o.e.b.c.i.u.g.PublishedGradleVersions - Gradle version information cache is out-of-date. Trying to update.
2025-05-27 17:43:32,445 [Worker-8: Loading available Gradle versions] INFO  o.e.b.c.i.u.g.PublishedGradleVersions - Updating Gradle version information cache failed. Using outdated cache.
2025-05-27 17:44:30,524 [Worker-15: Building] INFO  o.a.m.s.f.DefaultMavenResourcesFiltering - skip non existing resourceDirectory D:\JDBC\Bank_Management_System_GUI\src\main\resources
2025-05-27 17:44:30,532 [Worker-15: Building] INFO  o.a.m.s.f.DefaultMavenResourcesFiltering - skip non existing resourceDirectory D:\JDBC\Bank_Management_System_GUI\src\test\resources
2025-05-27 17:44:33,461 [Worker-15: Building] INFO  o.a.m.s.f.DefaultMavenResourcesFiltering - skip non existing resourceDirectory D:\JDBC\File_Encrypter\src\main\resources
2025-05-27 17:44:33,465 [Worker-15: Building] INFO  o.a.m.s.f.DefaultMavenResourcesFiltering - skip non existing resourceDirectory D:\JDBC\File_Encrypter\src\test\resources
2025-05-27 17:44:33,754 [Worker-15: Building] INFO  o.a.m.s.f.DefaultMavenResourcesFiltering - skip non existing resourceDirectory D:\JDBC\Java_MongoDB_Connection\src\main\resources
2025-05-27 17:44:33,758 [Worker-15: Building] INFO  o.a.m.s.f.DefaultMavenResourcesFiltering - skip non existing resourceDirectory D:\JDBC\Java_MongoDB_Connection\src\test\resources
2025-05-27 17:44:36,057 [Worker-15: Building] INFO  o.e.m.c.i.l.LifecycleMappingFactory - Using org.eclipse.m2e.jdt.JarLifecycleMapping lifecycle mapping for MavenProject: com.org:Mail-API:0.0.1-SNAPSHOT @ D:\HIBERNATE\Mail-API\pom.xml.
2025-05-27 17:44:36,301 [Worker-15: Building] WARN  o.a.m.s.f.DefaultMavenResourcesFiltering - Using platform encoding (UTF-8 actually) to copy filtered resources, i.e. build is platform dependent!
2025-05-27 17:44:36,310 [Worker-15: Building] INFO  o.a.m.s.f.DefaultMavenResourcesFiltering - Copying 0 resource from src\main\resources to target\classes
2025-05-27 17:44:36,314 [Worker-15: Building] WARN  o.a.m.s.f.DefaultMavenResourcesFiltering - Using platform encoding (UTF-8 actually) to copy filtered resources, i.e. build is platform dependent!
2025-05-27 17:44:36,316 [Worker-15: Building] INFO  o.a.m.s.f.DefaultMavenResourcesFiltering - Copying 0 resource from src\test\resources to target\test-classes
2025-05-27 17:44:37,683 [Worker-16: Building] WARN  o.a.m.s.f.DefaultMavenResourcesFiltering - Using platform encoding (UTF-8 actually) to copy filtered resources, i.e. build is platform dependent!
2025-05-27 17:44:37,685 [Worker-16: Building] INFO  o.a.m.s.f.DefaultMavenResourcesFiltering - Copying 0 resource from src\main\resources to target\classes
2025-05-27 17:44:37,690 [Worker-16: Building] WARN  o.a.m.s.f.DefaultMavenResourcesFiltering - Using platform encoding (UTF-8 actually) to copy filtered resources, i.e. build is platform dependent!
2025-05-27 17:44:37,692 [Worker-16: Building] INFO  o.a.m.s.f.DefaultMavenResourcesFiltering - Copying 0 resource from src\test\resources to target\test-classes
2025-05-27 17:48:43,912 [Worker-17: Building] INFO  o.a.m.s.f.DefaultMavenResourcesFiltering - skip non existing resourceDirectory D:\JDBC\Java_MongoDB_Connection\src\main\resources
2025-05-27 17:48:43,916 [Worker-17: Building] INFO  o.a.m.s.f.DefaultMavenResourcesFiltering - skip non existing resourceDirectory D:\JDBC\Java_MongoDB_Connection\src\test\resources
2025-05-27 17:49:10,170 [Worker-32: Building] INFO  o.a.m.s.f.DefaultMavenResourcesFiltering - skip non existing resourceDirectory D:\JDBC\Java_MongoDB_Connection\src\main\resources
2025-05-27 17:49:10,174 [Worker-32: Building] INFO  o.a.m.s.f.DefaultMavenResourcesFiltering - skip non existing resourceDirectory D:\JDBC\Java_MongoDB_Connection\src\test\resources
2025-05-27 17:49:20,585 [Worker-32: Building] INFO  o.a.m.s.f.DefaultMavenResourcesFiltering - skip non existing resourceDirectory D:\JDBC\Java_MongoDB_Connection\src\main\resources
2025-05-27 17:49:20,588 [Worker-32: Building] INFO  o.a.m.s.f.DefaultMavenResourcesFiltering - skip non existing resourceDirectory D:\JDBC\Java_MongoDB_Connection\src\test\resources
2025-05-27 17:49:34,042 [Worker-21: Building] INFO  o.a.m.s.f.DefaultMavenResourcesFiltering - skip non existing resourceDirectory D:\JDBC\Java_MongoDB_Connection\src\main\resources
2025-05-27 17:49:34,045 [Worker-21: Building] INFO  o.a.m.s.f.DefaultMavenResourcesFiltering - skip non existing resourceDirectory D:\JDBC\Java_MongoDB_Connection\src\test\resources
2025-06-09 22:59:10,458 [Worker-7: Loading available Gradle versions] INFO  o.e.b.c.i.u.g.PublishedGradleVersions - Gradle version information cache is out-of-date. Trying to update.
2025-06-09 22:59:11,085 [Worker-7: Loading available Gradle versions] INFO  o.e.b.c.i.u.g.PublishedGradleVersions - Updating Gradle version information cache failed. Using outdated cache.
2025-06-09 22:59:34,734 [Worker-27: Building] INFO  o.a.m.s.f.DefaultMavenResourcesFiltering - skip non existing resourceDirectory D:\JDBC\Java_MongoDB_Connection\src\main\resources
2025-06-09 22:59:34,741 [Worker-27: Building] INFO  o.a.m.s.f.DefaultMavenResourcesFiltering - skip non existing resourceDirectory D:\JDBC\Java_MongoDB_Connection\src\test\resources
2025-06-24 12:49:39,681 [Worker-2: Loading available Gradle versions] INFO  o.e.b.c.i.u.g.PublishedGradleVersions - Gradle version information cache is out-of-date. Trying to update.
2025-06-24 12:49:40,472 [Worker-2: Loading available Gradle versions] INFO  o.e.b.c.i.u.g.PublishedGradleVersions - Updating Gradle version information cache failed. Using outdated cache.
2025-06-24 12:51:25,260 [Worker-11: Building] INFO  o.a.m.s.f.DefaultMavenResourcesFiltering - skip non existing resourceDirectory D:\JDBC\Java_MongoDB_Connection\src\main\resources
2025-06-24 12:51:25,266 [Worker-11: Building] INFO  o.a.m.s.f.DefaultMavenResourcesFiltering - skip non existing resourceDirectory D:\JDBC\Java_MongoDB_Connection\src\test\resources
2025-06-24 13:08:45,752 [Worker-9: Loading available Gradle versions] INFO  o.e.b.c.i.u.g.PublishedGradleVersions - Gradle version information cache is out-of-date. Trying to update.
2025-06-24 13:08:46,232 [Worker-9: Loading available Gradle versions] INFO  o.e.b.c.i.u.g.PublishedGradleVersions - Updating Gradle version information cache failed. Using outdated cache.
2025-06-24 13:23:18,900 [Worker-35: Building] INFO  o.a.m.s.f.DefaultMavenResourcesFiltering - skip non existing resourceDirectory D:\JDBC\Java_MongoDB_Connection\src\main\resources
2025-06-24 13:23:18,904 [Worker-35: Building] INFO  o.a.m.s.f.DefaultMavenResourcesFiltering - skip non existing resourceDirectory D:\JDBC\Java_MongoDB_Connection\src\test\resources
2025-06-24 13:23:27,115 [Worker-36: Building] INFO  o.a.m.s.f.DefaultMavenResourcesFiltering - skip non existing resourceDirectory D:\JDBC\Java_MongoDB_Connection\src\main\resources
2025-06-24 13:23:27,117 [Worker-36: Building] INFO  o.a.m.s.f.DefaultMavenResourcesFiltering - skip non existing resourceDirectory D:\JDBC\Java_MongoDB_Connection\src\test\resources
2025-06-24 13:23:29,796 [Worker-35: Building] INFO  o.a.m.s.f.DefaultMavenResourcesFiltering - skip non existing resourceDirectory D:\JDBC\Java_MongoDB_Connection\src\main\resources
2025-06-24 13:23:29,799 [Worker-35: Building] INFO  o.a.m.s.f.DefaultMavenResourcesFiltering - skip non existing resourceDirectory D:\JDBC\Java_MongoDB_Connection\src\test\resources
2025-06-24 13:23:32,365 [Worker-21: Building] INFO  o.a.m.s.f.DefaultMavenResourcesFiltering - skip non existing resourceDirectory D:\JDBC\Java_MongoDB_Connection\src\main\resources
2025-06-24 13:23:32,367 [Worker-21: Building] INFO  o.a.m.s.f.DefaultMavenResourcesFiltering - skip non existing resourceDirectory D:\JDBC\Java_MongoDB_Connection\src\test\resources
2025-06-24 13:23:34,615 [Worker-36: Building] INFO  o.a.m.s.f.DefaultMavenResourcesFiltering - skip non existing resourceDirectory D:\JDBC\Java_MongoDB_Connection\src\main\resources
2025-06-24 13:23:34,617 [Worker-36: Building] INFO  o.a.m.s.f.DefaultMavenResourcesFiltering - skip non existing resourceDirectory D:\JDBC\Java_MongoDB_Connection\src\test\resources
2025-06-24 13:23:36,925 [Worker-34: Building] INFO  o.a.m.s.f.DefaultMavenResourcesFiltering - skip non existing resourceDirectory D:\JDBC\Java_MongoDB_Connection\src\main\resources
2025-06-24 13:23:36,927 [Worker-34: Building] INFO  o.a.m.s.f.DefaultMavenResourcesFiltering - skip non existing resourceDirectory D:\JDBC\Java_MongoDB_Connection\src\test\resources
2025-06-24 13:23:38,439 [Worker-21: Building] INFO  o.a.m.s.f.DefaultMavenResourcesFiltering - skip non existing resourceDirectory D:\JDBC\Java_MongoDB_Connection\src\main\resources
2025-06-24 13:23:38,440 [Worker-21: Building] INFO  o.a.m.s.f.DefaultMavenResourcesFiltering - skip non existing resourceDirectory D:\JDBC\Java_MongoDB_Connection\src\test\resources
2025-06-24 13:23:42,349 [Worker-31: Building] INFO  o.a.m.s.f.DefaultMavenResourcesFiltering - skip non existing resourceDirectory D:\JDBC\Java_MongoDB_Connection\src\main\resources
2025-06-24 13:23:42,350 [Worker-31: Building] INFO  o.a.m.s.f.DefaultMavenResourcesFiltering - skip non existing resourceDirectory D:\JDBC\Java_MongoDB_Connection\src\test\resources
2025-06-24 13:24:14,927 [Worker-34: Building] INFO  o.a.m.s.f.DefaultMavenResourcesFiltering - skip non existing resourceDirectory D:\JDBC\Java_MongoDB_Connection\src\main\resources
2025-06-24 13:24:14,928 [Worker-34: Building] INFO  o.a.m.s.f.DefaultMavenResourcesFiltering - skip non existing resourceDirectory D:\JDBC\Java_MongoDB_Connection\src\test\resources
2025-06-24 13:24:28,030 [Worker-31: Building] INFO  o.a.m.s.f.DefaultMavenResourcesFiltering - skip non existing resourceDirectory D:\JDBC\Java_MongoDB_Connection\src\main\resources
2025-06-24 13:24:28,032 [Worker-31: Building] INFO  o.a.m.s.f.DefaultMavenResourcesFiltering - skip non existing resourceDirectory D:\JDBC\Java_MongoDB_Connection\src\test\resources
2025-06-24 13:24:32,159 [Worker-35: Building] INFO  o.a.m.s.f.DefaultMavenResourcesFiltering - skip non existing resourceDirectory D:\JDBC\Java_MongoDB_Connection\src\main\resources
2025-06-24 13:24:32,160 [Worker-35: Building] INFO  o.a.m.s.f.DefaultMavenResourcesFiltering - skip non existing resourceDirectory D:\JDBC\Java_MongoDB_Connection\src\test\resources
2025-06-24 13:24:37,409 [Worker-31: Building] INFO  o.a.m.s.f.DefaultMavenResourcesFiltering - skip non existing resourceDirectory D:\JDBC\Java_MongoDB_Connection\src\main\resources
2025-06-24 13:24:37,410 [Worker-31: Building] INFO  o.a.m.s.f.DefaultMavenResourcesFiltering - skip non existing resourceDirectory D:\JDBC\Java_MongoDB_Connection\src\test\resources
2025-06-24 13:24:42,948 [Worker-37: Building] INFO  o.a.m.s.f.DefaultMavenResourcesFiltering - skip non existing resourceDirectory D:\JDBC\Java_MongoDB_Connection\src\main\resources
2025-06-24 13:24:42,950 [Worker-37: Building] INFO  o.a.m.s.f.DefaultMavenResourcesFiltering - skip non existing resourceDirectory D:\JDBC\Java_MongoDB_Connection\src\test\resources
2025-06-24 13:24:53,547 [Worker-37: Building] INFO  o.a.m.s.f.DefaultMavenResourcesFiltering - skip non existing resourceDirectory D:\JDBC\Java_MongoDB_Connection\src\main\resources
2025-06-24 13:24:53,548 [Worker-37: Building] INFO  o.a.m.s.f.DefaultMavenResourcesFiltering - skip non existing resourceDirectory D:\JDBC\Java_MongoDB_Connection\src\test\resources
2025-06-24 13:24:57,660 [Worker-21: Building] INFO  o.a.m.s.f.DefaultMavenResourcesFiltering - skip non existing resourceDirectory D:\JDBC\Java_MongoDB_Connection\src\main\resources
2025-06-24 13:24:57,661 [Worker-21: Building] INFO  o.a.m.s.f.DefaultMavenResourcesFiltering - skip non existing resourceDirectory D:\JDBC\Java_MongoDB_Connection\src\test\resources
2025-06-24 13:25:00,852 [Worker-21: Building] INFO  o.a.m.s.f.DefaultMavenResourcesFiltering - skip non existing resourceDirectory D:\JDBC\Java_MongoDB_Connection\src\main\resources
2025-06-24 13:25:00,853 [Worker-21: Building] INFO  o.a.m.s.f.DefaultMavenResourcesFiltering - skip non existing resourceDirectory D:\JDBC\Java_MongoDB_Connection\src\test\resources
2025-06-24 13:25:04,150 [Worker-31: Building] INFO  o.a.m.s.f.DefaultMavenResourcesFiltering - skip non existing resourceDirectory D:\JDBC\Java_MongoDB_Connection\src\main\resources
2025-06-24 13:25:04,151 [Worker-31: Building] INFO  o.a.m.s.f.DefaultMavenResourcesFiltering - skip non existing resourceDirectory D:\JDBC\Java_MongoDB_Connection\src\test\resources
2025-06-24 13:25:08,489 [Worker-37: Building] INFO  o.a.m.s.f.DefaultMavenResourcesFiltering - skip non existing resourceDirectory D:\JDBC\Java_MongoDB_Connection\src\main\resources
2025-06-24 13:25:08,490 [Worker-37: Building] INFO  o.a.m.s.f.DefaultMavenResourcesFiltering - skip non existing resourceDirectory D:\JDBC\Java_MongoDB_Connection\src\test\resources
2025-06-24 13:25:11,981 [Worker-34: Building] INFO  o.a.m.s.f.DefaultMavenResourcesFiltering - skip non existing resourceDirectory D:\JDBC\Java_MongoDB_Connection\src\main\resources
2025-06-24 13:25:11,982 [Worker-34: Building] INFO  o.a.m.s.f.DefaultMavenResourcesFiltering - skip non existing resourceDirectory D:\JDBC\Java_MongoDB_Connection\src\test\resources
2025-06-24 13:25:14,773 [Worker-35: Building] INFO  o.a.m.s.f.DefaultMavenResourcesFiltering - skip non existing resourceDirectory D:\JDBC\Java_MongoDB_Connection\src\main\resources
2025-06-24 13:25:14,774 [Worker-35: Building] INFO  o.a.m.s.f.DefaultMavenResourcesFiltering - skip non existing resourceDirectory D:\JDBC\Java_MongoDB_Connection\src\test\resources
2025-06-24 13:25:18,504 [Worker-36: Building] INFO  o.a.m.s.f.DefaultMavenResourcesFiltering - skip non existing resourceDirectory D:\JDBC\Java_MongoDB_Connection\src\main\resources
2025-06-24 13:25:18,505 [Worker-36: Building] INFO  o.a.m.s.f.DefaultMavenResourcesFiltering - skip non existing resourceDirectory D:\JDBC\Java_MongoDB_Connection\src\test\resources
2025-06-24 13:25:26,731 [Worker-34: Building] INFO  o.a.m.s.f.DefaultMavenResourcesFiltering - skip non existing resourceDirectory D:\JDBC\Java_MongoDB_Connection\src\main\resources
2025-06-24 13:25:26,733 [Worker-34: Building] INFO  o.a.m.s.f.DefaultMavenResourcesFiltering - skip non existing resourceDirectory D:\JDBC\Java_MongoDB_Connection\src\test\resources
2025-06-24 13:25:29,681 [Worker-35: Building] INFO  o.a.m.s.f.DefaultMavenResourcesFiltering - skip non existing resourceDirectory D:\JDBC\Java_MongoDB_Connection\src\main\resources
2025-06-24 13:25:29,682 [Worker-35: Building] INFO  o.a.m.s.f.DefaultMavenResourcesFiltering - skip non existing resourceDirectory D:\JDBC\Java_MongoDB_Connection\src\test\resources
2025-06-24 13:25:35,086 [Worker-36: Building] INFO  o.a.m.s.f.DefaultMavenResourcesFiltering - skip non existing resourceDirectory D:\JDBC\Java_MongoDB_Connection\src\main\resources
2025-06-24 13:25:35,087 [Worker-36: Building] INFO  o.a.m.s.f.DefaultMavenResourcesFiltering - skip non existing resourceDirectory D:\JDBC\Java_MongoDB_Connection\src\test\resources
2025-06-24 13:25:40,485 [Worker-21: Building] INFO  o.a.m.s.f.DefaultMavenResourcesFiltering - skip non existing resourceDirectory D:\JDBC\Java_MongoDB_Connection\src\main\resources
2025-06-24 13:25:40,487 [Worker-21: Building] INFO  o.a.m.s.f.DefaultMavenResourcesFiltering - skip non existing resourceDirectory D:\JDBC\Java_MongoDB_Connection\src\test\resources
2025-06-24 13:25:45,308 [Worker-21: Building] INFO  o.a.m.s.f.DefaultMavenResourcesFiltering - skip non existing resourceDirectory D:\JDBC\Java_MongoDB_Connection\src\main\resources
2025-06-24 13:25:45,310 [Worker-21: Building] INFO  o.a.m.s.f.DefaultMavenResourcesFiltering - skip non existing resourceDirectory D:\JDBC\Java_MongoDB_Connection\src\test\resources
2025-06-24 13:25:55,045 [Worker-31: Building] INFO  o.a.m.s.f.DefaultMavenResourcesFiltering - skip non existing resourceDirectory D:\JDBC\Java_MongoDB_Connection\src\main\resources
2025-06-24 13:25:55,047 [Worker-31: Building] INFO  o.a.m.s.f.DefaultMavenResourcesFiltering - skip non existing resourceDirectory D:\JDBC\Java_MongoDB_Connection\src\test\resources
2025-06-24 13:26:33,114 [Worker-31: Building] INFO  o.a.m.s.f.DefaultMavenResourcesFiltering - skip non existing resourceDirectory D:\JDBC\Java_MongoDB_Connection\src\main\resources
2025-06-24 13:26:33,116 [Worker-31: Building] INFO  o.a.m.s.f.DefaultMavenResourcesFiltering - skip non existing resourceDirectory D:\JDBC\Java_MongoDB_Connection\src\test\resources
2025-06-24 13:26:40,231 [Worker-34: Building] INFO  o.a.m.s.f.DefaultMavenResourcesFiltering - skip non existing resourceDirectory D:\JDBC\Java_MongoDB_Connection\src\main\resources
2025-06-24 13:26:40,232 [Worker-34: Building] INFO  o.a.m.s.f.DefaultMavenResourcesFiltering - skip non existing resourceDirectory D:\JDBC\Java_MongoDB_Connection\src\test\resources
2025-06-24 13:26:49,581 [Worker-21: Building] INFO  o.a.m.s.f.DefaultMavenResourcesFiltering - skip non existing resourceDirectory D:\JDBC\Java_MongoDB_Connection\src\main\resources
2025-06-24 13:26:49,583 [Worker-21: Building] INFO  o.a.m.s.f.DefaultMavenResourcesFiltering - skip non existing resourceDirectory D:\JDBC\Java_MongoDB_Connection\src\test\resources
2025-06-24 13:26:50,857 [Worker-21: Building] INFO  o.a.m.s.f.DefaultMavenResourcesFiltering - skip non existing resourceDirectory D:\JDBC\Java_MongoDB_Connection\src\main\resources
2025-06-24 13:26:50,858 [Worker-21: Building] INFO  o.a.m.s.f.DefaultMavenResourcesFiltering - skip non existing resourceDirectory D:\JDBC\Java_MongoDB_Connection\src\test\resources
2025-06-24 13:27:08,452 [Worker-36: Building] INFO  o.a.m.s.f.DefaultMavenResourcesFiltering - skip non existing resourceDirectory D:\JDBC\Java_MongoDB_Connection\src\main\resources
2025-06-24 13:27:08,454 [Worker-36: Building] INFO  o.a.m.s.f.DefaultMavenResourcesFiltering - skip non existing resourceDirectory D:\JDBC\Java_MongoDB_Connection\src\test\resources
2025-06-24 13:27:11,636 [Worker-37: Building] INFO  o.a.m.s.f.DefaultMavenResourcesFiltering - skip non existing resourceDirectory D:\JDBC\Java_MongoDB_Connection\src\main\resources
2025-06-24 13:27:11,638 [Worker-37: Building] INFO  o.a.m.s.f.DefaultMavenResourcesFiltering - skip non existing resourceDirectory D:\JDBC\Java_MongoDB_Connection\src\test\resources
2025-06-24 13:27:12,664 [Worker-36: Building] INFO  o.a.m.s.f.DefaultMavenResourcesFiltering - skip non existing resourceDirectory D:\JDBC\Java_MongoDB_Connection\src\main\resources
2025-06-24 13:27:12,665 [Worker-36: Building] INFO  o.a.m.s.f.DefaultMavenResourcesFiltering - skip non existing resourceDirectory D:\JDBC\Java_MongoDB_Connection\src\test\resources
2025-06-24 13:27:17,478 [Worker-34: Building] INFO  o.a.m.s.f.DefaultMavenResourcesFiltering - skip non existing resourceDirectory D:\JDBC\Java_MongoDB_Connection\src\main\resources
2025-06-24 13:27:17,479 [Worker-34: Building] INFO  o.a.m.s.f.DefaultMavenResourcesFiltering - skip non existing resourceDirectory D:\JDBC\Java_MongoDB_Connection\src\test\resources
2025-06-24 13:27:26,091 [Worker-34: Building] INFO  o.a.m.s.f.DefaultMavenResourcesFiltering - skip non existing resourceDirectory D:\JDBC\Java_MongoDB_Connection\src\main\resources
2025-06-24 13:27:26,092 [Worker-34: Building] INFO  o.a.m.s.f.DefaultMavenResourcesFiltering - skip non existing resourceDirectory D:\JDBC\Java_MongoDB_Connection\src\test\resources
2025-06-24 13:27:31,527 [Worker-21: Building] INFO  o.a.m.s.f.DefaultMavenResourcesFiltering - skip non existing resourceDirectory D:\JDBC\Java_MongoDB_Connection\src\main\resources
2025-06-24 13:27:31,529 [Worker-21: Building] INFO  o.a.m.s.f.DefaultMavenResourcesFiltering - skip non existing resourceDirectory D:\JDBC\Java_MongoDB_Connection\src\test\resources
2025-06-24 13:27:49,646 [Worker-34: Building] INFO  o.a.m.s.f.DefaultMavenResourcesFiltering - skip non existing resourceDirectory D:\JDBC\Java_MongoDB_Connection\src\main\resources
2025-06-24 13:27:49,647 [Worker-34: Building] INFO  o.a.m.s.f.DefaultMavenResourcesFiltering - skip non existing resourceDirectory D:\JDBC\Java_MongoDB_Connection\src\test\resources
2025-06-24 13:27:53,208 [Worker-34: Building] INFO  o.a.m.s.f.DefaultMavenResourcesFiltering - skip non existing resourceDirectory D:\JDBC\Java_MongoDB_Connection\src\main\resources
2025-06-24 13:27:53,209 [Worker-34: Building] INFO  o.a.m.s.f.DefaultMavenResourcesFiltering - skip non existing resourceDirectory D:\JDBC\Java_MongoDB_Connection\src\test\resources
2025-06-24 13:28:05,618 [Worker-37: Building] INFO  o.a.m.s.f.DefaultMavenResourcesFiltering - skip non existing resourceDirectory D:\JDBC\Java_MongoDB_Connection\src\main\resources
2025-06-24 13:28:05,619 [Worker-37: Building] INFO  o.a.m.s.f.DefaultMavenResourcesFiltering - skip non existing resourceDirectory D:\JDBC\Java_MongoDB_Connection\src\test\resources
2025-06-24 13:28:26,021 [Worker-34: Building] INFO  o.a.m.s.f.DefaultMavenResourcesFiltering - skip non existing resourceDirectory D:\JDBC\Java_MongoDB_Connection\src\main\resources
2025-06-24 13:28:26,022 [Worker-34: Building] INFO  o.a.m.s.f.DefaultMavenResourcesFiltering - skip non existing resourceDirectory D:\JDBC\Java_MongoDB_Connection\src\test\resources
2025-06-24 13:28:42,948 [Worker-34: Building] INFO  o.a.m.s.f.DefaultMavenResourcesFiltering - skip non existing resourceDirectory D:\JDBC\Java_MongoDB_Connection\src\main\resources
2025-06-24 13:28:42,949 [Worker-34: Building] INFO  o.a.m.s.f.DefaultMavenResourcesFiltering - skip non existing resourceDirectory D:\JDBC\Java_MongoDB_Connection\src\test\resources
2025-06-24 13:28:52,029 [Worker-21: Building] INFO  o.a.m.s.f.DefaultMavenResourcesFiltering - skip non existing resourceDirectory D:\JDBC\Java_MongoDB_Connection\src\main\resources
2025-06-24 13:28:52,031 [Worker-21: Building] INFO  o.a.m.s.f.DefaultMavenResourcesFiltering - skip non existing resourceDirectory D:\JDBC\Java_MongoDB_Connection\src\test\resources
2025-06-24 13:29:00,942 [Worker-34: Building] INFO  o.a.m.s.f.DefaultMavenResourcesFiltering - skip non existing resourceDirectory D:\JDBC\Java_MongoDB_Connection\src\main\resources
2025-06-24 13:29:00,944 [Worker-34: Building] INFO  o.a.m.s.f.DefaultMavenResourcesFiltering - skip non existing resourceDirectory D:\JDBC\Java_MongoDB_Connection\src\test\resources
2025-06-24 13:29:05,227 [Worker-36: Building] INFO  o.a.m.s.f.DefaultMavenResourcesFiltering - skip non existing resourceDirectory D:\JDBC\Java_MongoDB_Connection\src\main\resources
2025-06-24 13:29:05,228 [Worker-36: Building] INFO  o.a.m.s.f.DefaultMavenResourcesFiltering - skip non existing resourceDirectory D:\JDBC\Java_MongoDB_Connection\src\test\resources
2025-06-24 13:29:08,679 [Worker-34: Building] INFO  o.a.m.s.f.DefaultMavenResourcesFiltering - skip non existing resourceDirectory D:\JDBC\Java_MongoDB_Connection\src\main\resources
2025-06-24 13:29:08,680 [Worker-34: Building] INFO  o.a.m.s.f.DefaultMavenResourcesFiltering - skip non existing resourceDirectory D:\JDBC\Java_MongoDB_Connection\src\test\resources
2025-06-24 13:29:22,519 [Worker-21: Building] INFO  o.a.m.s.f.DefaultMavenResourcesFiltering - skip non existing resourceDirectory D:\JDBC\Java_MongoDB_Connection\src\main\resources
2025-06-24 13:29:22,520 [Worker-21: Building] INFO  o.a.m.s.f.DefaultMavenResourcesFiltering - skip non existing resourceDirectory D:\JDBC\Java_MongoDB_Connection\src\test\resources
2025-06-24 13:29:47,662 [Worker-37: Building] INFO  o.a.m.s.f.DefaultMavenResourcesFiltering - skip non existing resourceDirectory D:\JDBC\Java_MongoDB_Connection\src\main\resources
2025-06-24 13:29:47,664 [Worker-37: Building] INFO  o.a.m.s.f.DefaultMavenResourcesFiltering - skip non existing resourceDirectory D:\JDBC\Java_MongoDB_Connection\src\test\resources
2025-06-24 13:29:56,393 [Worker-36: Building] INFO  o.a.m.s.f.DefaultMavenResourcesFiltering - skip non existing resourceDirectory D:\JDBC\Java_MongoDB_Connection\src\main\resources
2025-06-24 13:29:56,394 [Worker-36: Building] INFO  o.a.m.s.f.DefaultMavenResourcesFiltering - skip non existing resourceDirectory D:\JDBC\Java_MongoDB_Connection\src\test\resources
2025-06-24 13:30:01,208 [Worker-36: Building] INFO  o.a.m.s.f.DefaultMavenResourcesFiltering - skip non existing resourceDirectory D:\JDBC\Java_MongoDB_Connection\src\main\resources
2025-06-24 13:30:01,209 [Worker-36: Building] INFO  o.a.m.s.f.DefaultMavenResourcesFiltering - skip non existing resourceDirectory D:\JDBC\Java_MongoDB_Connection\src\test\resources
2025-06-24 13:37:58,561 [Worker-38: Building] INFO  o.a.m.s.f.DefaultMavenResourcesFiltering - skip non existing resourceDirectory D:\JDBC\Java_MongoDB_Connection\src\main\resources
2025-06-24 13:37:58,562 [Worker-38: Building] INFO  o.a.m.s.f.DefaultMavenResourcesFiltering - skip non existing resourceDirectory D:\JDBC\Java_MongoDB_Connection\src\test\resources
2025-06-24 13:38:00,034 [Worker-36: Building] INFO  o.a.m.s.f.DefaultMavenResourcesFiltering - skip non existing resourceDirectory D:\JDBC\Java_MongoDB_Connection\src\main\resources
2025-06-24 13:38:00,035 [Worker-36: Building] INFO  o.a.m.s.f.DefaultMavenResourcesFiltering - skip non existing resourceDirectory D:\JDBC\Java_MongoDB_Connection\src\test\resources
2025-06-24 13:43:04,625 [Worker-38: Building] INFO  o.a.m.s.f.DefaultMavenResourcesFiltering - skip non existing resourceDirectory D:\JDBC\Java_MongoDB_Connection\src\main\resources
2025-06-24 13:43:04,627 [Worker-38: Building] INFO  o.a.m.s.f.DefaultMavenResourcesFiltering - skip non existing resourceDirectory D:\JDBC\Java_MongoDB_Connection\src\test\resources
2025-06-24 13:43:06,184 [Worker-38: Building] INFO  o.a.m.s.f.DefaultMavenResourcesFiltering - skip non existing resourceDirectory D:\JDBC\Java_MongoDB_Connection\src\main\resources
2025-06-24 13:43:06,185 [Worker-38: Building] INFO  o.a.m.s.f.DefaultMavenResourcesFiltering - skip non existing resourceDirectory D:\JDBC\Java_MongoDB_Connection\src\test\resources
2025-06-26 17:26:44,230 [Worker-9: Loading available Gradle versions] INFO  o.e.b.c.i.u.g.PublishedGradleVersions - Gradle version information cache is out-of-date. Trying to update.
2025-06-26 17:26:44,885 [Worker-9: Loading available Gradle versions] INFO  o.e.b.c.i.u.g.PublishedGradleVersions - Updating Gradle version information cache failed. Using outdated cache.
2025-06-26 17:29:28,596 [Worker-6: Building] INFO  o.a.m.s.f.DefaultMavenResourcesFiltering - skip non existing resourceDirectory D:\JDBC\Java_MongoDB_Connection\src\main\resources
2025-06-26 17:29:28,602 [Worker-6: Building] INFO  o.a.m.s.f.DefaultMavenResourcesFiltering - skip non existing resourceDirectory D:\JDBC\Java_MongoDB_Connection\src\test\resources
2025-06-26 17:29:34,695 [Worker-15: Building] INFO  o.a.m.s.f.DefaultMavenResourcesFiltering - skip non existing resourceDirectory D:\JDBC\Java_MongoDB_Connection\src\main\resources
2025-06-26 17:29:34,699 [Worker-15: Building] INFO  o.a.m.s.f.DefaultMavenResourcesFiltering - skip non existing resourceDirectory D:\JDBC\Java_MongoDB_Connection\src\test\resources
2025-06-26 17:29:39,220 [Worker-15: Building] INFO  o.a.m.s.f.DefaultMavenResourcesFiltering - skip non existing resourceDirectory D:\JDBC\Java_MongoDB_Connection\src\main\resources
2025-06-26 17:29:39,224 [Worker-15: Building] INFO  o.a.m.s.f.DefaultMavenResourcesFiltering - skip non existing resourceDirectory D:\JDBC\Java_MongoDB_Connection\src\test\resources
2026-02-05 23:33:43,929 [Worker-9: Loading available Gradle versions] INFO  o.e.b.c.i.u.g.PublishedGradleVersions - Gradle version information cache is out-of-date. Trying to update.
2026-02-05 23:33:44,596 [Worker-9: Loading available Gradle versions] INFO  o.e.b.c.i.u.g.PublishedGradleVersions - Updating Gradle version information cache failed. Using outdated cache.
2026-02-10 13:38:12,469 [Worker-8: Loading available Gradle versions] INFO  o.e.b.c.i.u.g.PublishedGradleVersions - Gradle version information cache is out-of-date. Trying to update.
2026-02-10 13:38:54,414 [Worker-9: Building] INFO  o.a.m.s.f.DefaultMavenResourcesFiltering - skip non existing resourceDirectory D:\JDBC\Bank_Management_System_GUI\src\main\resources
2026-02-10 13:38:54,422 [Worker-9: Building] INFO  o.a.m.s.f.DefaultMavenResourcesFiltering - skip non existing resourceDirectory D:\JDBC\Bank_Management_System_GUI\src\test\resources
2026-02-10 13:38:56,951 [Worker-9: Building] INFO  o.a.m.s.f.DefaultMavenResourcesFiltering - skip non existing resourceDirectory D:\JDBC\File_Encrypter\src\main\resources
2026-02-10 13:38:56,954 [Worker-9: Building] INFO  o.a.m.s.f.DefaultMavenResourcesFiltering - skip non existing resourceDirectory D:\JDBC\File_Encrypter\src\test\resources
2026-02-10 13:38:57,696 [Worker-9: Building] INFO  o.a.m.s.f.DefaultMavenResourcesFiltering - skip non existing resourceDirectory D:\JDBC\Java_MongoDB_Connection\src\main\resources
2026-02-10 13:38:57,700 [Worker-9: Building] INFO  o.a.m.s.f.DefaultMavenResourcesFiltering - skip non existing resourceDirectory D:\JDBC\Java_MongoDB_Connection\src\test\resources
2026-02-10 13:38:58,074 [Worker-9: Building] WARN  o.a.m.s.f.DefaultMavenResourcesFiltering - Using platform encoding (UTF-8 actually) to copy filtered resources, i.e. build is platform dependent!
2026-02-10 13:38:58,081 [Worker-9: Building] INFO  o.a.m.s.f.DefaultMavenResourcesFiltering - Copying 0 resource from src\main\resources to target\classes
2026-02-10 13:38:58,084 [Worker-9: Building] WARN  o.a.m.s.f.DefaultMavenResourcesFiltering - Using platform encoding (UTF-8 actually) to copy filtered resources, i.e. build is platform dependent!
2026-02-10 13:38:58,086 [Worker-9: Building] INFO  o.a.m.s.f.DefaultMavenResourcesFiltering - Copying 0 resource from src\test\resources to target\test-classes
2026-02-10 13:38:59,783 [Worker-8: Loading available Gradle versions] INFO  o.e.b.c.i.u.g.PublishedGradleVersions - Updating Gradle version information cache failed. Using outdated cache.
2026-02-10 13:40:14,001 [Worker-4: Deferred Early Start] INFO  o.a.h.c.h.i.c.HttpRequestRetryExec - Recoverable I/O exception (java.net.SocketException) caught when processing request to {s}->https://www.eclipse.org:443
2026-02-11 15:58:40,599 [Worker-8: Loading available Gradle versions] INFO  o.e.b.c.i.u.g.PublishedGradleVersions - Gradle version information cache is out-of-date. Trying to update.
2026-02-11 15:58:41,377 [Worker-8: Loading available Gradle versions] INFO  o.e.b.c.i.u.g.PublishedGradleVersions - Updating Gradle version information cache failed. Using outdated cache.
2026-02-18 18:07:35,587 [Worker-1: Loading available Gradle versions] INFO  o.e.b.c.i.u.g.PublishedGradleVersions - Gradle version information cache is out-of-date. Trying to update.
2026-02-18 18:07:36,172 [Worker-1: Loading available Gradle versions] INFO  o.e.b.c.i.u.g.PublishedGradleVersions - Updating Gradle version information cache failed. Using outdated cache.
2026-02-18 22:53:16,799 [Worker-8: Loading available Gradle versions] INFO  o.e.b.c.i.u.g.PublishedGradleVersions - Gradle version information cache is out-of-date. Trying to update.
2026-02-18 22:53:17,515 [Worker-8: Loading available Gradle versions] INFO  o.e.b.c.i.u.g.PublishedGradleVersions - Updating Gradle version information cache failed. Using outdated cache.
2026-02-21 17:20:59,724 [Worker-9: Loading available Gradle versions] INFO  o.e.b.c.i.u.g.PublishedGradleVersions - Gradle version information cache is out-of-date. Trying to update.
2026-02-21 17:21:00,472 [Worker-9: Loading available Gradle versions] INFO  o.e.b.c.i.u.g.PublishedGradleVersions - Updating Gradle version information cache failed. Using outdated cache.
2026-02-23 16:11:25,951 [Worker-5: Loading available Gradle versions] INFO  o.e.b.c.i.u.g.PublishedGradleVersions - Gradle version information cache is out-of-date. Trying to update.
2026-02-23 16:11:26,516 [Worker-5: Loading available Gradle versions] INFO  o.e.b.c.i.u.g.PublishedGradleVersions - Updating Gradle version information cache failed. Using outdated cache.
2026-02-23 16:11:55,779 [Worker-11: Building] INFO  o.a.m.s.f.DefaultMavenResourcesFiltering - skip non existing resourceDirectory D:\JDBC\Bank_Management_System_GUI\src\main\resources
2026-02-23 16:11:55,785 [Worker-11: Building] INFO  o.a.m.s.f.DefaultMavenResourcesFiltering - skip non existing resourceDirectory D:\JDBC\Bank_Management_System_GUI\src\test\resources
2026-02-23 16:11:57,605 [Worker-11: Building] INFO  o.a.m.s.f.DefaultMavenResourcesFiltering - skip non existing resourceDirectory D:\JDBC\File_Encrypter\src\main\resources
2026-02-23 16:11:57,607 [Worker-11: Building] INFO  o.a.m.s.f.DefaultMavenResourcesFiltering - skip non existing resourceDirectory D:\JDBC\File_Encrypter\src\test\resources
2026-02-23 16:11:58,134 [Worker-11: Building] INFO  o.a.m.s.f.DefaultMavenResourcesFiltering - skip non existing resourceDirectory D:\JDBC\Java_MongoDB_Connection\src\main\resources
2026-02-23 16:11:58,136 [Worker-11: Building] INFO  o.a.m.s.f.DefaultMavenResourcesFiltering - skip non existing resourceDirectory D:\JDBC\Java_MongoDB_Connection\src\test\resources
2026-02-23 16:11:58,383 [Worker-11: Building] WARN  o.a.m.s.f.DefaultMavenResourcesFiltering - Using platform encoding (UTF-8 actually) to copy filtered resources, i.e. build is platform dependent!
2026-02-23 16:11:58,389 [Worker-11: Building] INFO  o.a.m.s.f.DefaultMavenResourcesFiltering - Copying 0 resource from src\main\resources to target\classes
2026-02-23 16:11:58,392 [Worker-11: Building] WARN  o.a.m.s.f.DefaultMavenResourcesFiltering - Using platform encoding (UTF-8 actually) to copy filtered resources, i.e. build is platform dependent!
2026-02-23 16:11:58,393 [Worker-11: Building] INFO  o.a.m.s.f.DefaultMavenResourcesFiltering - Copying 0 resource from src\test\resources to target\test-classes
2026-03-12 18:26:30,024 [Worker-8: Loading available Gradle versions] INFO  o.e.b.c.i.u.g.PublishedGradleVersions - Gradle version information cache is out-of-date. Trying to update.
2026-04-25 13:59:54,820 [Worker-9: Loading available Gradle versions] INFO  o.e.b.c.i.u.g.PublishedGradleVersions - Gradle version information cache is out-of-date. Trying to update.
2026-04-25 13:59:55,489 [Worker-9: Loading available Gradle versions] INFO  o.e.b.c.i.u.g.PublishedGradleVersions - Updating Gradle version information cache failed. Using outdated cache.
2026-05-09 18:44:49,807 [Worker-3: Loading available Gradle versions] INFO  o.e.b.c.i.u.g.PublishedGradleVersions - Gradle version information cache is out-of-date. Trying to update.
2026-05-09 18:44:50,492 [Worker-3: Loading available Gradle versions] INFO  o.e.b.c.i.u.g.PublishedGradleVersions - Updating Gradle version information cache failed. Using outdated cache.
2026-05-09 18:47:17,741 [Worker-16: Building] INFO  o.a.m.s.f.DefaultMavenResourcesFiltering - skip non existing resourceDirectory D:\JDBC\Bank_Management_System_GUI\src\main\resources
2026-05-09 18:47:17,748 [Worker-16: Building] INFO  o.a.m.s.f.DefaultMavenResourcesFiltering - skip non existing resourceDirectory D:\JDBC\Bank_Management_System_GUI\src\test\resources
2026-05-09 18:47:21,170 [Worker-16: Building] INFO  o.a.m.s.f.DefaultMavenResourcesFiltering - skip non existing resourceDirectory D:\JDBC\File_Encrypter\src\main\resources
2026-05-09 18:47:21,173 [Worker-16: Building] INFO  o.a.m.s.f.DefaultMavenResourcesFiltering - skip non existing resourceDirectory D:\JDBC\File_Encrypter\src\test\resources
2026-05-09 18:47:21,669 [Worker-16: Building] INFO  o.a.m.s.f.DefaultMavenResourcesFiltering - skip non existing resourceDirectory D:\JDBC\Java_MongoDB_Connection\src\main\resources
2026-05-09 18:47:21,672 [Worker-16: Building] INFO  o.a.m.s.f.DefaultMavenResourcesFiltering - skip non existing resourceDirectory D:\JDBC\Java_MongoDB_Connection\src\test\resources
2026-05-09 18:47:21,983 [Worker-16: Building] WARN  o.a.m.s.f.DefaultMavenResourcesFiltering - Using platform encoding (UTF-8 actually) to copy filtered resources, i.e. build is platform dependent!
2026-05-09 18:47:21,990 [Worker-16: Building] INFO  o.a.m.s.f.DefaultMavenResourcesFiltering - Copying 0 resource from src\main\resources to target\classes
2026-05-09 18:47:21,994 [Worker-16: Building] WARN  o.a.m.s.f.DefaultMavenResourcesFiltering - Using platform encoding (UTF-8 actually) to copy filtered resources, i.e. build is platform dependent!
2026-05-09 18:47:21,996 [Worker-16: Building] INFO  o.a.m.s.f.DefaultMavenResourcesFiltering - Copying 0 resource from src\test\resources to target\test-classes
2026-05-09 18:48:20,836 [Worker-28: Building] INFO  o.a.m.s.f.DefaultMavenResourcesFiltering - skip non existing resourceDirectory D:\JDBC\Java_MongoDB_Connection\src\main\resources
2026-05-09 18:48:20,840 [Worker-28: Building] INFO  o.a.m.s.f.DefaultMavenResourcesFiltering - skip non existing resourceDirectory D:\JDBC\Java_MongoDB_Connection\src\test\resources
2026-05-09 18:48:37,433 [Worker-14: Building] INFO  o.a.m.s.f.DefaultMavenResourcesFiltering - skip non existing resourceDirectory D:\JDBC\Java_MongoDB_Connection\src\main\resources
2026-05-09 18:48:37,438 [Worker-14: Building] INFO  o.a.m.s.f.DefaultMavenResourcesFiltering - skip non existing resourceDirectory D:\JDBC\Java_MongoDB_Connection\src\test\resources
